ISO-10303-21;
HEADER;
FILE_DESCRIPTION (( 'STEP AP214' ),
    '1' );
FILE_NAME ('ECS-3961-160-AU-TR.STEP',
    '2024-10-31T15:45:13',
    ( '' ),
    ( '' ),
    'SwSTEP 2.0',
    'SolidWorks 2021',
    '' );
FILE_SCHEMA (( 'AUTOMOTIVE_DESIGN' ));
ENDSEC;

DATA;
#1 = EDGE_CURVE ( 'NONE', #3428, #539, #3481, .T. ) ;
#2 = CARTESIAN_POINT ( 'NONE',  ( 1.570000000000000284, 0.5000000000000000000, 1.600000000000000533 ) ) ;
#3 = VERTEX_POINT ( 'NONE', #2333 ) ;
#4 = DIRECTION ( 'NONE',  ( -1.000000000000000000, 0.000000000000000000, 0.000000000000000000 ) ) ;
#5 = LINE ( 'NONE', #2343, #63 ) ;
#6 = EDGE_LOOP ( 'NONE', ( #3404, #1099, #2771, #4739, #2351, #1818, #1361 ) ) ;
#7 = DIRECTION ( 'NONE',  ( -1.000000000000000000, 0.000000000000000000, 3.614007241618346306E-16 ) ) ;
#8 = EDGE_LOOP ( 'NONE', ( #636, #420, #4203, #1241, #2892, #2267, #2362, #1281 ) ) ;
#9 = LINE ( 'NONE', #3092, #4259 ) ;
#10 = ORIENTED_EDGE ( 'NONE', *, *, #1969, .T. ) ;
#11 = ORIENTED_EDGE ( 'NONE', *, *, #943, .F. ) ;
#12 = CARTESIAN_POINT ( 'NONE',  ( -1.719999999999999973, 0.01000000000000001756, 1.600000000000000089 ) ) ;
#13 = CARTESIAN_POINT ( 'NONE',  ( 1.719999999999999973, 0.5000000000000000000, -1.600000000000000311 ) ) ;
#14 = FILL_AREA_STYLE_COLOUR ( '', #2092 ) ;
#15 = MANIFOLD_SOLID_BREP ( 'NONE', #4969 ) ;
#16 = EDGE_CURVE ( 'NONE', #2573, #259, #3602, .T. ) ;
#17 = EDGE_CURVE ( 'NONE', #3387, #298, #3104, .T. ) ;
#18 = ORIENTED_EDGE ( 'NONE', *, *, #2591, .F. ) ;
#19 = ORIENTED_EDGE ( 'NONE', *, *, #3058, .T. ) ;
#20 = LINE ( 'NONE', #1138, #4923 ) ;
#21 = DIRECTION ( 'NONE',  ( -1.000000000000000000, -0.000000000000000000, 0.000000000000000000 ) ) ;
#22 = ORIENTED_EDGE ( 'NONE', *, *, #2775, .T. ) ;
#23 = ADVANCED_FACE ( 'NONE', ( #4809 ), #3932, .F. ) ;
#24 = EDGE_LOOP ( 'NONE', ( #2012, #61, #3108, #4036 ) ) ;
#25 = ORIENTED_EDGE ( 'NONE', *, *, #3660, .T. ) ;
#26 = LINE ( 'NONE', #1579, #948 ) ;
#27 = FACE_OUTER_BOUND ( 'NONE', #811, .T. ) ;
#28 = CARTESIAN_POINT ( 'NONE',  ( 0.8200000000000005063, 0.01000000000000002623, -1.599999999999999867 ) ) ;
#29 = EDGE_CURVE ( 'NONE', #1113, #2472, #2808, .T. ) ;
#30 = VERTEX_POINT ( 'NONE', #4342 ) ;
#31 = AXIS2_PLACEMENT_3D ( 'NONE', #815, #1199, #4696 ) ;
#32 = CARTESIAN_POINT ( 'NONE',  ( -0.6700000000000001510, 0.01000000000000001756, -0.6000000000000003109 ) ) ;
#33 = ORIENTED_EDGE ( 'NONE', *, *, #4377, .T. ) ;
#34 = DIRECTION ( 'NONE',  ( -1.000000000000000000, -0.000000000000000000, -0.000000000000000000 ) ) ;
#35 = AXIS2_PLACEMENT_3D ( 'NONE', #3985, #3561, #1657 ) ;
#36 = VERTEX_POINT ( 'NONE', #3206 ) ;
#37 = VERTEX_POINT ( 'NONE', #1336 ) ;
#38 = LINE ( 'NONE', #66, #1988 ) ;
#39 = VECTOR ( 'NONE', #339, 1000.000000000000000 ) ;
#40 = DIRECTION ( 'NONE',  ( -0.000000000000000000, -1.000000000000000000, -0.000000000000000000 ) ) ;
#41 = PLANE ( 'NONE',  #1847 ) ;
#42 = PLANE ( 'NONE',  #5017 ) ;
#43 = ORIENTED_EDGE ( 'NONE', *, *, #392, .F. ) ;
#44 = VERTEX_POINT ( 'NONE', #2475 ) ;
#45 = DIRECTION ( 'NONE',  ( 0.000000000000000000, 0.000000000000000000, -1.000000000000000000 ) ) ;
#46 = PLANE ( 'NONE',  #1452 ) ;
#47 = ORIENTED_EDGE ( 'NONE', *, *, #1112, .F. ) ;
#48 = ORIENTED_EDGE ( 'NONE', *, *, #4918, .F. ) ;
#49 = AXIS2_PLACEMENT_3D ( 'NONE', #2523, #887, #4882 ) ;
#50 = CARTESIAN_POINT ( 'NONE',  ( -1.719999999999999973, 1.100000000000000089, 1.600000000000000755 ) ) ;
#51 = EDGE_LOOP ( 'NONE', ( #2996, #4227, #1631, #3915 ) ) ;
#52 = CIRCLE ( 'NONE', #2253, 0.1499999999999999667 ) ;
#53 = PLANE ( 'NONE',  #2890 ) ;
#55 = AXIS2_PLACEMENT_3D ( 'NONE', #4401, #2119, #3640 ) ;
#54 = DIRECTION ( 'NONE',  ( -1.000000000000000000, -0.000000000000000000, 1.445602896647334381E-15 ) ) ;
#56 = AXIS2_PLACEMENT_3D ( 'NONE', #3694, #1022, #4901 ) ;
#57 = ORIENTED_EDGE ( 'NONE', *, *, #4128, .T. ) ;
#58 = AXIS2_PLACEMENT_3D ( 'NONE', #3257, #934, #2484 ) ;
#59 = EDGE_CURVE ( 'NONE', #4269, #3428, #2788, .T. ) ;
#60 = LINE ( 'NONE', #1640, #4072 ) ;
#61 = ORIENTED_EDGE ( 'NONE', *, *, #3739, .F. ) ;
#62 = DIRECTION ( 'NONE',  ( 0.000000000000000000, 0.000000000000000000, -1.000000000000000000 ) ) ;
#63 = VECTOR ( 'NONE', #413, 1000.000000000000000 ) ;
#64 = VERTEX_POINT ( 'NONE', #1703 ) ;
#65 = ADVANCED_FACE ( 'NONE', ( #2106 ), #3229, .F. ) ;
#66 = CARTESIAN_POINT ( 'NONE',  ( -1.719999999999999751, -1.562049935181331506, -0.6000000000000006439 ) ) ;
#67 = VECTOR ( 'NONE', #186, 1000.000000000000000 ) ;
#68 = DIRECTION ( 'NONE',  ( -1.445602896647333395E-15, 0.000000000000000000, 1.000000000000000000 ) ) ;
#69 = DIRECTION ( 'NONE',  ( 0.000000000000000000, 0.000000000000000000, -1.000000000000000000 ) ) ;
#70 = ORIENTED_EDGE ( 'NONE', *, *, #4185, .F. ) ;
#71 = CARTESIAN_POINT ( 'NONE',  ( 0.000000000000000000, 1.100000000000000089, -1.450000000000000844 ) ) ;
#72 = CARTESIAN_POINT ( 'NONE',  ( 0.8200000000000006173, 0.01000000000000001929, 1.600000000000000089 ) ) ;
#73 = VECTOR ( 'NONE', #3355, 1000.000000000000000 ) ;
#74 = VERTEX_POINT ( 'NONE', #167 ) ;
#75 = EDGE_CURVE ( 'NONE', #2481, #1765, #1311, .T. ) ;
#76 = ORIENTED_EDGE ( 'NONE', *, *, #1080, .F. ) ;
#77 = DIRECTION ( 'NONE',  ( -7.228014483236697541E-16, 0.000000000000000000, -1.000000000000000000 ) ) ;
#78 = ORIENTED_EDGE ( 'NONE', *, *, #3010, .F. ) ;
#79 = CARTESIAN_POINT ( 'NONE',  ( 0.6700000000000000400, 0.01000000000000001929, -0.6000000000000003109 ) ) ;
#80 = FACE_OUTER_BOUND ( 'NONE', #3351, .T. ) ;
#81 = EDGE_CURVE ( 'NONE', #1153, #1881, #753, .T. ) ;
#82 = ORIENTED_EDGE ( 'NONE', *, *, #4256, .F. ) ;
#83 = CARTESIAN_POINT ( 'NONE',  ( -2.100000000000000089, 1.100000000000000089, -1.600000000000000533 ) ) ;
#84 = ORIENTED_EDGE ( 'NONE', *, *, #635, .T. ) ;
#85 = CARTESIAN_POINT ( 'NONE',  ( -1.570000000000000284, 0.5000000000000000000, 1.450000000000001288 ) ) ;
#86 = CARTESIAN_POINT ( 'NONE',  ( 0.8200000000000005063, 0.01000000000000002623, -1.599999999999999867 ) ) ;
#87 = EDGE_CURVE ( 'NONE', #44, #1838, #547, .T. ) ;
#88 = ORIENTED_EDGE ( 'NONE', *, *, #4495, .T. ) ;
#89 = PLANE ( 'NONE',  #440 ) ;
#90 = DIRECTION ( 'NONE',  ( 0.000000000000000000, -1.000000000000000000, 0.000000000000000000 ) ) ;
#91 = DIRECTION ( 'NONE',  ( -0.000000000000000000, -1.000000000000000000, -0.000000000000000000 ) ) ;
#92 = ADVANCED_FACE ( 'NONE', ( #4883 ), #4497, .F. ) ;
#93 = DIRECTION ( 'NONE',  ( -0.000000000000000000, -1.000000000000000000, -0.000000000000000000 ) ) ;
#94 = DIRECTION ( 'NONE',  ( 0.000000000000000000, 1.000000000000000000, 0.000000000000000000 ) ) ;
#95 = FACE_OUTER_BOUND ( 'NONE', #3488, .T. ) ;
#96 = ORIENTED_EDGE ( 'NONE', *, *, #4005, .T. ) ;
#97 = ORIENTED_EDGE ( 'NONE', *, *, #1952, .F. ) ;
#98 = DIRECTION ( 'NONE',  ( 0.000000000000000000, 1.000000000000000000, 0.000000000000000000 ) ) ;
#99 = ORIENTED_EDGE ( 'NONE', *, *, #1411, .T. ) ;
#100 = DIRECTION ( 'NONE',  ( 0.000000000000000000, 0.000000000000000000, -1.000000000000000000 ) ) ;
#101 = DIRECTION ( 'NONE',  ( 0.000000000000000000, 1.000000000000000000, 0.000000000000000000 ) ) ;
#102 = DIRECTION ( 'NONE',  ( 0.000000000000000000, 1.000000000000000000, 0.000000000000000000 ) ) ;
#103 = VERTEX_POINT ( 'NONE', #85 ) ;
#104 = DIRECTION ( 'NONE',  ( 0.000000000000000000, 1.000000000000000000, 0.000000000000000000 ) ) ;
#105 = ORIENTED_EDGE ( 'NONE', *, *, #487, .F. ) ;
#106 = EDGE_CURVE ( 'NONE', #1838, #617, #4748, .T. ) ;
#107 = DIRECTION ( 'NONE',  ( 0.000000000000000000, -1.000000000000000000, 0.000000000000000000 ) ) ;
#108 = CLOSED_SHELL ( 'NONE', ( #1288, #4641, #4615, #640, #1880, #3687, #357, #3963, #657, #306, #4959, #3299, #3270, #2856, #4603 ) ) ;
#109 = VERTEX_POINT ( 'NONE', #204 ) ;
#110 = DIRECTION ( 'NONE',  ( 0.000000000000000000, 1.000000000000000000, 0.000000000000000000 ) ) ;
#111 = CARTESIAN_POINT ( 'NONE',  ( -0.9700000000000006395, 10.00000000000000000, -1.600000000000000311 ) ) ;
#112 = EDGE_CURVE ( 'NONE', #1960, #1205, #993, .T. ) ;
#113 = VECTOR ( 'NONE', #4446, 1000.000000000000000 ) ;
#114 = CARTESIAN_POINT ( 'NONE',  ( 0.000000000000000000, 0.01000000000000000021, 0.000000000000000000 ) ) ;
#115 = FILL_AREA_STYLE_COLOUR ( '', #3947 ) ;
#116 = ORIENTED_EDGE ( 'NONE', *, *, #3382, .T. ) ;
#117 = AXIS2_PLACEMENT_3D ( 'NONE', #4120, #2268, #1052 ) ;
#118 = EDGE_CURVE ( 'NONE', #4611, #1644, #735, .T. ) ;
#119 = DIRECTION ( 'NONE',  ( 0.000000000000000000, 1.000000000000000000, 0.000000000000000000 ) ) ;
#120 = FACE_OUTER_BOUND ( 'NONE', #3855, .T. ) ;
#121 = ORIENTED_EDGE ( 'NONE', *, *, #373, .F. ) ;
#122 = VERTEX_POINT ( 'NONE', #1423 ) ;
#123 = EDGE_CURVE ( 'NONE', #1368, #3957, #2237, .T. ) ;
#124 = DIRECTION ( 'NONE',  ( -0.000000000000000000, -1.000000000000000000, -0.000000000000000000 ) ) ;
#125 = CARTESIAN_POINT ( 'NONE',  ( -2.099999999999999645, 1.110000000000000098, -1.450000000000000622 ) ) ;
#126 = DIRECTION ( 'NONE',  ( 0.000000000000000000, 0.000000000000000000, -1.000000000000000000 ) ) ;
#127 = FACE_OUTER_BOUND ( 'NONE', #3271, .T. ) ;
#128 = CIRCLE ( 'NONE', #610, 0.1499999999999997446 ) ;
#129 = EDGE_LOOP ( 'NONE', ( #4398, #1786, #3881, #3554 ) ) ;
#130 = CARTESIAN_POINT ( 'NONE',  ( -1.570000000000000506, 0.5000000000000000000, -1.450000000000001288 ) ) ;
#131 = VECTOR ( 'NONE', #4558, 1000.000000000000000 ) ;
#132 = EDGE_LOOP ( 'NONE', ( #1550, #402, #4257, #3792 ) ) ;
#133 = CARTESIAN_POINT ( 'NONE',  ( 0.6700000000000000400, 1.100000000000000089, 1.599999999999999867 ) ) ;
#134 = DIRECTION ( 'NONE',  ( 0.000000000000000000, 1.000000000000000000, 0.000000000000000000 ) ) ;
#135 = VECTOR ( 'NONE', #4825, 1000.000000000000000 ) ;
#136 = CIRCLE ( 'NONE', #2730, 0.1499999999999997446 ) ;
#137 = EDGE_CURVE ( 'NONE', #2443, #517, #4060, .T. ) ;
#138 = ORIENTED_EDGE ( 'NONE', *, *, #1441, .F. ) ;
#139 = CYLINDRICAL_SURFACE ( 'NONE', #3666, 0.3999999999999998557 ) ;
#140 = VECTOR ( 'NONE', #866, 1000.000000000000000 ) ;
#141 = AXIS2_PLACEMENT_3D ( 'NONE', #3489, #1961, #100 ) ;
#142 = CARTESIAN_POINT ( 'NONE',  ( -0.8200000000000005063, 0.5000000000000000000, -1.600000000000000533 ) ) ;
#143 = ORIENTED_EDGE ( 'NONE', *, *, #3567, .T. ) ;
#144 = VECTOR ( 'NONE', #3628, 1000.000000000000000 ) ;
#145 = DIRECTION ( 'NONE',  ( 0.000000000000000000, 0.000000000000000000, -1.000000000000000000 ) ) ;
#146 = LINE ( 'NONE', #2107, #4842 ) ;
#147 = LINE ( 'NONE', #4787, #4771 ) ;
#148 = EDGE_LOOP ( 'NONE', ( #949, #3564, #4200, #4067 ) ) ;
#149 = EDGE_CURVE ( 'NONE', #2648, #3132, #312, .T. ) ;
#150 = VERTEX_POINT ( 'NONE', #1046 ) ;
#151 = DIRECTION ( 'NONE',  ( -0.000000000000000000, -1.000000000000000000, -0.000000000000000000 ) ) ;
#152 = LINE ( 'NONE', #1805, #2940 ) ;
#153 = DIRECTION ( 'NONE',  ( 0.000000000000000000, -1.000000000000000000, 0.000000000000000000 ) ) ;
#154 = EDGE_CURVE ( 'NONE', #4645, #778, #4723, .T. ) ;
#155 = CIRCLE ( 'NONE', #318, 0.1499999999999995226 ) ;
#156 = ORIENTED_EDGE ( 'NONE', *, *, #3013, .F. ) ;
#157 = CARTESIAN_POINT ( 'NONE',  ( 1.719999999999999973, 0.01000000000000002623, -1.600000000000000089 ) ) ;
#158 = VERTEX_POINT ( 'NONE', #2210 ) ;
#159 = PLANE ( 'NONE',  #3122 ) ;
#160 = LINE ( 'NONE', #4402, #537 ) ;
#161 = LINE ( 'NONE', #4778, #2085 ) ;
#162 = ORIENTED_EDGE ( 'NONE', *, *, #1364, .T. ) ;
#163 = CARTESIAN_POINT ( 'NONE',  ( -0.8200000000000003952, 0.01000000000000001756, -1.600000000000000089 ) ) ;
#164 = DIRECTION ( 'NONE',  ( 0.000000000000000000, 0.000000000000000000, 1.000000000000000000 ) ) ;
#165 = ORIENTED_EDGE ( 'NONE', *, *, #276, .F. ) ;
#166 = FACE_OUTER_BOUND ( 'NONE', #4292, .T. ) ;
#167 = CARTESIAN_POINT ( 'NONE',  ( 2.500000000000000000, 1.100000000000000089, 0.6999999999999999556 ) ) ;
#168 = CARTESIAN_POINT ( 'NONE',  ( 1.870000000000000551, 0.01000000000000002623, -1.600000000000000311 ) ) ;
#169 = CARTESIAN_POINT ( 'NONE',  ( -1.570000000000000506, 1.100000000000000089, 1.450000000000001288 ) ) ;
#170 = ORIENTED_EDGE ( 'NONE', *, *, #1235, .T. ) ;
#171 = EDGE_LOOP ( 'NONE', ( #575, #2233, #2753, #2230 ) ) ;
#172 = VERTEX_POINT ( 'NONE', #3365 ) ;
#173 = ADVANCED_FACE ( 'NONE', ( #4951 ), #1093, .F. ) ;
#174 = PLANE ( 'NONE',  #3210 ) ;
#175 = DIRECTION ( 'NONE',  ( 0.000000000000000000, 0.000000000000000000, -1.000000000000000000 ) ) ;
#176 = LINE ( 'NONE', #3238, #2487 ) ;
#177 = EDGE_LOOP ( 'NONE', ( #3057, #707, #4618, #3433 ) ) ;
#178 = DIRECTION ( 'NONE',  ( 0.000000000000000000, -0.000000000000000000, 1.000000000000000000 ) ) ;
#179 = ORIENTED_EDGE ( 'NONE', *, *, #149, .T. ) ;
#180 = EDGE_CURVE ( 'NONE', #1205, #4568, #3260, .T. ) ;
#181 = DIRECTION ( 'NONE',  ( 0.000000000000000000, 0.000000000000000000, -1.000000000000000000 ) ) ;
#182 = CARTESIAN_POINT ( 'NONE',  ( -2.100000000000000089, 7.985164807134504272, 1.400000000000000799 ) ) ;
#183 = DIRECTION ( 'NONE',  ( -0.000000000000000000, -1.000000000000000000, -0.000000000000000000 ) ) ;
#184 = ORIENTED_EDGE ( 'NONE', *, *, #3230, .F. ) ;
#185 = CARTESIAN_POINT ( 'NONE',  ( 2.500000000000000000, 1.100000000000000089, 1.599999999999999645 ) ) ;
#186 = DIRECTION ( 'NONE',  ( 0.000000000000000000, 0.000000000000000000, 1.000000000000000000 ) ) ;
#187 = ORIENTED_EDGE ( 'NONE', *, *, #3479, .F. ) ;
#188 = CARTESIAN_POINT ( 'NONE',  ( -0.9700000000000004174, 1.100000000000000089, -1.450000000000000844 ) ) ;
#189 = LINE ( 'NONE', #901, #1773 ) ;
#190 = LINE ( 'NONE', #522, #1624 ) ;
#191 = ORIENTED_EDGE ( 'NONE', *, *, #3907, .F. ) ;
#192 = CIRCLE ( 'NONE', #1330, 0.1499999999999997446 ) ;
#193 = ORIENTED_EDGE ( 'NONE', *, *, #1273, .T. ) ;
#194 = ADVANCED_FACE ( 'NONE', ( #460 ), #2689, .F. ) ;
#195 = VECTOR ( 'NONE', #1990, 1000.000000000000000 ) ;
#196 = DIRECTION ( 'NONE',  ( 0.000000000000000000, -0.000000000000000000, -1.000000000000000000 ) ) ;
#197 = DIRECTION ( 'NONE',  ( 1.000000000000000000, -0.000000000000000000, 0.000000000000000000 ) ) ;
#198 = CARTESIAN_POINT ( 'NONE',  ( 2.500000000000000000, 1.100000000000000089, 0.2999999999999996558 ) ) ;
#199 = VECTOR ( 'NONE', #2864, 1000.000000000000000 ) ;
#200 = EDGE_CURVE ( 'NONE', #2448, #931, #5001, .T. ) ;
#201 = CARTESIAN_POINT ( 'NONE',  ( 1.570000000000000506, 1.100000000000000089, -1.450000000000000844 ) ) ;
#202 = ORIENTED_EDGE ( 'NONE', *, *, #4731, .F. ) ;
#203 = DIRECTION ( 'NONE',  ( -4.336808689942019708E-16, -0.000000000000000000, 1.000000000000000000 ) ) ;
#204 = CARTESIAN_POINT ( 'NONE',  ( 1.870000000000000551, 0.01000000000000001929, -0.6000000000000007550 ) ) ;
#206 =( GEOMETRIC_REPRESENTATION_CONTEXT ( 3 ) GLOBAL_UNCERTAINTY_ASSIGNED_CONTEXT ( ( #1605 ) ) GLOBAL_UNIT_ASSIGNED_CONTEXT ( ( #1551, #2741, #756 ) ) REPRESENTATION_CONTEXT ( 'NONE', 'WORKASPACE' ) );
#205 = CARTESIAN_POINT ( 'NONE',  ( 1.719999999999999973, 0.01000000000000000021, 0.000000000000000000 ) ) ;
#207 = DIRECTION ( 'NONE',  ( 0.000000000000000000, -1.000000000000000000, 0.000000000000000000 ) ) ;
#208 = EDGE_CURVE ( 'NONE', #1715, #3892, #2014, .T. ) ;
#209 = ORIENTED_EDGE ( 'NONE', *, *, #3623, .F. ) ;
#210 = LINE ( 'NONE', #3344, #4580 ) ;
#211 = VECTOR ( 'NONE', #164, 1000.000000000000000 ) ;
#212 = AXIS2_PLACEMENT_3D ( 'NONE', #185, #4380, #2100 ) ;
#213 = EDGE_CURVE ( 'NONE', #1489, #2606, #1937, .T. ) ;
#214 = ORIENTED_EDGE ( 'NONE', *, *, #1817, .T. ) ;
#215 = CARTESIAN_POINT ( 'NONE',  ( 1.719999999999999973, -1.562049935181331506, -1.600000000000000089 ) ) ;
#216 = VECTOR ( 'NONE', #873, 1000.000000000000000 ) ;
#217 = AXIS2_PLACEMENT_3D ( 'NONE', #728, #4550, #1443 ) ;
#218 = SURFACE_STYLE_FILL_AREA ( #1268 ) ;
#219 = CARTESIAN_POINT ( 'NONE',  ( -2.100000000000000089, 7.985164807134504272, -1.200000000000000622 ) ) ;
#220 = LINE ( 'NONE', #4839, #479 ) ;
#221 = CIRCLE ( 'NONE', #4338, 0.1499999999999997446 ) ;
#222 = VECTOR ( 'NONE', #2375, 1000.000000000000000 ) ;
#223 = VERTEX_POINT ( 'NONE', #4664 ) ;
#224 = LINE ( 'NONE', #2981, #3686 ) ;
#225 = DIRECTION ( 'NONE',  ( 0.000000000000000000, -0.000000000000000000, 1.000000000000000000 ) ) ;
#226 = CARTESIAN_POINT ( 'NONE',  ( 2.299999999999998934, 7.985164807134504272, -1.200000000000000400 ) ) ;
#227 = EDGE_CURVE ( 'NONE', #2308, #3120, #2713, .T. ) ;
#228 = PRODUCT_DEFINITION ( 'UNKNOWN', '', #886, #2258 ) ;
#229 = LINE ( 'NONE', #1470, #3749 ) ;
#230 = ORIENTED_EDGE ( 'NONE', *, *, #2532, .T. ) ;
#231 = LINE ( 'NONE', #1739, #693 ) ;
#232 = PLANE ( 'NONE',  #2643 ) ;
#233 = ADVANCED_FACE ( 'NONE', ( #27 ), #1580, .F. ) ;
#234 = EDGE_CURVE ( 'NONE', #4645, #1939, #4716, .T. ) ;
#235 = DIRECTION ( 'NONE',  ( 0.000000000000000000, 0.000000000000000000, -1.000000000000000000 ) ) ;
#236 = COLOUR_RGB ( '',0.9686274509803921573, 0.8784313725490195957, 0.5999999999999999778 ) ;
#237 = ORIENTED_EDGE ( 'NONE', *, *, #629, .T. ) ;
#238 = DIRECTION ( 'NONE',  ( -0.000000000000000000, -1.000000000000000000, -0.000000000000000000 ) ) ;
#239 = LINE ( 'NONE', #4753, #4910 ) ;
#240 = AXIS2_PLACEMENT_3D ( 'NONE', #2328, #1156, #3822 ) ;
#241 = EDGE_CURVE ( 'NONE', #517, #553, #2744, .T. ) ;
#242 = DIRECTION ( 'NONE',  ( -3.316902608485481668E-16, 0.000000000000000000, 1.000000000000000000 ) ) ;
#243 = ORIENTED_EDGE ( 'NONE', *, *, #1441, .T. ) ;
#244 = PLANE ( 'NONE',  #3580 ) ;
#245 = DIRECTION ( 'NONE',  ( 0.000000000000000000, 1.000000000000000000, 0.000000000000000000 ) ) ;
#246 = EDGE_CURVE ( 'NONE', #5016, #3547, #511, .T. ) ;
#247 = CARTESIAN_POINT ( 'NONE',  ( -0.9700000000000005285, 1.100000000000000311, 1.450000000000000622 ) ) ;
#248 = DIRECTION ( 'NONE',  ( 0.000000000000000000, 0.000000000000000000, -1.000000000000000000 ) ) ;
#249 = EDGE_LOOP ( 'NONE', ( #4255, #4843, #3918, #237, #4391, #426, #679, #1568 ) ) ;
#250 = ORIENTED_EDGE ( 'NONE', *, *, #149, .F. ) ;
#251 = CARTESIAN_POINT ( 'NONE',  ( 2.500000000000000888, 1.100000000000000089, -1.599999999999998312 ) ) ;
#252 = LINE ( 'NONE', #2983, #3702 ) ;
#253 = CARTESIAN_POINT ( 'NONE',  ( -2.100000000000000089, 1.110000000000000098, 1.200000000000000844 ) ) ;
#254 = ORIENTED_EDGE ( 'NONE', *, *, #4037, .F. ) ;
#255 = CARTESIAN_POINT ( 'NONE',  ( -1.570000000000000284, 10.00000000000000000, 1.450000000000000844 ) ) ;
#256 = DIRECTION ( 'NONE',  ( 0.000000000000000000, 0.000000000000000000, 1.000000000000000000 ) ) ;
#257 = DIRECTION ( 'NONE',  ( 0.000000000000000000, 1.000000000000000000, 0.000000000000000000 ) ) ;
#258 = DIRECTION ( 'NONE',  ( 1.000000000000000000, 0.000000000000000000, -0.000000000000000000 ) ) ;
#259 = VERTEX_POINT ( 'NONE', #2038 ) ;
#260 = EDGE_CURVE ( 'NONE', #4553, #3518, #2769, .T. ) ;
#261 = CARTESIAN_POINT ( 'NONE',  ( 0.000000000000000000, 1.100000000000000089, -1.600000000000000311 ) ) ;
#262 = ORIENTED_EDGE ( 'NONE', *, *, #2346, .T. ) ;
#263 = SURFACE_STYLE_USAGE ( .BOTH. , #999 ) ;
#264 = ORIENTED_EDGE ( 'NONE', *, *, #2660, .T. ) ;
#265 = EDGE_CURVE ( 'NONE', #2936, #74, #1145, .T. ) ;
#266 = CARTESIAN_POINT ( 'NONE',  ( 2.099999999999998757, 1.100000000000000089, 1.600000000000000755 ) ) ;
#267 = CARTESIAN_POINT ( 'NONE',  ( 1.719999999999999973, 10.00000000000000000, 1.600000000000000533 ) ) ;
#268 = LINE ( 'NONE', #621, #4340 ) ;
#269 = ORIENTED_EDGE ( 'NONE', *, *, #4765, .F. ) ;
#270 = VECTOR ( 'NONE', #4613, 1000.000000000000000 ) ;
#271 = ADVANCED_FACE ( 'NONE', ( #601 ), #4040, .F. ) ;
#272 = CYLINDRICAL_SURFACE ( 'NONE', #2644, 0.1499999999999997446 ) ;
#273 = CARTESIAN_POINT ( 'NONE',  ( 0.000000000000000000, 0.01000000000000000021, 0.000000000000000000 ) ) ;
#274 = CARTESIAN_POINT ( 'NONE',  ( 2.499999999999998224, 1.110000000000000098, 1.200000000000000844 ) ) ;
#275 = AXIS2_PLACEMENT_3D ( 'NONE', #4369, #987, #1684 ) ;
#276 = EDGE_CURVE ( 'NONE', #2657, #3494, #4385, .T. ) ;
#277 = CIRCLE ( 'NONE', #3023, 0.2000000000000000944 ) ;
#278 = LINE ( 'NONE', #2935, #3754 ) ;
#279 = ORIENTED_EDGE ( 'NONE', *, *, #493, .T. ) ;
#280 = FACE_OUTER_BOUND ( 'NONE', #1688, .T. ) ;
#281 = PLANE ( 'NONE',  #1269 ) ;
#282 = ORIENTED_EDGE ( 'NONE', *, *, #4438, .T. ) ;
#283 = LINE ( 'NONE', #3012, #4896 ) ;
#284 = AXIS2_PLACEMENT_3D ( 'NONE', #432, #4968, #1495 ) ;
#285 = ORIENTED_EDGE ( 'NONE', *, *, #951, .T. ) ;
#286 = CARTESIAN_POINT ( 'NONE',  ( -1.870000000000000329, 0.5000000000000000000, 0.9462562514124842616 ) ) ;
#287 = ORIENTED_EDGE ( 'NONE', *, *, #4918, .T. ) ;
#288 = ADVANCED_FACE ( 'NONE', ( #4394 ), #4427, .F. ) ;
#289 = CIRCLE ( 'NONE', #1349, 0.3999999999999998557 ) ;
#290 = VERTEX_POINT ( 'NONE', #4768 ) ;
#291 = CARTESIAN_POINT ( 'NONE',  ( 2.099999999999999201, 1.110000000000000098, -1.600000000000000311 ) ) ;
#292 = CYLINDRICAL_SURFACE ( 'NONE', #1761, 0.2000000000000002054 ) ;
#293 = AXIS2_PLACEMENT_3D ( 'NONE', #3671, #3744, #4464 ) ;
#294 = VECTOR ( 'NONE', #2170, 1000.000000000000000 ) ;
#295 = CARTESIAN_POINT ( 'NONE',  ( -2.500000000000000000, 0.000000000000000000, -0.6999999999999992895 ) ) ;
#296 = CYLINDRICAL_SURFACE ( 'NONE', #483, 0.1499999999999997446 ) ;
#297 = CIRCLE ( 'NONE', #3765, 0.1499999999999999667 ) ;
#298 = VERTEX_POINT ( 'NONE', #1759 ) ;
#299 = VECTOR ( 'NONE', #1465, 1000.000000000000000 ) ;
#300 = EDGE_LOOP ( 'NONE', ( #1851, #1945, #969, #4906 ) ) ;
#301 = VECTOR ( 'NONE', #1855, 1000.000000000000000 ) ;
#302 = CARTESIAN_POINT ( 'NONE',  ( 0.9700000000000006395, 1.100000000000000311, -1.450000000000000622 ) ) ;
#303 = LINE ( 'NONE', #4921, #3101 ) ;
#305 = AXIS2_PLACEMENT_3D ( 'NONE', #1006, #2176, #1484 ) ;
#304 = DIRECTION ( 'NONE',  ( 0.000000000000000000, 0.000000000000000000, -1.000000000000000000 ) ) ;
#306 = ADVANCED_FACE ( 'NONE', ( #4016 ), #3286, .F. ) ;
#307 = ORIENTED_EDGE ( 'NONE', *, *, #3225, .T. ) ;
#308 = AXIS2_PLACEMENT_3D ( 'NONE', #2145, #3119, #1943 ) ;
#309 = CARTESIAN_POINT ( 'NONE',  ( -1.870000000000000107, -1.562049935181331506, -0.6000000000000007550 ) ) ;
#310 = ORIENTED_EDGE ( 'NONE', *, *, #552, .T. ) ;
#311 = LINE ( 'NONE', #1906, #3680 ) ;
#312 = LINE ( 'NONE', #4515, #4888 ) ;
#313 = DIRECTION ( 'NONE',  ( 1.000000000000000000, -0.000000000000000000, 4.336808689942019708E-16 ) ) ;
#314 = EDGE_CURVE ( 'NONE', #3957, #4288, #2888, .T. ) ;
#315 = VERTEX_POINT ( 'NONE', #2113 ) ;
#316 = FACE_OUTER_BOUND ( 'NONE', #2774, .T. ) ;
#317 = EDGE_LOOP ( 'NONE', ( #453, #1722, #99, #2978 ) ) ;
#318 = AXIS2_PLACEMENT_3D ( 'NONE', #4533, #1417, #4507 ) ;
#319 = DIRECTION ( 'NONE',  ( -1.000000000000000000, -0.000000000000000000, 0.000000000000000000 ) ) ;
#320 = VERTEX_POINT ( 'NONE', #4792 ) ;
#321 = CARTESIAN_POINT ( 'NONE',  ( 0.6700000000000001510, 0.000000000000000000, 0.000000000000000000 ) ) ;
#322 = DIRECTION ( 'NONE',  ( -0.000000000000000000, -1.000000000000000000, -0.000000000000000000 ) ) ;
#323 = CARTESIAN_POINT ( 'NONE',  ( 2.099999999999999201, 1.110000000000000098, 1.600000000000000755 ) ) ;
#324 = CARTESIAN_POINT ( 'NONE',  ( 1.570000000000000284, 1.109999999999999876, 1.600000000000000533 ) ) ;
#325 = FACE_OUTER_BOUND ( 'NONE', #1121, .T. ) ;
#326 = ORIENTED_EDGE ( 'NONE', *, *, #1259, .T. ) ;
#327 = EDGE_CURVE ( 'NONE', #1017, #4178, #1342, .T. ) ;
#328 = DIRECTION ( 'NONE',  ( 1.000000000000000000, -0.000000000000000000, 1.084202172485504927E-16 ) ) ;
#329 = LINE ( 'NONE', #3054, #4854 ) ;
#330 = UNCERTAINTY_MEASURE_WITH_UNIT (LENGTH_MEASURE( 1.000000000000000082E-05 ), #3902, 'distance_accuracy_value', 'NONE');
#331 = ORIENTED_EDGE ( 'NONE', *, *, #3937, .T. ) ;
#332 = EDGE_CURVE ( 'NONE', #4239, #488, #192, .T. ) ;
#333 = CARTESIAN_POINT ( 'NONE',  ( -0.6700000000000000400, 0.000000000000000000, 1.599999999999999867 ) ) ;
#334 = VERTEX_POINT ( 'NONE', #1371 ) ;
#335 = FACE_OUTER_BOUND ( 'NONE', #2017, .T. ) ;
#336 = DIRECTION ( 'NONE',  ( 0.000000000000000000, 0.000000000000000000, -1.000000000000000000 ) ) ;
#337 = ORIENTED_EDGE ( 'NONE', *, *, #457, .T. ) ;
#338 = ADVANCED_FACE ( 'NONE', ( #4454 ), #1734, .F. ) ;
#339 = DIRECTION ( 'NONE',  ( -1.000000000000000000, -0.000000000000000000, 0.000000000000000000 ) ) ;
#340 = PLANE ( 'NONE',  #940 ) ;
#341 = ORIENTED_EDGE ( 'NONE', *, *, #4366, .T. ) ;
#342 = ORIENTED_EDGE ( 'NONE', *, *, #2133, .F. ) ;
#343 = CARTESIAN_POINT ( 'NONE',  ( 1.870000000000000107, 0.01000000000000002623, -0.6000000000000007550 ) ) ;
#344 = CARTESIAN_POINT ( 'NONE',  ( -2.500000000000000000, 0.000000000000000000, 0.6999999999999992895 ) ) ;
#345 = DIRECTION ( 'NONE',  ( 0.000000000000000000, 1.000000000000000000, -0.000000000000000000 ) ) ;
#346 = VERTEX_POINT ( 'NONE', #2530 ) ;
#347 = ORIENTED_EDGE ( 'NONE', *, *, #4659, .T. ) ;
#348 = FACE_OUTER_BOUND ( 'NONE', #3275, .T. ) ;
#349 = CARTESIAN_POINT ( 'NONE',  ( 0.9700000000000006395, 1.109999999999999876, -1.600000000000000311 ) ) ;
#350 = DIRECTION ( 'NONE',  ( 0.000000000000000000, 0.000000000000000000, -1.000000000000000000 ) ) ;
#351 = VECTOR ( 'NONE', #1636, 1000.000000000000000 ) ;
#352 = ORIENTED_EDGE ( 'NONE', *, *, #4894, .F. ) ;
#353 = CARTESIAN_POINT ( 'NONE',  ( 2.500000000000000000, 0.01000000000000002623, -1.600000000000000533 ) ) ;
#354 = AXIS2_PLACEMENT_3D ( 'NONE', #2946, #3798, #4126 ) ;
#355 = CARTESIAN_POINT ( 'NONE',  ( -2.100000000000000089, 1.110000000000000098, 1.200000000000000844 ) ) ;
#356 = FACE_OUTER_BOUND ( 'NONE', #4954, .T. ) ;
#357 = ADVANCED_FACE ( 'NONE', ( #965 ), #908, .F. ) ;
#358 = VECTOR ( 'NONE', #1663, 1000.000000000000000 ) ;
#359 = ORIENTED_EDGE ( 'NONE', *, *, #118, .T. ) ;
#360 = LINE ( 'NONE', #3443, #1900 ) ;
#361 = ORIENTED_EDGE ( 'NONE', *, *, #1239, .T. ) ;
#362 = VECTOR ( 'NONE', #531, 1000.000000000000000 ) ;
#363 = CARTESIAN_POINT ( 'NONE',  ( -2.500000000000000000, 1.100000000000000089, -1.599999999999998979 ) ) ;
#364 = ORIENTED_EDGE ( 'NONE', *, *, #4025, .F. ) ;
#365 = ADVANCED_FACE ( 'NONE', ( #4741 ), #3258, .F. ) ;
#366 = ORIENTED_EDGE ( 'NONE', *, *, #106, .F. ) ;
#367 = AXIS2_PLACEMENT_3D ( 'NONE', #2, #3111, #4193 ) ;
#368 = LINE ( 'NONE', #3923, #1985 ) ;
#369 = DIRECTION ( 'NONE',  ( -0.000000000000000000, -0.000000000000000000, 1.000000000000000000 ) ) ;
#370 = CARTESIAN_POINT ( 'NONE',  ( 0.6700000000000001510, 0.5000000000000000000, -0.6000000000000003109 ) ) ;
#371 = CARTESIAN_POINT ( 'NONE',  ( 2.500000000000000000, 0.000000000000000000, -1.399999999999998135 ) ) ;
#372 = VECTOR ( 'NONE', #3464, 1000.000000000000000 ) ;
#373 = EDGE_CURVE ( 'NONE', #553, #2508, #889, .T. ) ;
#374 = ORIENTED_EDGE ( 'NONE', *, *, #4894, .T. ) ;
#375 = CARTESIAN_POINT ( 'NONE',  ( -2.100000000000000089, 1.300000000000000044, -1.200000000000000622 ) ) ;
#376 = LINE ( 'NONE', #1161, #1049 ) ;
#377 = DIRECTION ( 'NONE',  ( -1.084202172485504927E-16, 0.000000000000000000, 1.000000000000000000 ) ) ;
#378 = CIRCLE ( 'NONE', #4994, 0.2000000000000003164 ) ;
#379 = EDGE_LOOP ( 'NONE', ( #758, #4582, #1649, #1966 ) ) ;
#380 = LINE ( 'NONE', #1575, #372 ) ;
#381 = VECTOR ( 'NONE', #2531, 1000.000000000000000 ) ;
#382 = VECTOR ( 'NONE', #3911, 1000.000000000000000 ) ;
#383 = ORIENTED_EDGE ( 'NONE', *, *, #906, .F. ) ;
#384 = EDGE_CURVE ( 'NONE', #1260, #2277, #152, .T. ) ;
#385 = DIRECTION ( 'NONE',  ( 0.000000000000000000, -0.000000000000000000, 1.000000000000000000 ) ) ;
#386 = CARTESIAN_POINT ( 'NONE',  ( 0.9700000000000006395, 10.00000000000000000, 1.450000000000000400 ) ) ;
#387 = AXIS2_PLACEMENT_3D ( 'NONE', #324, #643, #2976 ) ;
#388 = ORIENTED_EDGE ( 'NONE', *, *, #4975, .T. ) ;
#389 = CARTESIAN_POINT ( 'NONE',  ( -1.870000000000000773, 0.01000000000000002623, -1.600000000000000089 ) ) ;
#390 = ADVANCED_FACE ( 'NONE', ( #4474 ), #3758, .F. ) ;
#391 = ORIENTED_EDGE ( 'NONE', *, *, #3549, .F. ) ;
#392 = EDGE_CURVE ( 'NONE', #3310, #2669, #2554, .T. ) ;
#393 = LINE ( 'NONE', #3398, #2723 ) ;
#394 = VERTEX_POINT ( 'NONE', #2155 ) ;
#395 = ORIENTED_EDGE ( 'NONE', *, *, #2348, .F. ) ;
#396 = DIRECTION ( 'NONE',  ( -1.000000000000000000, 0.000000000000000000, -7.228014483236692611E-16 ) ) ;
#397 = PLANE ( 'NONE',  #2317 ) ;
#398 = EDGE_CURVE ( 'NONE', #4291, #2364, #4089, .T. ) ;
#399 = DIRECTION ( 'NONE',  ( 1.445602896647334381E-15, 0.000000000000000000, -1.000000000000000000 ) ) ;
#400 = FACE_OUTER_BOUND ( 'NONE', #3983, .T. ) ;
#401 = AXIS2_PLACEMENT_3D ( 'NONE', #832, #1189, #2737 ) ;
#402 = ORIENTED_EDGE ( 'NONE', *, *, #1672, .F. ) ;
#403 = ADVANCED_FACE ( 'NONE', ( #3684 ), #2932, .T. ) ;
#404 = VERTEX_POINT ( 'NONE', #4532 ) ;
#405 = DIRECTION ( 'NONE',  ( -0.000000000000000000, -0.000000000000000000, 1.000000000000000000 ) ) ;
#406 = CARTESIAN_POINT ( 'NONE',  ( -1.870000000000000551, -1.562049935181331506, 1.600000000000000311 ) ) ;
#407 = EDGE_LOOP ( 'NONE', ( #1677, #3894, #3246, #2392 ) ) ;
#408 = VERTEX_POINT ( 'NONE', #3332 ) ;
#409 = LINE ( 'NONE', #3326, #4746 ) ;
#410 = ORIENTED_EDGE ( 'NONE', *, *, #3598, .F. ) ;
#411 = DIRECTION ( 'NONE',  ( 1.000000000000000000, 0.000000000000000000, -0.000000000000000000 ) ) ;
#412 = CARTESIAN_POINT ( 'NONE',  ( 0.6700000000000000400, 0.01000000000000002623, 1.599999999999999867 ) ) ;
#413 = DIRECTION ( 'NONE',  ( 1.000000000000000000, 0.000000000000000000, -1.301042606982605321E-16 ) ) ;
#414 = EDGE_LOOP ( 'NONE', ( #3218, #4849, #4887, #4373 ) ) ;
#415 = FACE_OUTER_BOUND ( 'NONE', #3949, .T. ) ;
#416 = ORIENTED_EDGE ( 'NONE', *, *, #2820, .F. ) ;
#417 = DIRECTION ( 'NONE',  ( -0.000000000000000000, -1.000000000000000000, -0.000000000000000000 ) ) ;
#418 = EDGE_LOOP ( 'NONE', ( #3168, #3170, #3503, #3959, #4895 ) ) ;
#419 = EDGE_CURVE ( 'NONE', #3028, #4677, #703, .T. ) ;
#420 = ORIENTED_EDGE ( 'NONE', *, *, #689, .F. ) ;
#421 = FACE_OUTER_BOUND ( 'NONE', #4764, .T. ) ;
#422 = CARTESIAN_POINT ( 'NONE',  ( 0.8200000000000006173, 0.000000000000000000, -1.600000000000000089 ) ) ;
#423 = LINE ( 'NONE', #1950, #2668 ) ;
#424 = ADVANCED_FACE ( 'NONE', ( #1782 ), #4867, .F. ) ;
#425 = VERTEX_POINT ( 'NONE', #3730 ) ;
#426 = ORIENTED_EDGE ( 'NONE', *, *, #4933, .T. ) ;
#427 = FACE_OUTER_BOUND ( 'NONE', #414, .T. ) ;
#428 = LINE ( 'NONE', #3136, #2904 ) ;
#429 = ORIENTED_EDGE ( 'NONE', *, *, #213, .T. ) ;
#430 = EDGE_CURVE ( 'NONE', #3802, #4472, #673, .T. ) ;
#431 = VERTEX_POINT ( 'NONE', #1416 ) ;
#432 = CARTESIAN_POINT ( 'NONE',  ( -1.570000000000000284, 0.5000000000000000000, 1.600000000000000755 ) ) ;
#433 = VERTEX_POINT ( 'NONE', #4134 ) ;
#434 = CARTESIAN_POINT ( 'NONE',  ( 1.570000000000000284, -1.562049935181331506, -1.600000000000000533 ) ) ;
#435 = CARTESIAN_POINT ( 'NONE',  ( -0.8200000000000005063, -3.203513695928269733, -1.600000000000000311 ) ) ;
#436 = ORIENTED_EDGE ( 'NONE', *, *, #2557, .T. ) ;
#437 = LINE ( 'NONE', #83, #4065 ) ;
#438 = ORIENTED_EDGE ( 'NONE', *, *, #3458, .T. ) ;
#439 = DIRECTION ( 'NONE',  ( 0.000000000000000000, 1.000000000000000000, 0.000000000000000000 ) ) ;
#440 = AXIS2_PLACEMENT_3D ( 'NONE', #2353, #876, #1995 ) ;
#441 = DIRECTION ( 'NONE',  ( 0.000000000000000000, 1.000000000000000000, 0.000000000000000000 ) ) ;
#442 = VECTOR ( 'NONE', #3916, 1000.000000000000000 ) ;
#443 = DIRECTION ( 'NONE',  ( -0.000000000000000000, -1.000000000000000000, 0.000000000000000000 ) ) ;
#444 = EDGE_CURVE ( 'NONE', #2261, #2448, #1040, .T. ) ;
#445 = SURFACE_STYLE_USAGE ( .BOTH. , #3853 ) ;
#446 = CARTESIAN_POINT ( 'NONE',  ( 1.870000000000000329, 0.000000000000000000, 1.599999999999999867 ) ) ;
#447 = ADVANCED_FACE ( 'NONE', ( #4109 ), #2205, .T. ) ;
#448 = ORIENTED_EDGE ( 'NONE', *, *, #1193, .F. ) ;
#449 = ORIENTED_EDGE ( 'NONE', *, *, #1214, .T. ) ;
#450 = CARTESIAN_POINT ( 'NONE',  ( -0.6700000000000001510, 0.5000000000000000000, -0.6000000000000003109 ) ) ;
#451 = CARTESIAN_POINT ( 'NONE',  ( -1.870000000000000551, 0.000000000000000000, 0.9462562514124844837 ) ) ;
#452 = ORIENTED_EDGE ( 'NONE', *, *, #3324, .F. ) ;
#453 = ORIENTED_EDGE ( 'NONE', *, *, #818, .T. ) ;
#454 = VECTOR ( 'NONE', #2435, 1000.000000000000000 ) ;
#455 = LINE ( 'NONE', #1776, #1345 ) ;
#456 = ORIENTED_EDGE ( 'NONE', *, *, #4221, .F. ) ;
#457 = EDGE_CURVE ( 'NONE', #2371, #4801, #303, .T. ) ;
#458 = VECTOR ( 'NONE', #2067, 1000.000000000000000 ) ;
#459 = FACE_OUTER_BOUND ( 'NONE', #4930, .T. ) ;
#460 = FACE_OUTER_BOUND ( 'NONE', #4898, .T. ) ;
#462 = AXIS2_PLACEMENT_3D ( 'NONE', #2901, #1357, #3247 ) ;
#461 = PLANE ( 'NONE',  #4674 ) ;
#463 = VECTOR ( 'NONE', #2191, 1000.000000000000000 ) ;
#464 = ORIENTED_EDGE ( 'NONE', *, *, #327, .F. ) ;
#465 = AXIS2_PLACEMENT_3D ( 'NONE', #4217, #4715, #4663 ) ;
#466 = CARTESIAN_POINT ( 'NONE',  ( 0.9700000000000004174, 0.5000000000000000000, -1.450000000000000400 ) ) ;
#467 = ORIENTED_EDGE ( 'NONE', *, *, #4820, .T. ) ;
#468 = ADVANCED_FACE ( 'NONE', ( #2982 ), #1064, .F. ) ;
#469 = CARTESIAN_POINT ( 'NONE',  ( -0.9700000000000004174, 0.5000000000000000000, 1.450000000000000400 ) ) ;
#470 = AXIS2_PLACEMENT_3D ( 'NONE', #2430, #119, #2225 ) ;
#471 = CARTESIAN_POINT ( 'NONE',  ( -0.6700000000000000400, 0.01000000000000002623, 1.599999999999999867 ) ) ;
#472 = CARTESIAN_POINT ( 'NONE',  ( -1.570000000000000284, 1.100000000000000089, -1.450000000000001066 ) ) ;
#473 = PLANE ( 'NONE',  #4425 ) ;
#474 = CARTESIAN_POINT ( 'NONE',  ( 1.570000000000000284, 0.5000000000000000000, 1.450000000000000844 ) ) ;
#475 = ORIENTED_EDGE ( 'NONE', *, *, #4543, .T. ) ;
#476 = DIRECTION ( 'NONE',  ( 0.000000000000000000, 1.000000000000000000, 0.000000000000000000 ) ) ;
#477 = DIRECTION ( 'NONE',  ( 0.000000000000000000, 0.000000000000000000, -1.000000000000000000 ) ) ;
#478 = DIRECTION ( 'NONE',  ( 1.000000000000000000, 0.000000000000000000, 3.614007241618350743E-16 ) ) ;
#479 = VECTOR ( 'NONE', #3629, 1000.000000000000000 ) ;
#480 = VERTEX_POINT ( 'NONE', #590 ) ;
#481 = ORIENTED_EDGE ( 'NONE', *, *, #795, .T. ) ;
#482 = EDGE_CURVE ( 'NONE', #4677, #3957, #3980, .T. ) ;
#483 = AXIS2_PLACEMENT_3D ( 'NONE', #3379, #1849, #3706 ) ;
#484 = CARTESIAN_POINT ( 'NONE',  ( -2.100000000000000089, 1.110000000000000098, -1.600000000000000311 ) ) ;
#485 = DIRECTION ( 'NONE',  ( 0.000000000000000000, 0.000000000000000000, 1.000000000000000000 ) ) ;
#486 = DIRECTION ( 'NONE',  ( 1.000000000000000000, 0.000000000000000000, -0.000000000000000000 ) ) ;
#487 = EDGE_CURVE ( 'NONE', #334, #3975, #570, .T. ) ;
#488 = VERTEX_POINT ( 'NONE', #188 ) ;
#489 = DIRECTION ( 'NONE',  ( 0.000000000000000000, 1.000000000000000000, 0.000000000000000000 ) ) ;
#490 = ORIENTED_EDGE ( 'NONE', *, *, #497, .T. ) ;
#491 = DIRECTION ( 'NONE',  ( -1.000000000000000000, 0.000000000000000000, 0.000000000000000000 ) ) ;
#492 = DIRECTION ( 'NONE',  ( -1.000000000000000000, 0.000000000000000000, 1.084202172485504927E-16 ) ) ;
#493 = EDGE_CURVE ( 'NONE', #1941, #2364, #3703, .T. ) ;
#494 = ORIENTED_EDGE ( 'NONE', *, *, #4336, .F. ) ;
#495 = DIRECTION ( 'NONE',  ( 0.000000000000000000, -0.000000000000000000, 1.000000000000000000 ) ) ;
#496 = DIRECTION ( 'NONE',  ( -0.000000000000000000, 0.000000000000000000, 1.000000000000000000 ) ) ;
#497 = EDGE_CURVE ( 'NONE', #1125, #4431, #1002, .T. ) ;
#498 = ORIENTED_EDGE ( 'NONE', *, *, #2221, .T. ) ;
#499 = DIRECTION ( 'NONE',  ( 0.000000000000000000, 1.000000000000000000, 0.000000000000000000 ) ) ;
#500 = CARTESIAN_POINT ( 'NONE',  ( -1.570000000000000284, 1.100000000000000089, 1.450000000000001288 ) ) ;
#501 = ORIENTED_EDGE ( 'NONE', *, *, #3305, .F. ) ;
#502 = ORIENTED_EDGE ( 'NONE', *, *, #3156, .F. ) ;
#503 = CARTESIAN_POINT ( 'NONE',  ( 1.719999999999999973, 10.00000000000000000, -1.600000000000000311 ) ) ;
#504 = FACE_OUTER_BOUND ( 'NONE', #2131, .T. ) ;
#505 = LINE ( 'NONE', #4063, #4010 ) ;
#506 = VERTEX_POINT ( 'NONE', #519 ) ;
#507 = ORIENTED_EDGE ( 'NONE', *, *, #4704, .T. ) ;
#508 = CARTESIAN_POINT ( 'NONE',  ( 2.099999999999999201, 1.110000000000000098, -1.200000000000000400 ) ) ;
#509 = ADVANCED_FACE ( 'NONE', ( #166 ), #4784, .F. ) ;
#510 = CARTESIAN_POINT ( 'NONE',  ( 1.719999999999999973, 0.5000000000000000000, -0.6000000000000004219 ) ) ;
#511 = CIRCLE ( 'NONE', #3336, 0.1499999999999997446 ) ;
#512 = ORIENTED_EDGE ( 'NONE', *, *, #137, .T. ) ;
#513 = DIRECTION ( 'NONE',  ( 0.000000000000000000, 0.000000000000000000, -1.000000000000000000 ) ) ;
#514 = CARTESIAN_POINT ( 'NONE',  ( 2.500000000000000000, 1.100000000000000089, 1.599999999999999645 ) ) ;
#515 = VECTOR ( 'NONE', #618, 1000.000000000000000 ) ;
#516 = CARTESIAN_POINT ( 'NONE',  ( -1.719999999999999751, 1.100000000000000089, 1.600000000000000311 ) ) ;
#517 = VERTEX_POINT ( 'NONE', #1673 ) ;
#518 = CIRCLE ( 'NONE', #4392, 0.1499999999999997446 ) ;
#519 = CARTESIAN_POINT ( 'NONE',  ( 0.8200000000000003952, 0.5000000000000000000, 1.600000000000000089 ) ) ;
#520 = EDGE_CURVE ( 'NONE', #1029, #2219, #3203, .T. ) ;
#521 = PLANE ( 'NONE',  #3133 ) ;
#522 = CARTESIAN_POINT ( 'NONE',  ( -0.8200000000000005063, -1.562049935181331506, 0.6000000000000004219 ) ) ;
#523 = ORIENTED_EDGE ( 'NONE', *, *, #3695, .T. ) ;
#524 = ORIENTED_EDGE ( 'NONE', *, *, #1549, .T. ) ;
#525 = CIRCLE ( 'NONE', #4574, 0.1499999999999997446 ) ;
#526 = DIRECTION ( 'NONE',  ( -1.084202172485504927E-16, -0.000000000000000000, 1.000000000000000000 ) ) ;
#527 = DIRECTION ( 'NONE',  ( 1.000000000000000000, -0.000000000000000000, 1.084202172485504927E-16 ) ) ;
#528 = FACE_OUTER_BOUND ( 'NONE', #2796, .T. ) ;
#529 = ORIENTED_EDGE ( 'NONE', *, *, #3225, .F. ) ;
#530 = EDGE_CURVE ( 'NONE', #4630, #1260, #1752, .T. ) ;
#531 = DIRECTION ( 'NONE',  ( -1.000000000000000000, -0.000000000000000000, 0.000000000000000000 ) ) ;
#532 = AXIS2_PLACEMENT_3D ( 'NONE', #514, #3620, #921 ) ;
#533 = ORIENTED_EDGE ( 'NONE', *, *, #628, .T. ) ;
#534 = CYLINDRICAL_SURFACE ( 'NONE', #4161, 0.3999999999999999667 ) ;
#535 = CARTESIAN_POINT ( 'NONE',  ( -2.500000000000000000, 1.110000000000000098, 1.200000000000000844 ) ) ;
#536 = CARTESIAN_POINT ( 'NONE',  ( -1.719999999999999973, 0.5000000000000000000, -1.600000000000000311 ) ) ;
#537 = VECTOR ( 'NONE', #3317, 1000.000000000000000 ) ;
#538 = AXIS2_PLACEMENT_3D ( 'NONE', #3805, #4289, #1978 ) ;
#539 = VERTEX_POINT ( 'NONE', #4836 ) ;
#540 = EDGE_CURVE ( 'NONE', #4364, #4875, #3674, .T. ) ;
#541 = VECTOR ( 'NONE', #3811, 1000.000000000000000 ) ;
#542 = AXIS2_PLACEMENT_3D ( 'NONE', #4838, #881, #1650 ) ;
#543 = DIRECTION ( 'NONE',  ( 0.000000000000000000, 0.000000000000000000, -1.000000000000000000 ) ) ;
#544 = ORIENTED_EDGE ( 'NONE', *, *, #327, .T. ) ;
#545 = VECTOR ( 'NONE', #3622, 1000.000000000000000 ) ;
#546 = EDGE_CURVE ( 'NONE', #2992, #4875, #2223, .T. ) ;
#547 = LINE ( 'NONE', #1728, #2218 ) ;
#548 = CARTESIAN_POINT ( 'NONE',  ( 2.500000000000000000, 1.100000000000000089, 0.4999999999999997780 ) ) ;
#549 = CARTESIAN_POINT ( 'NONE',  ( -0.6700000000000000400, 0.000000000000000000, 0.000000000000000000 ) ) ;
#550 = ORIENTED_EDGE ( 'NONE', *, *, #2246, .T. ) ;
#551 = EDGE_LOOP ( 'NONE', ( #1044, #1660, #4915, #1871, #3954, #869 ) ) ;
#552 = EDGE_CURVE ( 'NONE', #3788, #804, #980, .T. ) ;
#553 = VERTEX_POINT ( 'NONE', #4361 ) ;
#554 = AXIS2_PLACEMENT_3D ( 'NONE', #406, #1930, #3461 ) ;
#555 = CARTESIAN_POINT ( 'NONE',  ( -0.6700000000000001510, 0.5000000000000000000, -0.6000000000000003109 ) ) ;
#556 = CARTESIAN_POINT ( 'NONE',  ( -1.570000000000000284, -1.562049935181331506, 1.600000000000000533 ) ) ;
#557 = DIRECTION ( 'NONE',  ( -0.000000000000000000, -1.000000000000000000, -0.000000000000000000 ) ) ;
#558 = ORIENTED_EDGE ( 'NONE', *, *, #2072, .F. ) ;
#559 = LINE ( 'NONE', #130, #3669 ) ;
#560 = ORIENTED_EDGE ( 'NONE', *, *, #4704, .F. ) ;
#561 = CARTESIAN_POINT ( 'NONE',  ( 1.870000000000000551, 0.01000000000000002623, -1.600000000000000311 ) ) ;
#562 = CARTESIAN_POINT ( 'NONE',  ( 2.299999999999998046, 1.300000000000000266, 0.000000000000000000 ) ) ;
#563 = LINE ( 'NONE', #4775, #2325 ) ;
#564 = FACE_OUTER_BOUND ( 'NONE', #1951, .T. ) ;
#565 = ORIENTED_EDGE ( 'NONE', *, *, #4418, .F. ) ;
#566 = DIRECTION ( 'NONE',  ( 0.000000000000000000, -1.000000000000000000, 0.000000000000000000 ) ) ;
#567 = LINE ( 'NONE', #2470, #67 ) ;
#568 = PRESENTATION_STYLE_ASSIGNMENT (( #2428 ) ) ;
#569 = ORIENTED_EDGE ( 'NONE', *, *, #1555, .F. ) ;
#570 = LINE ( 'NONE', #3250, #922 ) ;
#571 = CARTESIAN_POINT ( 'NONE',  ( -0.8200000000000005063, -3.203513695928269733, -1.600000000000000311 ) ) ;
#572 = CARTESIAN_POINT ( 'NONE',  ( 0.000000000000000000, 0.000000000000000000, -1.600000000000000089 ) ) ;
#573 = ORIENTED_EDGE ( 'NONE', *, *, #3913, .T. ) ;
#574 = EDGE_CURVE ( 'NONE', #792, #1585, #4807, .T. ) ;
#575 = ORIENTED_EDGE ( 'NONE', *, *, #1852, .T. ) ;
#576 = ORIENTED_EDGE ( 'NONE', *, *, #4856, .T. ) ;
#577 = CARTESIAN_POINT ( 'NONE',  ( 2.500000000000000000, 1.100000000000000089, -1.600000000000000533 ) ) ;
#578 = DIRECTION ( 'NONE',  ( 0.000000000000000000, -1.000000000000000000, 0.000000000000000000 ) ) ;
#579 = DIRECTION ( 'NONE',  ( 0.000000000000000000, 0.000000000000000000, -1.000000000000000000 ) ) ;
#580 = EDGE_CURVE ( 'NONE', #1644, #1715, #4859, .T. ) ;
#581 = ORIENTED_EDGE ( 'NONE', *, *, #1385, .T. ) ;
#582 = CARTESIAN_POINT ( 'NONE',  ( -2.100000000000000089, 1.110000000000000098, -1.200000000000000622 ) ) ;
#583 = LINE ( 'NONE', #1304, #463 ) ;
#584 = EDGE_CURVE ( 'NONE', #4489, #1731, #2905, .T. ) ;
#585 = LINE ( 'NONE', #3717, #4334 ) ;
#586 = VERTEX_POINT ( 'NONE', #1386 ) ;
#587 = CARTESIAN_POINT ( 'NONE',  ( -2.500000000000000000, 1.100000000000000089, -1.399999999999998801 ) ) ;
#588 = DIRECTION ( 'NONE',  ( -0.000000000000000000, -1.000000000000000000, -0.000000000000000000 ) ) ;
#589 = ORIENTED_EDGE ( 'NONE', *, *, #892, .F. ) ;
#590 = CARTESIAN_POINT ( 'NONE',  ( 1.570000000000000284, 1.100000000000000311, -1.450000000000000844 ) ) ;
#591 = CLOSED_SHELL ( 'NONE', ( #2677, #603, #23, #2033, #2602, #1825, #978, #3115, #2568, #1699, #2214, #2746, #271, #4878 ) ) ;
#592 = LINE ( 'NONE', #4494, #2878 ) ;
#593 = EDGE_CURVE ( 'NONE', #480, #2657, #4384, .T. ) ;
#594 = PLANE ( 'NONE',  #1523 ) ;
#595 = DIRECTION ( 'NONE',  ( -1.000000000000000000, 0.000000000000000000, 1.445602896647333395E-15 ) ) ;
#596 = VECTOR ( 'NONE', #2255, 1000.000000000000000 ) ;
#597 = ORIENTED_EDGE ( 'NONE', *, *, #4886, .F. ) ;
#598 = AXIS2_PLACEMENT_3D ( 'NONE', #4564, #2640, #3370 ) ;
#599 = ORIENTED_EDGE ( 'NONE', *, *, #4445, .F. ) ;
#600 = FACE_OUTER_BOUND ( 'NONE', #6, .T. ) ;
#601 = FACE_OUTER_BOUND ( 'NONE', #3557, .T. ) ;
#602 = CARTESIAN_POINT ( 'NONE',  ( 0.8200000000000003952, 0.01000000000000002623, -0.6000000000000003109 ) ) ;
#603 = ADVANCED_FACE ( 'NONE', ( #4032 ), #3422, .F. ) ;
#604 = CARTESIAN_POINT ( 'NONE',  ( -2.500000000000000000, 1.100000000000000089, -0.2999999999999986566 ) ) ;
#605 = VERTEX_POINT ( 'NONE', #2997 ) ;
#606 = LINE ( 'NONE', #2462, #4502 ) ;
#607 = PLANE ( 'NONE',  #1191 ) ;
#608 = CARTESIAN_POINT ( 'NONE',  ( 2.500000000000000000, 1.100000000000000089, -0.4999999999999997780 ) ) ;
#609 = ORIENTED_EDGE ( 'NONE', *, *, #2959, .T. ) ;
#610 = AXIS2_PLACEMENT_3D ( 'NONE', #1461, #4127, #3048 ) ;
#611 = ADVANCED_FACE ( 'NONE', ( #4570 ), #244, .F. ) ;
#612 = CARTESIAN_POINT ( 'NONE',  ( 1.719999999999999973, -1.562049935181331506, -0.6000000000000007550 ) ) ;
#613 = LINE ( 'NONE', #2871, #3282 ) ;
#614 = CARTESIAN_POINT ( 'NONE',  ( -0.6700000000000000400, 0.000000000000000000, -0.6000000000000003109 ) ) ;
#615 = AXIS2_PLACEMENT_3D ( 'NONE', #2537, #4459, #2163 ) ;
#616 = AXIS2_PLACEMENT_3D ( 'NONE', #582, #2139, #3293 ) ;
#617 = VERTEX_POINT ( 'NONE', #266 ) ;
#618 = DIRECTION ( 'NONE',  ( 0.000000000000000000, 1.000000000000000000, 0.000000000000000000 ) ) ;
#619 = AXIS2_PLACEMENT_3D ( 'NONE', #2889, #153, #3313 ) ;
#620 = AXIS2_PLACEMENT_3D ( 'NONE', #1391, #4531, #2553 ) ;
#621 = CARTESIAN_POINT ( 'NONE',  ( -1.719999999999999973, 0.01000000000000002623, 1.600000000000000089 ) ) ;
#622 =( GEOMETRIC_REPRESENTATION_CONTEXT ( 3 ) GLOBAL_UNCERTAINTY_ASSIGNED_CONTEXT ( ( #2955 ) ) GLOBAL_UNIT_ASSIGNED_CONTEXT ( ( #4261, #2678, #4183 ) ) REPRESENTATION_CONTEXT ( 'NONE', 'WORKASPACE' ) );
#623 = EDGE_LOOP ( 'NONE', ( #2857, #4461, #1736, #3988 ) ) ;
#624 = ORIENTED_EDGE ( 'NONE', *, *, #1131, .T. ) ;
#625 = DIRECTION ( 'NONE',  ( 0.000000000000000000, -0.000000000000000000, 1.000000000000000000 ) ) ;
#626 = CARTESIAN_POINT ( 'NONE',  ( 2.500000000000000000, 1.100000000000000089, 0.000000000000000000 ) ) ;
#627 = CARTESIAN_POINT ( 'NONE',  ( 1.719999999999999973, 0.000000000000000000, -1.600000000000000311 ) ) ;
#628 = EDGE_CURVE ( 'NONE', #1427, #3429, #4181, .T. ) ;
#629 = EDGE_CURVE ( 'NONE', #1062, #3397, #2675, .T. ) ;
#630 = LINE ( 'NONE', #4512, #2309 ) ;
#631 = ORIENTED_EDGE ( 'NONE', *, *, #733, .T. ) ;
#632 = CARTESIAN_POINT ( 'NONE',  ( -1.719999999999999973, 0.01000000000000000715, 0.7962562514124875701 ) ) ;
#633 = CARTESIAN_POINT ( 'NONE',  ( 2.300000000000000711, 1.100000000000000089, -1.600000000000000533 ) ) ;
#634 = FACE_OUTER_BOUND ( 'NONE', #2103, .T. ) ;
#635 = EDGE_CURVE ( 'NONE', #4947, #1278, #4204, .T. ) ;
#636 = ORIENTED_EDGE ( 'NONE', *, *, #1411, .F. ) ;
#637 = PLANE ( 'NONE',  #3982 ) ;
#638 = CIRCLE ( 'NONE', #2910, 0.3999999999999998557 ) ;
#639 = FILL_AREA_STYLE ('',( #4490 ) ) ;
#640 = ADVANCED_FACE ( 'NONE', ( #1819 ), #1796, .F. ) ;
#641 = DIRECTION ( 'NONE',  ( 1.000000000000000000, -0.000000000000000000, -2.710505431213761085E-16 ) ) ;
#642 = FILL_AREA_STYLE_COLOUR ( '', #2719 ) ;
#643 = DIRECTION ( 'NONE',  ( 0.000000000000000000, -1.000000000000000000, 0.000000000000000000 ) ) ;
#644 = DIRECTION ( 'NONE',  ( -0.000000000000000000, -1.000000000000000000, -0.000000000000000000 ) ) ;
#645 = EDGE_CURVE ( 'NONE', #2882, #4291, #2649, .T. ) ;
#646 = ORIENTED_EDGE ( 'NONE', *, *, #3739, .T. ) ;
#647 = ORIENTED_EDGE ( 'NONE', *, *, #4149, .F. ) ;
#648 = LINE ( 'NONE', #1115, #4998 ) ;
#649 = CARTESIAN_POINT ( 'NONE',  ( 2.499999999999998224, 1.110000000000000098, -1.200000000000000400 ) ) ;
#650 = LINE ( 'NONE', #704, #4523 ) ;
#651 = CARTESIAN_POINT ( 'NONE',  ( -1.719999999999999973, 0.5000000000000000000, -0.6000000000000004219 ) ) ;
#652 = ORIENTED_EDGE ( 'NONE', *, *, #4757, .T. ) ;
#653 = FACE_OUTER_BOUND ( 'NONE', #8, .T. ) ;
#654 = DIRECTION ( 'NONE',  ( -7.228014483236697541E-16, 0.000000000000000000, 1.000000000000000000 ) ) ;
#655 = LINE ( 'NONE', #682, #2007 ) ;
#656 = LINE ( 'NONE', #972, #2411 ) ;
#657 = ADVANCED_FACE ( 'NONE', ( #2222 ), #3345, .F. ) ;
#658 = ORIENTED_EDGE ( 'NONE', *, *, #635, .F. ) ;
#659 = DIRECTION ( 'NONE',  ( -0.000000000000000000, -1.000000000000000000, -0.000000000000000000 ) ) ;
#660 = ORIENTED_EDGE ( 'NONE', *, *, #2861, .T. ) ;
#661 = EDGE_CURVE ( 'NONE', #2285, #2371, #3400, .T. ) ;
#662 = CYLINDRICAL_SURFACE ( 'NONE', #2001, 0.1499999999999997446 ) ;
#663 = ORIENTED_EDGE ( 'NONE', *, *, #3950, .T. ) ;
#664 = CARTESIAN_POINT ( 'NONE',  ( 0.000000000000000000, 0.01000000000000000021, 0.000000000000000000 ) ) ;
#665 = SURFACE_STYLE_USAGE ( .BOTH. , #4104 ) ;
#666 = EDGE_CURVE ( 'NONE', #1627, #4424, #2273, .T. ) ;
#667 = PLANE ( 'NONE',  #2172 ) ;
#668 = DIRECTION ( 'NONE',  ( 0.000000000000000000, 1.000000000000000000, 0.000000000000000000 ) ) ;
#669 = ORIENTED_EDGE ( 'NONE', *, *, #1578, .T. ) ;
#670 = ADVANCED_FACE ( 'NONE', ( #1434 ), #1406, .T. ) ;
#671 = VERTEX_POINT ( 'NONE', #3750 ) ;
#672 = CARTESIAN_POINT ( 'NONE',  ( 0.6700000000000000400, 0.000000000000000000, 1.599999999999999867 ) ) ;
#673 = LINE ( 'NONE', #649, #1747 ) ;
#674 = DIRECTION ( 'NONE',  ( 0.000000000000000000, -0.000000000000000000, 1.000000000000000000 ) ) ;
#675 = VECTOR ( 'NONE', #1508, 1000.000000000000000 ) ;
#676 = ORIENTED_EDGE ( 'NONE', *, *, #984, .F. ) ;
#677 = VECTOR ( 'NONE', #2727, 1000.000000000000114 ) ;
#678 = DIRECTION ( 'NONE',  ( 0.000000000000000000, 1.000000000000000000, 0.000000000000000000 ) ) ;
#679 = ORIENTED_EDGE ( 'NONE', *, *, #2725, .T. ) ;
#680 = CARTESIAN_POINT ( 'NONE',  ( 0.000000000000000000, 0.01000000000000000021, 0.000000000000000000 ) ) ;
#681 = CARTESIAN_POINT ( 'NONE',  ( 1.570000000000000284, 0.000000000000000000, 1.600000000000000533 ) ) ;
#682 = CARTESIAN_POINT ( 'NONE',  ( 0.8200000000000005063, -1.562049935181331506, 0.6000000000000003109 ) ) ;
#683 = ORIENTED_EDGE ( 'NONE', *, *, #3931, .F. ) ;
#684 = FACE_OUTER_BOUND ( 'NONE', #2733, .T. ) ;
#685 = EDGE_LOOP ( 'NONE', ( #1536, #2748, #4644, #1602 ) ) ;
#686 = PLANE ( 'NONE',  #2883 ) ;
#687 = VERTEX_POINT ( 'NONE', #1030 ) ;
#688 = EDGE_CURVE ( 'NONE', #4059, #4367, #3182, .T. ) ;
#689 = EDGE_CURVE ( 'NONE', #2364, #4276, #1058, .T. ) ;
#690 = DIRECTION ( 'NONE',  ( 0.000000000000000000, -0.000000000000000000, 1.000000000000000000 ) ) ;
#691 = FACE_OUTER_BOUND ( 'NONE', #2787, .T. ) ;
#692 = AXIS2_PLACEMENT_3D ( 'NONE', #4642, #2370, #4980 ) ;
#693 = VECTOR ( 'NONE', #4432, 1000.000000000000000 ) ;
#694 = CARTESIAN_POINT ( 'NONE',  ( -2.100000000000000089, 1.110000000000000098, 1.600000000000000755 ) ) ;
#695 = DIRECTION ( 'NONE',  ( 1.000000000000000000, 0.000000000000000000, -3.614007241618349757E-16 ) ) ;
#696 = ADVANCED_FACE ( 'NONE', ( #2598 ), #2199, .F. ) ;
#697 = AXIS2_PLACEMENT_3D ( 'NONE', #2963, #1048, #995 ) ;
#698 = ORIENTED_EDGE ( 'NONE', *, *, #241, .T. ) ;
#699 = VECTOR ( 'NONE', #3609, 1000.000000000000000 ) ;
#700 = ORIENTED_EDGE ( 'NONE', *, *, #2469, .F. ) ;
#701 = CIRCLE ( 'NONE', #1608, 0.1499999999999997446 ) ;
#702 = CARTESIAN_POINT ( 'NONE',  ( -2.500000000000000000, 1.110000000000000098, 1.200000000000000844 ) ) ;
#703 = LINE ( 'NONE', #626, #596 ) ;
#705 = CIRCLE ( 'NONE', #1036, 0.1499999999999997446 ) ;
#704 = CARTESIAN_POINT ( 'NONE',  ( 0.000000000000000000, 0.000000000000000000, -1.450000000000000844 ) ) ;
#706 = EDGE_CURVE ( 'NONE', #4801, #431, #2618, .T. ) ;
#707 = ORIENTED_EDGE ( 'NONE', *, *, #1868, .F. ) ;
#708 = PRESENTATION_LAYER_ASSIGNMENT (  '', '', ( #4681 ) ) ;
#709 = LINE ( 'NONE', #4066, #4743 ) ;
#710 = ORIENTED_EDGE ( 'NONE', *, *, #1136, .T. ) ;
#711 = DIRECTION ( 'NONE',  ( -0.000000000000000000, -1.000000000000000000, -0.000000000000000000 ) ) ;
#712 = DIRECTION ( 'NONE',  ( 1.000000000000000000, -0.000000000000000000, 0.000000000000000000 ) ) ;
#713 = FACE_OUTER_BOUND ( 'NONE', #1895, .T. ) ;
#714 = ORIENTED_EDGE ( 'NONE', *, *, #2348, .T. ) ;
#715 = DIRECTION ( 'NONE',  ( 0.000000000000000000, 1.000000000000000000, 0.000000000000000000 ) ) ;
#716 = VERTEX_POINT ( 'NONE', #4545 ) ;
#717 = AXIS2_PLACEMENT_3D ( 'NONE', #1338, #4420, #1778 ) ;
#718 = CARTESIAN_POINT ( 'NONE',  ( 0.000000000000000000, 0.000000000000000000, -1.450000000000000400 ) ) ;
#719 = ORIENTED_EDGE ( 'NONE', *, *, #984, .T. ) ;
#720 = PRESENTATION_LAYER_ASSIGNMENT (  '', '', ( #2352 ) ) ;
#721 = CARTESIAN_POINT ( 'NONE',  ( 2.500000000000000000, 1.100000000000000089, -1.600000000000000533 ) ) ;
#722 = FACE_OUTER_BOUND ( 'NONE', #782, .T. ) ;
#723 = CARTESIAN_POINT ( 'NONE',  ( 1.719999999999999751, 0.01000000000000002623, 0.6000000000000005329 ) ) ;
#724 = CARTESIAN_POINT ( 'NONE',  ( 1.870000000000000107, 0.5000000000000000000, 0.6000000000000007550 ) ) ;
#725 = ORIENTED_EDGE ( 'NONE', *, *, #4886, .T. ) ;
#726 =( NAMED_UNIT ( * ) PLANE_ANGLE_UNIT ( ) SI_UNIT ( $, .RADIAN. ) );
#727 = EDGE_CURVE ( 'NONE', #1779, #2657, #2247, .T. ) ;
#728 = CARTESIAN_POINT ( 'NONE',  ( 0.000000000000000000, 0.01000000000000000021, 0.000000000000000000 ) ) ;
#729 = CARTESIAN_POINT ( 'NONE',  ( 0.8200000000000006173, 1.109999999999999876, -1.600000000000000089 ) ) ;
#730 = ORIENTED_EDGE ( 'NONE', *, *, #1975, .T. ) ;
#731 = CARTESIAN_POINT ( 'NONE',  ( -1.719999999999999973, 0.01000000000000002623, -1.600000000000000311 ) ) ;
#732 = VERTEX_POINT ( 'NONE', #823 ) ;
#733 = EDGE_CURVE ( 'NONE', #4714, #3847, #3095, .T. ) ;
#734 = DIRECTION ( 'NONE',  ( -1.000000000000000000, -0.000000000000000000, 0.000000000000000000 ) ) ;
#735 = LINE ( 'NONE', #4972, #1247 ) ;
#736 = LINE ( 'NONE', #4516, #3688 ) ;
#737 = ORIENTED_EDGE ( 'NONE', *, *, #1102, .F. ) ;
#738 = CARTESIAN_POINT ( 'NONE',  ( -0.9700000000000006395, 1.100000000000000089, 1.600000000000000533 ) ) ;
#739 = EDGE_CURVE ( 'NONE', #2318, #1309, #1917, .T. ) ;
#740 = LINE ( 'NONE', #2642, #3524 ) ;
#741 = EDGE_LOOP ( 'NONE', ( #202, #1867, #781, #3383, #2429, #2367 ) ) ;
#742 = CARTESIAN_POINT ( 'NONE',  ( -1.870000000000000329, -1.562049935181331506, 0.9462562514124842616 ) ) ;
#743 = CARTESIAN_POINT ( 'NONE',  ( 2.099999999999999201, 7.985164807134504272, 1.400000000000000577 ) ) ;
#744 = SURFACE_STYLE_FILL_AREA ( #826 ) ;
#745 = FACE_OUTER_BOUND ( 'NONE', #1346, .T. ) ;
#746 = VERTEX_POINT ( 'NONE', #3819 ) ;
#747 = EDGE_CURVE ( 'NONE', #3936, #4645, #368, .T. ) ;
#748 = EDGE_CURVE ( 'NONE', #3536, #2641, #1645, .T. ) ;
#749 =( NAMED_UNIT ( * ) SI_UNIT ( $, .STERADIAN. ) SOLID_ANGLE_UNIT ( ) );
#750 = LINE ( 'NONE', #2303, #1359 ) ;
#751 = CARTESIAN_POINT ( 'NONE',  ( 1.570000000000000284, 0.5000000000000000000, -1.450000000000000844 ) ) ;
#752 = DIRECTION ( 'NONE',  ( -1.000000000000000000, 0.000000000000000000, -1.084202172485504927E-16 ) ) ;
#753 = CIRCLE ( 'NONE', #4220, 0.2000000000000003164 ) ;
#754 = ORIENTED_EDGE ( 'NONE', *, *, #1744, .F. ) ;
#755 = ADVANCED_FACE ( 'NONE', ( #3070 ), #89, .F. ) ;
#756 =( NAMED_UNIT ( * ) SI_UNIT ( $, .STERADIAN. ) SOLID_ANGLE_UNIT ( ) );
#757 = AXIS2_PLACEMENT_3D ( 'NONE', #3648, #956, #4053 ) ;
#758 = ORIENTED_EDGE ( 'NONE', *, *, #835, .F. ) ;
#759 = PLANE ( 'NONE',  #4335 ) ;
#760 = DIRECTION ( 'NONE',  ( 0.000000000000000000, 1.000000000000000000, 0.000000000000000000 ) ) ;
#761 = VECTOR ( 'NONE', #3697, 1000.000000000000000 ) ;
#762 = ADVANCED_FACE ( 'NONE', ( #1210 ), #4304, .F. ) ;
#763 = ORIENTED_EDGE ( 'NONE', *, *, #1208, .T. ) ;
#764 = CARTESIAN_POINT ( 'NONE',  ( -1.570000000000000506, 1.100000000000000089, 1.450000000000001288 ) ) ;
#765 = ORIENTED_EDGE ( 'NONE', *, *, #1555, .T. ) ;
#766 = VECTOR ( 'NONE', #2187, 1000.000000000000000 ) ;
#767 = CARTESIAN_POINT ( 'NONE',  ( 2.500000000000000000, 1.100000000000000089, -0.2999999999999996003 ) ) ;
#768 = ORIENTED_EDGE ( 'NONE', *, *, #4850, .F. ) ;
#769 = ADVANCED_FACE ( 'NONE', ( #771 ), #1562, .F. ) ;
#770 = ORIENTED_EDGE ( 'NONE', *, *, #4737, .T. ) ;
#771 = FACE_OUTER_BOUND ( 'NONE', #4620, .T. ) ;
#772 = DIRECTION ( 'NONE',  ( 0.000000000000000000, 1.000000000000000000, 0.000000000000000000 ) ) ;
#773 = CARTESIAN_POINT ( 'NONE',  ( 0.9700000000000006395, 10.00000000000000000, 1.600000000000000311 ) ) ;
#774 = FACE_OUTER_BOUND ( 'NONE', #2357, .T. ) ;
#775 = AXIS2_PLACEMENT_3D ( 'NONE', #1563, #4305, #2779 ) ;
#776 = VERTEX_POINT ( 'NONE', #12 ) ;
#777 = AXIS2_PLACEMENT_3D ( 'NONE', #4824, #2896, #181 ) ;
#778 = VERTEX_POINT ( 'NONE', #3876 ) ;
#779 = CARTESIAN_POINT ( 'NONE',  ( 0.8200000000000005063, 0.5000000000000000000, -1.599999999999999867 ) ) ;
#780 = CARTESIAN_POINT ( 'NONE',  ( 0.000000000000000000, 0.01000000000000000021, 0.000000000000000000 ) ) ;
#781 = ORIENTED_EDGE ( 'NONE', *, *, #3974, .F. ) ;
#782 = EDGE_LOOP ( 'NONE', ( #996, #3315, #4131, #1216 ) ) ;
#783 = DIRECTION ( 'NONE',  ( -0.000000000000000000, -1.000000000000000000, -0.000000000000000000 ) ) ;
#784 = VECTOR ( 'NONE', #4017, 1000.000000000000000 ) ;
#785 = VECTOR ( 'NONE', #2757, 1000.000000000000000 ) ;
#786 = ORIENTED_EDGE ( 'NONE', *, *, #3171, .T. ) ;
#787 = DIRECTION ( 'NONE',  ( 1.000000000000000000, 0.000000000000000000, -1.445602896647333395E-15 ) ) ;
#788 = DIRECTION ( 'NONE',  ( -1.301042606982605321E-16, 0.000000000000000000, -1.000000000000000000 ) ) ;
#789 = DIRECTION ( 'NONE',  ( 1.445602896647341678E-15, 0.000000000000000000, 1.000000000000000000 ) ) ;
#790 = EDGE_CURVE ( 'NONE', #4604, #2606, #2323, .T. ) ;
#791 = AXIS2_PLACEMENT_3D ( 'NONE', #808, #4990, #2359 ) ;
#792 = VERTEX_POINT ( 'NONE', #4702 ) ;
#793 = LINE ( 'NONE', #3869, #4730 ) ;
#794 = ORIENTED_EDGE ( 'NONE', *, *, #1586, .F. ) ;
#795 = EDGE_CURVE ( 'NONE', #2259, #746, #2024, .T. ) ;
#796 = CARTESIAN_POINT ( 'NONE',  ( -0.8200000000000005063, 0.5000000000000000000, 1.600000000000000533 ) ) ;
#797 = ORIENTED_EDGE ( 'NONE', *, *, #4511, .F. ) ;
#798 = ORIENTED_EDGE ( 'NONE', *, *, #989, .T. ) ;
#799 = DIRECTION ( 'NONE',  ( 0.000000000000000000, 1.000000000000000000, 0.000000000000000000 ) ) ;
#800 = DIRECTION ( 'NONE',  ( 0.000000000000000000, 1.000000000000000000, 0.000000000000000000 ) ) ;
#801 = EDGE_CURVE ( 'NONE', #2992, #4947, #2801, .T. ) ;
#802 = FACE_OUTER_BOUND ( 'NONE', #2798, .T. ) ;
#803 = AXIS2_PLACEMENT_3D ( 'NONE', #780, #3934, #4687 ) ;
#804 = VERTEX_POINT ( 'NONE', #1233 ) ;
#805 = FILL_AREA_STYLE ('',( #4264 ) ) ;
#806 = AXIS2_PLACEMENT_3D ( 'NONE', #1410, #1007, #2177 ) ;
#807 = EDGE_CURVE ( 'NONE', #3807, #4472, #4230, .T. ) ;
#808 = CARTESIAN_POINT ( 'NONE',  ( -0.6700000000000001510, -1.562049935181331506, -0.6000000000000003109 ) ) ;
#809 = CARTESIAN_POINT ( 'NONE',  ( 1.719999999999999973, 0.01000000000000000021, -0.6000000000000006439 ) ) ;
#810 = ORIENTED_EDGE ( 'NONE', *, *, #2704, .T. ) ;
#811 = EDGE_LOOP ( 'NONE', ( #2661, #2132, #4492, #1057 ) ) ;
#812 = DIRECTION ( 'NONE',  ( 1.000000000000000000, 0.000000000000000000, -1.301042606982605321E-16 ) ) ;
#813 = EDGE_LOOP ( 'NONE', ( #3406, #2617, #1533, #4143 ) ) ;
#814 = CARTESIAN_POINT ( 'NONE',  ( 0.000000000000000000, 0.01000000000000000021, -0.6000000000000003109 ) ) ;
#815 = CARTESIAN_POINT ( 'NONE',  ( -0.9700000000000006395, 1.100000000000000089, 1.600000000000000533 ) ) ;
#816 = DIRECTION ( 'NONE',  ( 0.000000000000000000, 0.000000000000000000, -1.000000000000000000 ) ) ;
#817 = ORIENTED_EDGE ( 'NONE', *, *, #241, .F. ) ;
#818 = EDGE_CURVE ( 'NONE', #4633, #4214, #3451, .T. ) ;
#819 = DIRECTION ( 'NONE',  ( 1.000000000000000000, 0.000000000000000000, -0.000000000000000000 ) ) ;
#820 = ORIENTED_EDGE ( 'NONE', *, *, #3944, .T. ) ;
#821 = LINE ( 'NONE', #3495, #3121 ) ;
#822 = EDGE_LOOP ( 'NONE', ( #250, #2578, #501, #730, #4540, #2535, #2777 ) ) ;
#823 = CARTESIAN_POINT ( 'NONE',  ( -2.500000000000000000, 0.000000000000000000, 0.2999999999999987121 ) ) ;
#824 = CARTESIAN_POINT ( 'NONE',  ( 2.099999999999999201, 1.110000000000000098, 1.600000000000000755 ) ) ;
#825 = LINE ( 'NONE', #133, #3525 ) ;
#826 = FILL_AREA_STYLE ('',( #14 ) ) ;
#827 = LINE ( 'NONE', #2701, #3384 ) ;
#828 = VERTEX_POINT ( 'NONE', #4281 ) ;
#829 = EDGE_CURVE ( 'NONE', #776, #2648, #1540, .T. ) ;
#830 = CARTESIAN_POINT ( 'NONE',  ( 0.000000000000000000, 1.100000000000000089, 1.600000000000000311 ) ) ;
#831 = PLANE ( 'NONE',  #870 ) ;
#832 = CARTESIAN_POINT ( 'NONE',  ( 0.9700000000000006395, 0.5000000000000000000, -1.600000000000000311 ) ) ;
#833 = VERTEX_POINT ( 'NONE', #4622 ) ;
#834 = ORIENTED_EDGE ( 'NONE', *, *, #3235, .T. ) ;
#835 = EDGE_CURVE ( 'NONE', #1826, #4214, #1154, .T. ) ;
#836 = LINE ( 'NONE', #3411, #1832 ) ;
#837 = EDGE_LOOP ( 'NONE', ( #2347, #2911, #4504, #1023, #1172, #1750, #1548, #798 ) ) ;
#838 = CARTESIAN_POINT ( 'NONE',  ( 0.000000000000000000, 0.01000000000000000021, 0.000000000000000000 ) ) ;
#839 = DIRECTION ( 'NONE',  ( -1.000000000000000000, -0.000000000000000000, -0.000000000000000000 ) ) ;
#840 = ORIENTED_EDGE ( 'NONE', *, *, #4055, .T. ) ;
#841 = VECTOR ( 'NONE', #476, 1000.000000000000000 ) ;
#842 = DIRECTION ( 'NONE',  ( 1.000000000000000000, 0.000000000000000000, -1.301042606982605321E-16 ) ) ;
#843 = ORIENTED_EDGE ( 'NONE', *, *, #1498, .F. ) ;
#844 = CARTESIAN_POINT ( 'NONE',  ( 1.719999999999999973, 1.100000000000000089, 1.599999999999999645 ) ) ;
#845 = AXIS2_PLACEMENT_3D ( 'NONE', #3312, #3784, #1466 ) ;
#846 = CARTESIAN_POINT ( 'NONE',  ( -0.8200000000000005063, -1.562049935181331506, -1.600000000000000089 ) ) ;
#847 = VECTOR ( 'NONE', #997, 1000.000000000000000 ) ;
#848 = CARTESIAN_POINT ( 'NONE',  ( -1.570000000000000284, 1.100000000000000089, -1.600000000000000755 ) ) ;
#849 = LINE ( 'NONE', #4705, #211 ) ;
#850 = DIRECTION ( 'NONE',  ( 1.000000000000000000, 0.000000000000000000, -1.301042606982605321E-16 ) ) ;
#851 = ADVANCED_FACE ( 'NONE', ( #421 ), #4229, .F. ) ;
#852 = ORIENTED_EDGE ( 'NONE', *, *, #4209, .T. ) ;
#853 = AXIS2_PLACEMENT_3D ( 'NONE', #4693, #783, #4996 ) ;
#854 = CARTESIAN_POINT ( 'NONE',  ( -0.8200000000000005063, -1.562049935181331506, -0.6000000000000003109 ) ) ;
#855 = DIRECTION ( 'NONE',  ( -1.000000000000000000, -0.000000000000000000, 0.000000000000000000 ) ) ;
#856 = CARTESIAN_POINT ( 'NONE',  ( 1.570000000000000284, 10.00000000000000000, 1.600000000000000533 ) ) ;
#857 = EDGE_LOOP ( 'NONE', ( #3742, #1299, #4136, #4286 ) ) ;
#858 = EDGE_CURVE ( 'NONE', #3970, #687, #38, .T. ) ;
#859 = ORIENTED_EDGE ( 'NONE', *, *, #2687, .T. ) ;
#860 = AXIS2_PLACEMENT_3D ( 'NONE', #1873, #1483, #1437 ) ;
#861 = CARTESIAN_POINT ( 'NONE',  ( -2.500000000000000000, 1.100000000000000089, -0.6999999999999991784 ) ) ;
#862 = ORIENTED_EDGE ( 'NONE', *, *, #2476, .F. ) ;
#863 = VECTOR ( 'NONE', #4782, 1000.000000000000000 ) ;
#864 = CARTESIAN_POINT ( 'NONE',  ( 1.870000000000000107, 0.01000000000000002623, 0.6000000000000007550 ) ) ;
#865 = DIRECTION ( 'NONE',  ( 0.000000000000000000, 1.000000000000000000, 0.000000000000000000 ) ) ;
#867 = AXIS2_PLACEMENT_3D ( 'NONE', #3364, #2987, #4535 ) ;
#866 = DIRECTION ( 'NONE',  ( -0.000000000000000000, -1.000000000000000000, -0.000000000000000000 ) ) ;
#868 = AXIS2_PLACEMENT_3D ( 'NONE', #4071, #1398, #2564 ) ;
#869 = ORIENTED_EDGE ( 'NONE', *, *, #4149, .T. ) ;
#870 = AXIS2_PLACEMENT_3D ( 'NONE', #1217, #1954, #2334 ) ;
#871 = LINE ( 'NONE', #4745, #4983 ) ;
#872 = ORIENTED_EDGE ( 'NONE', *, *, #3586, .T. ) ;
#873 = DIRECTION ( 'NONE',  ( 0.000000000000000000, -0.000000000000000000, 1.000000000000000000 ) ) ;
#874 = VECTOR ( 'NONE', #4419, 1000.000000000000000 ) ;
#875 = ORIENTED_EDGE ( 'NONE', *, *, #2377, .T. ) ;
#876 = DIRECTION ( 'NONE',  ( 1.000000000000000000, -0.000000000000000000, 1.807003620809173153E-16 ) ) ;
#877 = FACE_OUTER_BOUND ( 'NONE', #961, .T. ) ;
#878 = CARTESIAN_POINT ( 'NONE',  ( -1.570000000000000284, 0.5000000000000000000, -1.600000000000000533 ) ) ;
#879 = ORIENTED_EDGE ( 'NONE', *, *, #1518, .T. ) ;
#880 = CARTESIAN_POINT ( 'NONE',  ( 0.9700000000000003064, 1.100000000000000089, -1.450000000000000400 ) ) ;
#881 = DIRECTION ( 'NONE',  ( -1.000000000000000000, 0.000000000000000000, 0.000000000000000000 ) ) ;
#882 = LINE ( 'NONE', #2108, #2104 ) ;
#883 = PRESENTATION_LAYER_ASSIGNMENT (  '', '', ( #3059 ) ) ;
#884 = ORIENTED_EDGE ( 'NONE', *, *, #29, .F. ) ;
#885 = ORIENTED_EDGE ( 'NONE', *, *, #4309, .T. ) ;
#886 = PRODUCT_DEFINITION_FORMATION_WITH_SPECIFIED_SOURCE ( 'ANY', '', #4676, .NOT_KNOWN. ) ;
#887 = DIRECTION ( 'NONE',  ( 0.000000000000000000, 1.000000000000000000, 0.000000000000000000 ) ) ;
#888 = CARTESIAN_POINT ( 'NONE',  ( -0.8200000000000005063, 3.703513695928269733, -0.6000000000000003109 ) ) ;
#889 = LINE ( 'NONE', #3610, #3901 ) ;
#890 = FACE_OUTER_BOUND ( 'NONE', #317, .T. ) ;
#891 = ORIENTED_EDGE ( 'NONE', *, *, #2928, .F. ) ;
#892 = EDGE_CURVE ( 'NONE', #1939, #4976, #2847, .T. ) ;
#893 = ORIENTED_EDGE ( 'NONE', *, *, #3426, .F. ) ;
#894 = CARTESIAN_POINT ( 'NONE',  ( 1.870000000000000773, 0.01000000000000002623, -1.600000000000000533 ) ) ;
#895 = VERTEX_POINT ( 'NONE', #2424 ) ;
#896 = ADVANCED_FACE ( 'NONE', ( #4439 ), #1745, .F. ) ;
#897 = LINE ( 'NONE', #4213, #3596 ) ;
#898 = DIRECTION ( 'NONE',  ( 0.000000000000000000, 1.000000000000000000, 0.000000000000000000 ) ) ;
#899 = DIRECTION ( 'NONE',  ( 0.000000000000000000, 0.000000000000000000, 1.000000000000000000 ) ) ;
#900 = ORIENTED_EDGE ( 'NONE', *, *, #1228, .F. ) ;
#901 = CARTESIAN_POINT ( 'NONE',  ( 0.6700000000000000400, 1.100000000000000089, -1.600000000000000311 ) ) ;
#902 = DIRECTION ( 'NONE',  ( -0.000000000000000000, -1.000000000000000000, -0.000000000000000000 ) ) ;
#903 = ORIENTED_EDGE ( 'NONE', *, *, #4287, .T. ) ;
#904 = EDGE_CURVE ( 'NONE', #3585, #488, #2099, .T. ) ;
#905 = ORIENTED_EDGE ( 'NONE', *, *, #4442, .T. ) ;
#906 = EDGE_CURVE ( 'NONE', #1113, #1137, #4407, .T. ) ;
#907 = CARTESIAN_POINT ( 'NONE',  ( 0.8200000000000006173, 10.00000000000000000, 1.599999999999999867 ) ) ;
#908 = PLANE ( 'NONE',  #35 ) ;
#909 = DIRECTION ( 'NONE',  ( 0.000000000000000000, 1.000000000000000000, 0.000000000000000000 ) ) ;
#910 = EDGE_CURVE ( 'NONE', #4298, #4269, #3569, .T. ) ;
#911 = ORIENTED_EDGE ( 'NONE', *, *, #4418, .T. ) ;
#912 = CARTESIAN_POINT ( 'NONE',  ( 2.299999999999998490, 1.300000000000000044, -1.200000000000000400 ) ) ;
#913 = ORIENTED_EDGE ( 'NONE', *, *, #1884, .T. ) ;
#914 = CARTESIAN_POINT ( 'NONE',  ( -1.719999999999999973, 0.000000000000000000, -1.600000000000000089 ) ) ;
#915 = LINE ( 'NONE', #2287, #4668 ) ;
#916 = CARTESIAN_POINT ( 'NONE',  ( 0.6700000000000000400, 0.01000000000000000715, -0.6000000000000003109 ) ) ;
#917 = ADVANCED_FACE ( 'NONE', ( #3196 ), #1282, .F. ) ;
#918 = VECTOR ( 'NONE', #2961, 1000.000000000000000 ) ;
#919 = ORIENTED_EDGE ( 'NONE', *, *, #3707, .T. ) ;
#920 = CARTESIAN_POINT ( 'NONE',  ( 2.099999999999999201, 1.110000000000000098, 1.200000000000000844 ) ) ;
#921 = DIRECTION ( 'NONE',  ( 0.000000000000000000, 0.000000000000000000, 1.000000000000000000 ) ) ;
#922 = VECTOR ( 'NONE', #2473, 1000.000000000000000 ) ;
#923 = CARTESIAN_POINT ( 'NONE',  ( 1.870000000000000107, 0.01000000000000002623, -0.6000000000000007550 ) ) ;
#924 = ADVANCED_FACE ( 'NONE', ( #2070 ), #139, .T. ) ;
#925 = ORIENTED_EDGE ( 'NONE', *, *, #829, .T. ) ;
#926 = AXIS2_PLACEMENT_3D ( 'NONE', #4332, #3551, #4258 ) ;
#927 = DIRECTION ( 'NONE',  ( 0.000000000000000000, 1.000000000000000000, 0.000000000000000000 ) ) ;
#928 = CARTESIAN_POINT ( 'NONE',  ( 2.500000000000000000, 1.100000000000000089, 1.599999999999999645 ) ) ;
#929 = DIRECTION ( 'NONE',  ( 1.000000000000000000, 0.000000000000000000, -0.000000000000000000 ) ) ;
#930 = LINE ( 'NONE', #2080, #3618 ) ;
#931 = VERTEX_POINT ( 'NONE', #3741 ) ;
#932 = ORIENTED_EDGE ( 'NONE', *, *, #1714, .T. ) ;
#933 = VECTOR ( 'NONE', #1394, 1000.000000000000000 ) ;
#934 = DIRECTION ( 'NONE',  ( -0.000000000000000000, -1.000000000000000000, -0.000000000000000000 ) ) ;
#935 = DIRECTION ( 'NONE',  ( 0.000000000000000000, 0.000000000000000000, -1.000000000000000000 ) ) ;
#936 = FACE_OUTER_BOUND ( 'NONE', #3966, .T. ) ;
#937 = AXIS2_PLACEMENT_3D ( 'NONE', #3559, #2947, #2791 ) ;
#938 = EDGE_LOOP ( 'NONE', ( #1572, #4236, #4226, #3164 ) ) ;
#939 = FACE_OUTER_BOUND ( 'NONE', #1953, .T. ) ;
#940 = AXIS2_PLACEMENT_3D ( 'NONE', #3067, #1888, #4619 ) ;
#941 = CIRCLE ( 'NONE', #1839, 0.1499999999999997446 ) ;
#942 = VERTEX_POINT ( 'NONE', #2967 ) ;
#943 = EDGE_CURVE ( 'NONE', #3120, #3061, #4520, .T. ) ;
#944 = PLANE ( 'NONE',  #2807 ) ;
#945 = CARTESIAN_POINT ( 'NONE',  ( 0.9700000000000006395, 0.000000000000000000, 1.600000000000000311 ) ) ;
#946 = LINE ( 'NONE', #2823, #458 ) ;
#947 = CIRCLE ( 'NONE', #2806, 0.1499999999999999667 ) ;
#948 = VECTOR ( 'NONE', #2365, 1000.000000000000000 ) ;
#949 = ORIENTED_EDGE ( 'NONE', *, *, #3868, .T. ) ;
#950 = CARTESIAN_POINT ( 'NONE',  ( 1.570000000000000284, 1.100000000000000089, -1.600000000000000533 ) ) ;
#951 = EDGE_CURVE ( 'NONE', #3162, #4162, #3343, .T. ) ;
#952 = MECHANICAL_DESIGN_GEOMETRIC_PRESENTATION_REPRESENTATION (  '', ( #5003 ), #622 ) ;
#953 = LINE ( 'NONE', #3952, #2899 ) ;
#954 = ORIENTED_EDGE ( 'NONE', *, *, #81, .T. ) ;
#955 = VECTOR ( 'NONE', #3999, 1000.000000000000000 ) ;
#956 = DIRECTION ( 'NONE',  ( -0.000000000000000000, -1.000000000000000000, -0.000000000000000000 ) ) ;
#957 = EDGE_CURVE ( 'NONE', #1190, #4038, #283, .T. ) ;
#958 = CARTESIAN_POINT ( 'NONE',  ( -2.500000000000000000, 1.100000000000000089, -1.599999999999998979 ) ) ;
#959 = DIRECTION ( 'NONE',  ( 4.336808689942019708E-16, -0.000000000000000000, -1.000000000000000000 ) ) ;
#960 = LINE ( 'NONE', #4035, #3543 ) ;
#961 = EDGE_LOOP ( 'NONE', ( #1505, #1464, #57, #2045 ) ) ;
#962 = EDGE_LOOP ( 'NONE', ( #512, #4595, #3511, #1560, #2136 ) ) ;
#963 = ADVANCED_FACE ( 'NONE', ( #4931 ), #1886, .F. ) ;
#964 = LINE ( 'NONE', #2912, #1926 ) ;
#965 = FACE_OUTER_BOUND ( 'NONE', #4903, .T. ) ;
#966 = CARTESIAN_POINT ( 'NONE',  ( -2.500000000000000000, 0.000000000000000000, 1.399999999999998579 ) ) ;
#967 = ORIENTED_EDGE ( 'NONE', *, *, #666, .T. ) ;
#968 = DIRECTION ( 'NONE',  ( 0.000000000000000000, -1.000000000000000000, 0.000000000000000000 ) ) ;
#969 = ORIENTED_EDGE ( 'NONE', *, *, #552, .F. ) ;
#970 = CYLINDRICAL_SURFACE ( 'NONE', #55, 0.1999999999999998723 ) ;
#971 = CARTESIAN_POINT ( 'NONE',  ( -0.8200000000000006173, 1.109999999999999876, -1.599999999999999867 ) ) ;
#972 = CARTESIAN_POINT ( 'NONE',  ( 1.719999999999999973, 0.5000000000000000000, -1.600000000000000311 ) ) ;
#973 = EDGE_CURVE ( 'NONE', #1845, #4239, #1455, .T. ) ;
#974 = ORIENTED_EDGE ( 'NONE', *, *, #4678, .F. ) ;
#975 = CARTESIAN_POINT ( 'NONE',  ( 0.000000000000000000, 0.000000000000000000, 0.000000000000000000 ) ) ;
#976 = FACE_OUTER_BOUND ( 'NONE', #4480, .T. ) ;
#977 = DIRECTION ( 'NONE',  ( 1.000000000000000000, 0.000000000000000000, 0.000000000000000000 ) ) ;
#978 = ADVANCED_FACE ( 'NONE', ( #3793 ), #1097, .F. ) ;
#979 = VERTEX_POINT ( 'NONE', #4174 ) ;
#980 = LINE ( 'NONE', #2522, #1896 ) ;
#981 = LINE ( 'NONE', #503, #4406 ) ;
#982 = CARTESIAN_POINT ( 'NONE',  ( 2.500000000000000000, 0.01000000000000002623, 1.599999999999999645 ) ) ;
#983 = LINE ( 'NONE', #1730, #1857 ) ;
#984 = EDGE_CURVE ( 'NONE', #1209, #4604, #3417, .T. ) ;
#985 = ORIENTED_EDGE ( 'NONE', *, *, #2497, .T. ) ;
#986 = CARTESIAN_POINT ( 'NONE',  ( 1.570000000000000284, 0.5000000000000000000, -1.600000000000000533 ) ) ;
#987 = DIRECTION ( 'NONE',  ( -0.000000000000000000, -1.000000000000000000, -0.000000000000000000 ) ) ;
#988 = CARTESIAN_POINT ( 'NONE',  ( 1.570000000000000284, 1.100000000000000089, -1.600000000000000533 ) ) ;
#989 = EDGE_CURVE ( 'NONE', #1309, #1960, #2227, .T. ) ;
#990 = PLANE ( 'NONE',  #4905 ) ;
#991 = EDGE_LOOP ( 'NONE', ( #391, #3607, #3773, #3673, #3874, #2235, #1413, #1118 ) ) ;
#992 = DIRECTION ( 'NONE',  ( -1.000000000000000000, 0.000000000000000000, 0.000000000000000000 ) ) ;
#993 = LINE ( 'NONE', #562, #1982 ) ;
#994 = DIRECTION ( 'NONE',  ( 0.000000000000000000, 1.000000000000000000, 0.000000000000000000 ) ) ;
#995 = DIRECTION ( 'NONE',  ( 0.000000000000000000, 0.000000000000000000, -1.000000000000000000 ) ) ;
#996 = ORIENTED_EDGE ( 'NONE', *, *, #2710, .F. ) ;
#997 = DIRECTION ( 'NONE',  ( 1.000000000000000000, 0.000000000000000000, -1.301042606982605321E-16 ) ) ;
#998 = DIRECTION ( 'NONE',  ( 0.000000000000000000, 1.000000000000000000, 0.000000000000000000 ) ) ;
#999 = SURFACE_SIDE_STYLE ('',( #4521 ) ) ;
#1000 = VECTOR ( 'NONE', #3166, 1000.000000000000000 ) ;
#1001 = EDGE_LOOP ( 'NONE', ( #4627, #4794, #4318, #3465 ) ) ;
#1002 = LINE ( 'NONE', #3976, #4813 ) ;
#1003 = VECTOR ( 'NONE', #1335, 1000.000000000000000 ) ;
#1004 = DIRECTION ( 'NONE',  ( 0.000000000000000000, 1.000000000000000000, 0.000000000000000000 ) ) ;
#1005 = ADVANCED_FACE ( 'NONE', ( #684 ), #4977, .F. ) ;
#1006 = CARTESIAN_POINT ( 'NONE',  ( -2.500000000000000000, 1.100000000000000089, 1.600000000000000311 ) ) ;
#1007 = DIRECTION ( 'NONE',  ( 0.000000000000000000, 1.000000000000000000, 0.000000000000000000 ) ) ;
#1008 = VECTOR ( 'NONE', #2569, 1000.000000000000000 ) ;
#1009 = ORIENTED_EDGE ( 'NONE', *, *, #574, .F. ) ;
#1010 = AXIS2_PLACEMENT_3D ( 'NONE', #1016, #4456, #1858 ) ;
#1011 = EDGE_CURVE ( 'NONE', #671, #3191, #2991, .T. ) ;
#1012 = CARTESIAN_POINT ( 'NONE',  ( -1.870000000000000551, 0.01000000000000001235, 1.600000000000000311 ) ) ;
#1013 = CARTESIAN_POINT ( 'NONE',  ( 0.6700000000000001510, 0.000000000000000000, 0.000000000000000000 ) ) ;
#1014 = CARTESIAN_POINT ( 'NONE',  ( -2.500000000000000000, 0.000000000000000000, 0.4999999999999989453 ) ) ;
#1015 = CIRCLE ( 'NONE', #2397, 0.2000000000000003164 ) ;
#1016 = CARTESIAN_POINT ( 'NONE',  ( -0.6700000000000000400, -1.562049935181331506, -1.599999999999999867 ) ) ;
#1017 = VERTEX_POINT ( 'NONE', #1503 ) ;
#1018 = ADVANCED_FACE ( 'NONE', ( #316 ), #3038, .T. ) ;
#1019 = LINE ( 'NONE', #2562, #2241 ) ;
#1021 = VECTOR ( 'NONE', #3197, 1000.000000000000000 ) ;
#1020 = LINE ( 'NONE', #2493, #4415 ) ;
#1022 = DIRECTION ( 'NONE',  ( 0.000000000000000000, 1.000000000000000000, 0.000000000000000000 ) ) ;
#1023 = ORIENTED_EDGE ( 'NONE', *, *, #2694, .T. ) ;
#1024 = VECTOR ( 'NONE', #3851, 1000.000000000000000 ) ;
#1025 = CARTESIAN_POINT ( 'NONE',  ( -1.570000000000000284, 1.100000000000000089, 1.600000000000000755 ) ) ;
#1026 = ORIENTED_EDGE ( 'NONE', *, *, #2647, .T. ) ;
#1027 = EDGE_CURVE ( 'NONE', #1125, #2764, #1400, .T. ) ;
#1028 = CIRCLE ( 'NONE', #4584, 0.1499999999999999667 ) ;
#1029 = VERTEX_POINT ( 'NONE', #2542 ) ;
#1030 = CARTESIAN_POINT ( 'NONE',  ( -1.719999999999999751, 0.5000000000000000000, -0.6000000000000007550 ) ) ;
#1031 = AXIS2_PLACEMENT_3D ( 'NONE', #1041, #3431, #4552 ) ;
#1032 = VECTOR ( 'NONE', #4635, 1000.000000000000000 ) ;
#1033 = CYLINDRICAL_SURFACE ( 'NONE', #937, 0.1999999999999998723 ) ;
#1034 = DIRECTION ( 'NONE',  ( 0.000000000000000000, 0.000000000000000000, 1.000000000000000000 ) ) ;
#1035 = CARTESIAN_POINT ( 'NONE',  ( -0.9700000000000004174, 0.5000000000000000000, 1.450000000000001066 ) ) ;
#1036 = AXIS2_PLACEMENT_3D ( 'NONE', #1542, #3898, #3049 ) ;
#1037 = ORIENTED_EDGE ( 'NONE', *, *, #2442, .F. ) ;
#1038 = EDGE_CURVE ( 'NONE', #37, #4577, #4074, .T. ) ;
#1039 = DIRECTION ( 'NONE',  ( -0.000000000000000000, -1.000000000000000000, -0.000000000000000000 ) ) ;
#1040 = LINE ( 'NONE', #2582, #1253 ) ;
#1041 = CARTESIAN_POINT ( 'NONE',  ( -2.500000000000000000, 1.100000000000000089, -0.4999999999999989453 ) ) ;
#1042 = EDGE_CURVE ( 'NONE', #4814, #3191, #3396, .T. ) ;
#1043 = DIRECTION ( 'NONE',  ( 0.000000000000000000, -0.000000000000000000, 1.000000000000000000 ) ) ;
#1044 = ORIENTED_EDGE ( 'NONE', *, *, #1647, .T. ) ;
#1045 = CARTESIAN_POINT ( 'NONE',  ( -0.8200000000000003952, 0.01000000000000001756, 1.600000000000000089 ) ) ;
#1046 = CARTESIAN_POINT ( 'NONE',  ( 0.8200000000000006173, 0.000000000000000000, 1.599999999999999867 ) ) ;
#1047 = CARTESIAN_POINT ( 'NONE',  ( -0.6700000000000001510, -1.562049935181331506, -0.6000000000000003109 ) ) ;
#1048 = DIRECTION ( 'NONE',  ( 1.000000000000000000, -0.000000000000000000, 0.000000000000000000 ) ) ;
#1049 = VECTOR ( 'NONE', #21, 1000.000000000000000 ) ;
#1050 = EDGE_CURVE ( 'NONE', #5010, #4604, #1791, .T. ) ;
#1051 = ORIENTED_EDGE ( 'NONE', *, *, #4861, .F. ) ;
#1052 = DIRECTION ( 'NONE',  ( 0.000000000000000000, 0.000000000000000000, -1.000000000000000000 ) ) ;
#1053 = EDGE_LOOP ( 'NONE', ( #3652, #4125, #2720, #4113 ) ) ;
#1054 = FACE_OUTER_BOUND ( 'NONE', #5004, .T. ) ;
#1055 = ORIENTED_EDGE ( 'NONE', *, *, #1141, .T. ) ;
#1056 = ADVANCED_FACE ( 'NONE', ( #4876 ), #637, .F. ) ;
#1057 = ORIENTED_EDGE ( 'NONE', *, *, #540, .T. ) ;
#1058 = LINE ( 'NONE', #343, #1407 ) ;
#1059 = DIRECTION ( 'NONE',  ( 0.000000000000000000, -0.000000000000000000, 1.000000000000000000 ) ) ;
#1060 = CARTESIAN_POINT ( 'NONE',  ( -1.719999999999999973, 3.703513695928269733, 1.600000000000000089 ) ) ;
#1061 = LINE ( 'NONE', #724, #3942 ) ;
#1062 = VERTEX_POINT ( 'NONE', #32 ) ;
#1063 = DIRECTION ( 'NONE',  ( 0.000000000000000000, -1.000000000000000000, 0.000000000000000000 ) ) ;
#1064 = CYLINDRICAL_SURFACE ( 'NONE', #2301, 0.1499999999999999667 ) ;
#1065 = DIRECTION ( 'NONE',  ( -1.000000000000000000, -0.000000000000000000, 0.000000000000000000 ) ) ;
#1066 = EDGE_CURVE ( 'NONE', #4586, #3132, #60, .T. ) ;
#1067 = ORIENTED_EDGE ( 'NONE', *, *, #2510, .T. ) ;
#1068 = ORIENTED_EDGE ( 'NONE', *, *, #3642, .F. ) ;
#1069 = DIRECTION ( 'NONE',  ( 0.000000000000000000, -1.000000000000000000, 0.000000000000000000 ) ) ;
#1070 = DIRECTION ( 'NONE',  ( -0.000000000000000000, 0.000000000000000000, -1.000000000000000000 ) ) ;
#1071 = DIRECTION ( 'NONE',  ( -0.000000000000000000, -1.000000000000000000, -0.000000000000000000 ) ) ;
#1072 = EDGE_CURVE ( 'NONE', #3870, #3429, #2345, .T. ) ;
#1073 = EDGE_LOOP ( 'NONE', ( #3076, #1795, #2094, #84, #4339, #3463, #2616, #3371, #436, #3255, #4452, #2216, #3679, #1254, #3728, #4759, #1531, #2213, #2903, #3745, #4855, #22, #3848, #170, #954, #4949, #1925, #2440, #985, #331, #3249, #3234 ) ) ;
#1074 = DIRECTION ( 'NONE',  ( -0.000000000000000000, -1.000000000000000000, -0.000000000000000000 ) ) ;
#1075 = EDGE_CURVE ( 'NONE', #3585, #2082, #4146, .T. ) ;
#1076 = DIRECTION ( 'NONE',  ( -1.000000000000000000, 0.000000000000000000, -3.316902608485481668E-16 ) ) ;
#1077 = ORIENTED_EDGE ( 'NONE', *, *, #1284, .T. ) ;
#1078 = DIRECTION ( 'NONE',  ( -1.000000000000000000, 0.000000000000000000, 7.228014483236695569E-16 ) ) ;
#1079 = DIRECTION ( 'NONE',  ( 0.000000000000000000, 1.000000000000000000, 0.000000000000000000 ) ) ;
#1080 = EDGE_CURVE ( 'NONE', #732, #4591, #2749, .T. ) ;
#1081 = FACE_OUTER_BOUND ( 'NONE', #2379, .T. ) ;
#1082 = PRESENTATION_LAYER_ASSIGNMENT (  '', '', ( #1163 ) ) ;
#1083 = EDGE_LOOP ( 'NONE', ( #1177, #1552, #3829, #4219 ) ) ;
#1084 = CARTESIAN_POINT ( 'NONE',  ( 0.000000000000000000, 0.000000000000000000, 0.000000000000000000 ) ) ;
#1085 = DIRECTION ( 'NONE',  ( -0.000000000000000000, -1.000000000000000000, -0.000000000000000000 ) ) ;
#1086 = FACE_OUTER_BOUND ( 'NONE', #407, .T. ) ;
#1087 = VECTOR ( 'NONE', #4524, 1000.000000000000000 ) ;
#1088 = ORIENTED_EDGE ( 'NONE', *, *, #2833, .F. ) ;
#1089 = VECTOR ( 'NONE', #1971, 1000.000000000000000 ) ;
#1090 = DIRECTION ( 'NONE',  ( -0.000000000000000000, -1.000000000000000000, -0.000000000000000000 ) ) ;
#1091 = EDGE_LOOP ( 'NONE', ( #383, #4148, #4718, #4806 ) ) ;
#1092 = LINE ( 'NONE', #3413, #2002 ) ;
#1093 = PLANE ( 'NONE',  #3177 ) ;
#1094 = FACE_OUTER_BOUND ( 'NONE', #3109, .T. ) ;
#1095 = ORIENTED_EDGE ( 'NONE', *, *, #4795, .F. ) ;
#1096 = EDGE_CURVE ( 'NONE', #2361, #792, #3519, .T. ) ;
#1097 = CYLINDRICAL_SURFACE ( 'NONE', #598, 0.1499999999999999667 ) ;
#1098 = CARTESIAN_POINT ( 'NONE',  ( 0.8200000000000005063, 3.703513695928269733, 0.6000000000000003109 ) ) ;
#1099 = ORIENTED_EDGE ( 'NONE', *, *, #1027, .F. ) ;
#1100 = AXIS2_PLACEMENT_3D ( 'NONE', #4713, #1654, #3184 ) ;
#1101 = ORIENTED_EDGE ( 'NONE', *, *, #530, .T. ) ;
#1102 = EDGE_CURVE ( 'NONE', #3173, #2990, #2393, .T. ) ;
#1103 = CARTESIAN_POINT ( 'NONE',  ( -0.6700000000000001510, 0.5000000000000000000, -0.6000000000000003109 ) ) ;
#1104 = AXIS2_PLACEMENT_3D ( 'NONE', #363, #4253, #2695 ) ;
#1105 = VECTOR ( 'NONE', #711, 1000.000000000000000 ) ;
#1106 = CARTESIAN_POINT ( 'NONE',  ( 0.8200000000000005063, 3.703513695928269733, 1.600000000000000089 ) ) ;
#1107 = DIRECTION ( 'NONE',  ( -1.000000000000000000, 0.000000000000000000, -1.445602896647334381E-15 ) ) ;
#1108 = CARTESIAN_POINT ( 'NONE',  ( -2.500000000000000000, 1.100000000000000089, -0.6999999999999991784 ) ) ;
#1109 = VECTOR ( 'NONE', #4608, 1000.000000000000000 ) ;
#1110 = ORIENTED_EDGE ( 'NONE', *, *, #4856, .F. ) ;
#1111 = VECTOR ( 'NONE', #1804, 1000.000000000000000 ) ;
#1112 = EDGE_CURVE ( 'NONE', #433, #2174, #2773, .T. ) ;
#1113 = VERTEX_POINT ( 'NONE', #466 ) ;
#1114 = CIRCLE ( 'NONE', #4754, 0.2000000000000002054 ) ;
#1115 = CARTESIAN_POINT ( 'NONE',  ( 0.000000000000000000, 1.100000000000000089, 1.599999999999999867 ) ) ;
#1117 = VECTOR ( 'NONE', #2706, 1000.000000000000000 ) ;
#1116 = LINE ( 'NONE', #274, #2090 ) ;
#1118 = ORIENTED_EDGE ( 'NONE', *, *, #4758, .F. ) ;
#1119 = ADVANCED_FACE ( 'NONE', ( #1227 ), #1204, .F. ) ;
#1120 = PLANE ( 'NONE',  #3439 ) ;
#1121 = EDGE_LOOP ( 'NONE', ( #4970, #3545, #1743, #2645 ) ) ;
#1122 = CARTESIAN_POINT ( 'NONE',  ( -1.570000000000000506, 0.5000000000000000000, 1.450000000000001288 ) ) ;
#1123 = DIRECTION ( 'NONE',  ( 0.000000000000000000, 1.000000000000000000, 0.000000000000000000 ) ) ;
#1124 = DIRECTION ( 'NONE',  ( -1.000000000000000000, 0.000000000000000000, 1.301042606982605321E-16 ) ) ;
#1125 = VERTEX_POINT ( 'NONE', #1584 ) ;
#1126 = LINE ( 'NONE', #4251, #3269 ) ;
#1127 = VERTEX_POINT ( 'NONE', #3148 ) ;
#1128 = CIRCLE ( 'NONE', #1942, 0.1499999999999997446 ) ;
#1129 = CARTESIAN_POINT ( 'NONE',  ( 1.719999999999999751, 0.5000000000000000000, -1.600000000000000311 ) ) ;
#1130 = ORIENTED_EDGE ( 'NONE', *, *, #1769, .T. ) ;
#1131 = EDGE_CURVE ( 'NONE', #3662, #3908, #1126, .T. ) ;
#1132 = ORIENTED_EDGE ( 'NONE', *, *, #2687, .F. ) ;
#1133 = VECTOR ( 'NONE', #345, 1000.000000000000000 ) ;
#1134 = DIRECTION ( 'NONE',  ( -1.000000000000000000, -0.000000000000000000, 0.000000000000000000 ) ) ;
#1135 = DIRECTION ( 'NONE',  ( 0.000000000000000000, 0.000000000000000000, 1.000000000000000000 ) ) ;
#1136 = EDGE_CURVE ( 'NONE', #3605, #3807, #437, .T. ) ;
#1137 = VERTEX_POINT ( 'NONE', #3065 ) ;
#1138 = CARTESIAN_POINT ( 'NONE',  ( 0.8200000000000005063, 0.01000000000000002623, 1.600000000000000089 ) ) ;
#1139 = CARTESIAN_POINT ( 'NONE',  ( -2.100000000000000089, 7.985164807134504272, 1.200000000000000844 ) ) ;
#1140 = FACE_OUTER_BOUND ( 'NONE', #3024, .T. ) ;
#1141 = EDGE_CURVE ( 'NONE', #3975, #4801, #1582, .T. ) ;
#1142 = EDGE_LOOP ( 'NONE', ( #2811, #631, #1933, #2153, #4300, #3209 ) ) ;
#1143 = SURFACE_STYLE_USAGE ( .BOTH. , #4293 ) ;
#1144 = CARTESIAN_POINT ( 'NONE',  ( 0.8200000000000005063, 0.01000000000000001756, -0.6000000000000004219 ) ) ;
#1145 = LINE ( 'NONE', #4296, #3097 ) ;
#1146 = CARTESIAN_POINT ( 'NONE',  ( 2.500000000000000000, 0.01000000000000002623, 1.599999999999999645 ) ) ;
#1147 = EDGE_CURVE ( 'NONE', #4364, #4947, #518, .T. ) ;
#1148 = ORIENTED_EDGE ( 'NONE', *, *, #1289, .F. ) ;
#1149 = DIRECTION ( 'NONE',  ( 1.000000000000000000, -0.000000000000000000, -2.710505431213761085E-16 ) ) ;
#1150 = ORIENTED_EDGE ( 'NONE', *, *, #4737, .F. ) ;
#1151 = CYLINDRICAL_SURFACE ( 'NONE', #2738, 0.1499999999999997446 ) ;
#1152 = ORIENTED_EDGE ( 'NONE', *, *, #3110, .T. ) ;
#1153 = VERTEX_POINT ( 'NONE', #4275 ) ;
#1154 = LINE ( 'NONE', #2697, #1171 ) ;
#1155 = CARTESIAN_POINT ( 'NONE',  ( 0.9700000000000006395, 1.109999999999999876, -1.450000000000000622 ) ) ;
#1156 = DIRECTION ( 'NONE',  ( 0.000000000000000000, 1.000000000000000000, 0.000000000000000000 ) ) ;
#1157 = ORIENTED_EDGE ( 'NONE', *, *, #3052, .T. ) ;
#1158 = EDGE_CURVE ( 'NONE', #1320, #4591, #4699, .T. ) ;
#1159 = ORIENTED_EDGE ( 'NONE', *, *, #3075, .F. ) ;
#1160 = CARTESIAN_POINT ( 'NONE',  ( 1.870000000000000107, 0.5000000000000000000, -0.6000000000000007550 ) ) ;
#1161 = CARTESIAN_POINT ( 'NONE',  ( 0.000000000000000000, 0.000000000000000000, -0.6000000000000003109 ) ) ;
#1162 = ORIENTED_EDGE ( 'NONE', *, *, #689, .T. ) ;
#1163 = STYLED_ITEM ( 'NONE', ( #4685 ), #15 ) ;
#1164 = EDGE_LOOP ( 'NONE', ( #2195, #4198, #3794, #2759 ) ) ;
#1165 = EDGE_CURVE ( 'NONE', #158, #37, #360, .T. ) ;
#1166 = DIRECTION ( 'NONE',  ( 0.000000000000000000, 0.000000000000000000, -1.000000000000000000 ) ) ;
#1167 = ORIENTED_EDGE ( 'NONE', *, *, #1831, .F. ) ;
#1168 = FACE_OUTER_BOUND ( 'NONE', #4167, .T. ) ;
#1169 = CARTESIAN_POINT ( 'NONE',  ( -1.870000000000000329, 0.01000000000000002623, 0.9462562514124842616 ) ) ;
#1170 = CARTESIAN_POINT ( 'NONE',  ( 0.8200000000000003952, 0.01000000000000001756, 1.599999999999999867 ) ) ;
#1171 = VECTOR ( 'NONE', #2754, 1000.000000000000000 ) ;
#1172 = ORIENTED_EDGE ( 'NONE', *, *, #1193, .T. ) ;
#1173 = EDGE_CURVE ( 'NONE', #506, #1278, #4639, .T. ) ;
#1174 = CARTESIAN_POINT ( 'NONE',  ( -2.500000000000000000, 1.100000000000000089, 0.6999999999999992895 ) ) ;
#1175 = ORIENTED_EDGE ( 'NONE', *, *, #801, .F. ) ;
#1176 = CARTESIAN_POINT ( 'NONE',  ( 0.8200000000000006173, 0.5000000000000000000, 1.600000000000000089 ) ) ;
#1177 = ORIENTED_EDGE ( 'NONE', *, *, #2772, .T. ) ;
#1178 = VERTEX_POINT ( 'NONE', #389 ) ;
#1179 = ADVANCED_FACE ( 'NONE', ( #415 ), #2692, .F. ) ;
#1180 = DIRECTION ( 'NONE',  ( -0.000000000000000000, -0.000000000000000000, -1.000000000000000000 ) ) ;
#1181 = CARTESIAN_POINT ( 'NONE',  ( 2.500000000000000000, 0.000000000000000000, 1.599999999999999645 ) ) ;
#1182 = FACE_OUTER_BOUND ( 'NONE', #2118, .T. ) ;
#1183 =( NAMED_UNIT ( * ) PLANE_ANGLE_UNIT ( ) SI_UNIT ( $, .RADIAN. ) );
#1184 = VECTOR ( 'NONE', #98, 1000.000000000000000 ) ;
#1185 = ORIENTED_EDGE ( 'NONE', *, *, #957, .T. ) ;
#1186 = VECTOR ( 'NONE', #496, 1000.000000000000000 ) ;
#1187 = ORIENTED_EDGE ( 'NONE', *, *, #4156, .F. ) ;
#1188 = DIRECTION ( 'NONE',  ( 1.000000000000000000, 0.000000000000000000, -0.000000000000000000 ) ) ;
#1189 = DIRECTION ( 'NONE',  ( 0.000000000000000000, 1.000000000000000000, 0.000000000000000000 ) ) ;
#1190 = VERTEX_POINT ( 'NONE', #3090 ) ;
#1191 = AXIS2_PLACEMENT_3D ( 'NONE', #535, #3616, #1810 ) ;
#1192 = AXIS2_PLACEMENT_3D ( 'NONE', #251, #1415, #3729 ) ;
#1193 = EDGE_CURVE ( 'NONE', #1585, #1569, #793, .T. ) ;
#1194 = VERTEX_POINT ( 'NONE', #4430 ) ;
#1195 = AXIS2_PLACEMENT_3D ( 'NONE', #4818, #2135, #4846 ) ;
#1196 = VECTOR ( 'NONE', #4387, 1000.000000000000000 ) ;
#1197 = ORIENTED_EDGE ( 'NONE', *, *, #1316, .T. ) ;
#1198 = DIRECTION ( 'NONE',  ( 0.000000000000000000, 1.000000000000000000, 0.000000000000000000 ) ) ;
#1199 = DIRECTION ( 'NONE',  ( -0.000000000000000000, -1.000000000000000000, -0.000000000000000000 ) ) ;
#1200 = CARTESIAN_POINT ( 'NONE',  ( 2.099999999999999201, 1.110000000000000098, -1.200000000000000400 ) ) ;
#1201 = EDGE_CURVE ( 'NONE', #2361, #895, #277, .T. ) ;
#1202 = VECTOR ( 'NONE', #319, 1000.000000000000000 ) ;
#1203 = EDGE_LOOP ( 'NONE', ( #3653, #3342, #2337, #2042, #646, #2686, #4694, #4378 ) ) ;
#1204 = CYLINDRICAL_SURFACE ( 'NONE', #2391, 0.1499999999999995226 ) ;
#1205 = VERTEX_POINT ( 'NONE', #912 ) ;
#1206 = LINE ( 'NONE', #1129, #2239 ) ;
#1207 = ORIENTED_EDGE ( 'NONE', *, *, #2193, .F. ) ;
#1208 = EDGE_CURVE ( 'NONE', #172, #1306, #3989, .T. ) ;
#1209 = VERTEX_POINT ( 'NONE', #2460 ) ;
#1210 = FACE_OUTER_BOUND ( 'NONE', #1142, .T. ) ;
#1211 = CARTESIAN_POINT ( 'NONE',  ( 1.719999999999999973, 0.5000000000000000000, 1.599999999999999867 ) ) ;
#1212 = VECTOR ( 'NONE', #478, 1000.000000000000000 ) ;
#1213 = CARTESIAN_POINT ( 'NONE',  ( 0.8200000000000005063, -1.562049935181331506, 1.600000000000000089 ) ) ;
#1214 = EDGE_CURVE ( 'NONE', #1493, #4534, #2305, .T. ) ;
#1215 = ORIENTED_EDGE ( 'NONE', *, *, #2920, .F. ) ;
#1216 = ORIENTED_EDGE ( 'NONE', *, *, #3803, .F. ) ;
#1217 = CARTESIAN_POINT ( 'NONE',  ( 1.570000000000000284, 0.5000000000000000000, 1.600000000000000533 ) ) ;
#1218 = DIRECTION ( 'NONE',  ( -1.000000000000000000, -0.000000000000000000, -1.445602896647334381E-15 ) ) ;
#1219 = VERTEX_POINT ( 'NONE', #4044 ) ;
#1220 = ORIENTED_EDGE ( 'NONE', *, *, #4650, .F. ) ;
#1221 = FILL_AREA_STYLE_COLOUR ( '', #3192 ) ;
#1222 = ORIENTED_EDGE ( 'NONE', *, *, #1586, .T. ) ;
#1223 = LINE ( 'NONE', #2417, #1032 ) ;
#1224 = DIRECTION ( 'NONE',  ( -0.000000000000000000, -1.000000000000000000, -0.000000000000000000 ) ) ;
#1225 = CARTESIAN_POINT ( 'NONE',  ( -2.100000000000000089, 1.100000000000000089, -1.600000000000000533 ) ) ;
#1226 = ORIENTED_EDGE ( 'NONE', *, *, #2552, .T. ) ;
#1227 = FACE_OUTER_BOUND ( 'NONE', #177, .T. ) ;
#1228 = EDGE_CURVE ( 'NONE', #4926, #4677, #871, .T. ) ;
#1229 = ORIENTED_EDGE ( 'NONE', *, *, #2314, .T. ) ;
#1230 = EDGE_CURVE ( 'NONE', #1885, #3585, #559, .T. ) ;
#1231 = PLANE ( 'NONE',  #3600 ) ;
#1232 = ORIENTED_EDGE ( 'NONE', *, *, #1620, .F. ) ;
#1233 = CARTESIAN_POINT ( 'NONE',  ( -0.9700000000000006395, 1.100000000000000311, -1.450000000000000400 ) ) ;
#1234 = LINE ( 'NONE', #3897, #3205 ) ;
#1235 = EDGE_CURVE ( 'NONE', #605, #1153, #1277, .T. ) ;
#1236 = PLANE ( 'NONE',  #1597 ) ;
#1237 = LINE ( 'NONE', #4625, #2186 ) ;
#1238 = ORIENTED_EDGE ( 'NONE', *, *, #1136, .F. ) ;
#1239 = EDGE_CURVE ( 'NONE', #1137, #3468, #1300, .T. ) ;
#1240 = CARTESIAN_POINT ( 'NONE',  ( 1.719999999999999973, 1.100000000000000089, 1.599999999999999867 ) ) ;
#1241 = ORIENTED_EDGE ( 'NONE', *, *, #4911, .T. ) ;
#1242 = EDGE_LOOP ( 'NONE', ( #3763, #3766, #3094, #4936 ) ) ;
#1243 = LINE ( 'NONE', #2036, #2556 ) ;
#1244 = FACE_OUTER_BOUND ( 'NONE', #3856, .T. ) ;
#1245 = CARTESIAN_POINT ( 'NONE',  ( -0.8200000000000006173, -1.562049935181331506, -1.600000000000000089 ) ) ;
#1246 = LINE ( 'NONE', #1613, #1520 ) ;
#1247 = VECTOR ( 'NONE', #2588, 1000.000000000000000 ) ;
#1248 = ORIENTED_EDGE ( 'NONE', *, *, #398, .T. ) ;
#1249 = AXIS2_PLACEMENT_3D ( 'NONE', #4551, #1085, #4944 ) ;
#1250 = LINE ( 'NONE', #2797, #4485 ) ;
#1251 = ORIENTED_EDGE ( 'NONE', *, *, #2861, .F. ) ;
#1252 = DIRECTION ( 'NONE',  ( 0.000000000000000000, -0.000000000000000000, 1.000000000000000000 ) ) ;
#1253 = VECTOR ( 'NONE', #1854, 1000.000000000000000 ) ;
#1254 = ORIENTED_EDGE ( 'NONE', *, *, #419, .T. ) ;
#1255 = CARTESIAN_POINT ( 'NONE',  ( -1.719999999999999973, 0.01000000000000000021, 0.7962562514124875701 ) ) ;
#1256 = AXIS2_PLACEMENT_3D ( 'NONE', #1866, #1814, #1429 ) ;
#1257 = DIRECTION ( 'NONE',  ( 1.000000000000000000, 0.000000000000000000, 1.445602896647333395E-15 ) ) ;
#1258 = DIRECTION ( 'NONE',  ( 0.000000000000000000, -1.000000000000000000, 0.000000000000000000 ) ) ;
#1259 = EDGE_CURVE ( 'NONE', #1260, #942, #3661, .T. ) ;
#1260 = VERTEX_POINT ( 'NONE', #3638 ) ;
#1261 = VECTOR ( 'NONE', #1448, 1000.000000000000000 ) ;
#1262 = CARTESIAN_POINT ( 'NONE',  ( -0.8200000000000008393, 1.100000000000000089, -1.600000000000000089 ) ) ;
#1263 = LINE ( 'NONE', #169, #4435 ) ;
#1264 = ORIENTED_EDGE ( 'NONE', *, *, #2035, .T. ) ;
#1265 = EDGE_CURVE ( 'NONE', #1275, #1927, #3264, .T. ) ;
#1266 = ORIENTED_EDGE ( 'NONE', *, *, #1884, .F. ) ;
#1267 = STYLED_ITEM ( 'NONE', ( #3751 ), #1702 ) ;
#1268 = FILL_AREA_STYLE ('',( #3938 ) ) ;
#1269 = AXIS2_PLACEMENT_3D ( 'NONE', #4536, #1501, #1451 ) ;
#1270 = CARTESIAN_POINT ( 'NONE',  ( -1.720000000000000195, 0.01000000000000001756, 0.7962562514124879032 ) ) ;
#1272 = VECTOR ( 'NONE', #2825, 1000.000000000000000 ) ;
#1271 = LINE ( 'NONE', #4322, #1435 ) ;
#1273 = EDGE_CURVE ( 'NONE', #346, #1731, #3613, .T. ) ;
#1274 = CIRCLE ( 'NONE', #4505, 0.1499999999999999667 ) ;
#1275 = VERTEX_POINT ( 'NONE', #1716 ) ;
#1276 = CIRCLE ( 'NONE', #2566, 0.1999999999999996503 ) ;
#1277 = LINE ( 'NONE', #2137, #362 ) ;
#1278 = VERTEX_POINT ( 'NONE', #3240 ) ;
#1279 = CARTESIAN_POINT ( 'NONE',  ( -2.100000000000000089, 1.110000000000000098, 1.600000000000000755 ) ) ;
#1280 = VECTOR ( 'NONE', #2809, 1000.000000000000000 ) ;
#1281 = ORIENTED_EDGE ( 'NONE', *, *, #1165, .F. ) ;
#1282 = PLANE ( 'NONE',  #4478 ) ;
#1283 = DIRECTION ( 'NONE',  ( -0.000000000000000000, -1.000000000000000000, -0.000000000000000000 ) ) ;
#1284 = EDGE_CURVE ( 'NONE', #2681, #1306, #4796, .T. ) ;
#1285 = LINE ( 'NONE', #2401, #545 ) ;
#1286 = ADVANCED_FACE ( 'NONE', ( #4019 ), #3945, .F. ) ;
#1287 = ORIENTED_EDGE ( 'NONE', *, *, #1011, .F. ) ;
#1288 = ADVANCED_FACE ( 'NONE', ( #939 ), #2117, .F. ) ;
#1289 = EDGE_CURVE ( 'NONE', #2285, #431, #1250, .T. ) ;
#1290 = DIRECTION ( 'NONE',  ( 0.000000000000000000, 1.000000000000000000, 0.000000000000000000 ) ) ;
#1291 = DIRECTION ( 'NONE',  ( 1.000000000000000000, -0.000000000000000000, 0.000000000000000000 ) ) ;
#1292 = VECTOR ( 'NONE', #3978, 1000.000000000000000 ) ;
#1293 = EDGE_LOOP ( 'NONE', ( #558, #352, #576, #1497 ) ) ;
#1294 = ORIENTED_EDGE ( 'NONE', *, *, #2193, .T. ) ;
#1295 = ADVANCED_FACE ( 'NONE', ( #3565 ), #4554, .F. ) ;
#1296 = PLANE ( 'NONE',  #4004 ) ;
#1297 = DIRECTION ( 'NONE',  ( -1.000000000000000000, -0.000000000000000000, 0.000000000000000000 ) ) ;
#1298 = DIRECTION ( 'NONE',  ( 0.000000000000000000, 1.000000000000000000, 0.000000000000000000 ) ) ;
#1299 = ORIENTED_EDGE ( 'NONE', *, *, #2805, .F. ) ;
#1300 = LINE ( 'NONE', #201, #4902 ) ;
#1301 = EDGE_LOOP ( 'NONE', ( #3410, #3394, #3084, #1667, #507 ) ) ;
#1302 = EDGE_CURVE ( 'NONE', #4383, #2443, #630, .T. ) ;
#1303 = CARTESIAN_POINT ( 'NONE',  ( 1.870000000000000551, -1.562049935181331506, 1.600000000000000311 ) ) ;
#1304 = CARTESIAN_POINT ( 'NONE',  ( 2.499999999999997780, 1.100000000000000089, 1.200000000000000844 ) ) ;
#1305 = DIRECTION ( 'NONE',  ( 1.084202172485504927E-16, 0.000000000000000000, 1.000000000000000000 ) ) ;
#1306 = VERTEX_POINT ( 'NONE', #3360 ) ;
#1307 = CARTESIAN_POINT ( 'NONE',  ( -1.523743748587508273, -1.562049935181331506, 0.6000000000000006439 ) ) ;
#1308 = DIRECTION ( 'NONE',  ( -0.000000000000000000, -1.000000000000000000, -0.000000000000000000 ) ) ;
#1309 = VERTEX_POINT ( 'NONE', #3389 ) ;
#1310 = CARTESIAN_POINT ( 'NONE',  ( -0.9700000000000003064, 1.100000000000000089, 1.450000000000001066 ) ) ;
#1311 = LINE ( 'NONE', #2852, #1893 ) ;
#1312 = CARTESIAN_POINT ( 'NONE',  ( 2.500000000000000000, 0.000000000000000000, 1.599999999999999645 ) ) ;
#1313 = DIRECTION ( 'NONE',  ( 0.000000000000000000, -0.000000000000000000, -1.000000000000000000 ) ) ;
#1314 = ORIENTED_EDGE ( 'NONE', *, *, #17, .F. ) ;
#1315 = ORIENTED_EDGE ( 'NONE', *, *, #4366, .F. ) ;
#1316 = EDGE_CURVE ( 'NONE', #942, #2308, #2956, .T. ) ;
#1317 = LINE ( 'NONE', #2454, #3846 ) ;
#1318 = DIRECTION ( 'NONE',  ( -0.000000000000000000, 0.000000000000000000, -1.000000000000000000 ) ) ;
#1319 = DIRECTION ( 'NONE',  ( 0.000000000000000000, 1.000000000000000000, 0.000000000000000000 ) ) ;
#1320 = VERTEX_POINT ( 'NONE', #604 ) ;
#1321 = CARTESIAN_POINT ( 'NONE',  ( 2.500000000000000000, 0.000000000000000000, -1.600000000000000533 ) ) ;
#1322 = ORIENTED_EDGE ( 'NONE', *, *, #2920, .T. ) ;
#1323 = FACE_OUTER_BOUND ( 'NONE', #2930, .T. ) ;
#1324 = DIRECTION ( 'NONE',  ( 0.000000000000000000, 0.000000000000000000, 1.000000000000000000 ) ) ;
#1325 = FACE_OUTER_BOUND ( 'NONE', #4766, .T. ) ;
#1326 = EDGE_CURVE ( 'NONE', #732, #2900, #4869, .T. ) ;
#1327 = ORIENTED_EDGE ( 'NONE', *, *, #3274, .T. ) ;
#1328 = DIRECTION ( 'NONE',  ( 0.000000000000000000, 1.000000000000000000, -0.000000000000000000 ) ) ;
#1329 = PLANE ( 'NONE',  #212 ) ;
#1330 = AXIS2_PLACEMENT_3D ( 'NONE', #3634, #4845, #175 ) ;
#1331 = PLANE ( 'NONE',  #3357 ) ;
#1332 = ADVANCED_FACE ( 'NONE', ( #3787 ), #4948, .T. ) ;
#1333 = EDGE_LOOP ( 'NONE', ( #2561, #502, #4208, #1957 ) ) ;
#1334 = VECTOR ( 'NONE', #238, 1000.000000000000000 ) ;
#1335 = DIRECTION ( 'NONE',  ( 0.000000000000000000, 1.000000000000000000, 0.000000000000000000 ) ) ;
#1336 = CARTESIAN_POINT ( 'NONE',  ( 1.719999999999999973, 0.5000000000000000000, -0.6000000000000007550 ) ) ;
#1337 = CYLINDRICAL_SURFACE ( 'NONE', #3770, 0.2000000000000002054 ) ;
#1338 = CARTESIAN_POINT ( 'NONE',  ( 2.500000000000000000, 1.100000000000000089, 0.4999999999999997780 ) ) ;
#1339 = ORIENTED_EDGE ( 'NONE', *, *, #530, .F. ) ;
#1340 = ORIENTED_EDGE ( 'NONE', *, *, #973, .F. ) ;
#1341 = DIRECTION ( 'NONE',  ( -1.000000000000000000, 0.000000000000000000, -3.614007241618350743E-16 ) ) ;
#1342 = LINE ( 'NONE', #2913, #2144 ) ;
#1343 = CARTESIAN_POINT ( 'NONE',  ( -2.500000000000000000, 1.100000000000000089, 1.399999999999998579 ) ) ;
#1344 = EDGE_CURVE ( 'NONE', #3581, #2509, #229, .T. ) ;
#1345 = VECTOR ( 'NONE', #3304, 1000.000000000000000 ) ;
#1346 = EDGE_LOOP ( 'NONE', ( #4294, #2282, #4538, #4689 ) ) ;
#1347 = DIRECTION ( 'NONE',  ( 0.000000000000000000, 1.000000000000000000, 0.000000000000000000 ) ) ;
#1348 = VECTOR ( 'NONE', #134, 1000.000000000000000 ) ;
#1349 = AXIS2_PLACEMENT_3D ( 'NONE', #3499, #40, #1592 ) ;
#1350 = ORIENTED_EDGE ( 'NONE', *, *, #3608, .T. ) ;
#1351 = DIRECTION ( 'NONE',  ( -1.000000000000000000, 0.000000000000000000, -0.000000000000000000 ) ) ;
#1352 = CARTESIAN_POINT ( 'NONE',  ( -0.6700000000000000400, 0.01000000000000001235, -1.599999999999999867 ) ) ;
#1353 = FACE_OUTER_BOUND ( 'NONE', #3691, .T. ) ;
#1354 = CIRCLE ( 'NONE', #4165, 0.2000000000000002054 ) ;
#1355 = VECTOR ( 'NONE', #3940, 1000.000000000000000 ) ;
#1356 = ORIENTED_EDGE ( 'NONE', *, *, #4609, .T. ) ;
#1357 = DIRECTION ( 'NONE',  ( -2.539877274133561294E-16, 0.000000000000000000, -1.000000000000000000 ) ) ;
#1358 = AXIS2_PLACEMENT_3D ( 'NONE', #4455, #4793, #2059 ) ;
#1359 = VECTOR ( 'NONE', #3078, 1000.000000000000000 ) ;
#1360 = ADVANCED_FACE ( 'NONE', ( #4164 ), #990, .F. ) ;
#1361 = ORIENTED_EDGE ( 'NONE', *, *, #4382, .F. ) ;
#1362 = DIRECTION ( 'NONE',  ( -1.000000000000000000, -0.000000000000000000, -2.710505431213761085E-16 ) ) ;
#1363 = DIRECTION ( 'NONE',  ( 0.000000000000000000, 1.000000000000000000, 0.000000000000000000 ) ) ;
#1364 = EDGE_CURVE ( 'NONE', #1379, #4752, #1833, .T. ) ;
#1365 = CARTESIAN_POINT ( 'NONE',  ( 0.000000000000000000, 0.000000000000000000, 1.450000000000000844 ) ) ;
#1366 = CARTESIAN_POINT ( 'NONE',  ( -0.9700000000000006395, 0.5000000000000000000, 1.600000000000000311 ) ) ;
#1367 = ORIENTED_EDGE ( 'NONE', *, *, #2447, .F. ) ;
#1368 = VERTEX_POINT ( 'NONE', #3335 ) ;
#1369 = VECTOR ( 'NONE', #2549, 1000.000000000000000 ) ;
#1370 = CARTESIAN_POINT ( 'NONE',  ( 2.500000000000000000, 1.100000000000000089, 1.399999999999999245 ) ) ;
#1371 = CARTESIAN_POINT ( 'NONE',  ( -2.500000000000000000, 1.100000000000000089, 1.200000000000000844 ) ) ;
#1372 = CARTESIAN_POINT ( 'NONE',  ( -0.8200000000000005063, 0.5000000000000000000, 1.600000000000000311 ) ) ;
#1373 = VECTOR ( 'NONE', #668, 1000.000000000000000 ) ;
#1374 = DIRECTION ( 'NONE',  ( -4.336808689942019708E-16, 0.000000000000000000, -1.000000000000000000 ) ) ;
#1375 = VERTEX_POINT ( 'NONE', #4925 ) ;
#1376 = LINE ( 'NONE', #1787, #1679 ) ;
#1377 = CARTESIAN_POINT ( 'NONE',  ( -0.6700000000000000400, 0.000000000000000000, -1.599999999999999867 ) ) ;
#1378 = PLANE ( 'NONE',  #697 ) ;
#1379 = VERTEX_POINT ( 'NONE', #651 ) ;
#1380 = EDGE_CURVE ( 'NONE', #30, #3990, #2585, .T. ) ;
#1381 = CARTESIAN_POINT ( 'NONE',  ( -0.8200000000000006173, -1.562049935181331506, -1.600000000000000089 ) ) ;
#1382 = FACE_OUTER_BOUND ( 'NONE', #4513, .T. ) ;
#1383 =( LENGTH_UNIT ( ) NAMED_UNIT ( * ) SI_UNIT ( .MILLI., .METRE. ) );
#1384 = ORIENTED_EDGE ( 'NONE', *, *, #1066, .F. ) ;
#1385 = EDGE_CURVE ( 'NONE', #3061, #4320, #709, .T. ) ;
#1386 = CARTESIAN_POINT ( 'NONE',  ( -1.570000000000000284, 0.000000000000000000, -1.450000000000000622 ) ) ;
#1387 = LINE ( 'NONE', #2010, #1184 ) ;
#1388 = LINE ( 'NONE', #2622, #2489 ) ;
#1389 = ORIENTED_EDGE ( 'NONE', *, *, #4262, .F. ) ;
#1390 = EDGE_CURVE ( 'NONE', #3809, #1017, #2260, .T. ) ;
#1391 = CARTESIAN_POINT ( 'NONE',  ( -2.100000000000000089, 1.100000000000000089, 1.200000000000000844 ) ) ;
#1392 = CARTESIAN_POINT ( 'NONE',  ( 2.299999999999998046, 7.985164807134504272, 1.200000000000000844 ) ) ;
#1393 = DIRECTION ( 'NONE',  ( 0.000000000000000000, 0.000000000000000000, -1.000000000000000000 ) ) ;
#1394 = DIRECTION ( 'NONE',  ( -0.000000000000000000, -0.000000000000000000, -1.000000000000000000 ) ) ;
#1395 = ORIENTED_EDGE ( 'NONE', *, *, #2173, .F. ) ;
#1396 = FACE_OUTER_BOUND ( 'NONE', #4107, .T. ) ;
#1397 = CARTESIAN_POINT ( 'NONE',  ( -0.9700000000000006395, -1.562049935181331506, 1.600000000000000311 ) ) ;
#1398 = DIRECTION ( 'NONE',  ( 0.000000000000000000, 1.000000000000000000, 0.000000000000000000 ) ) ;
#1399 = EDGE_LOOP ( 'NONE', ( #4020, #410, #4823, #2709, #4270, #70, #1989, #4049 ) ) ;
#1400 = LINE ( 'NONE', #4539, #847 ) ;
#1401 = EDGE_LOOP ( 'NONE', ( #395, #2161, #3867, #2479 ) ) ;
#1402 = LINE ( 'NONE', #1431, #4924 ) ;
#1403 = VECTOR ( 'NONE', #2653, 1000.000000000000000 ) ;
#1404 = EDGE_CURVE ( 'NONE', #3547, #4162, #3291, .T. ) ;
#1405 = ORIENTED_EDGE ( 'NONE', *, *, #4451, .F. ) ;
#1406 = PLANE ( 'NONE',  #354 ) ;
#1407 = VECTOR ( 'NONE', #641, 1000.000000000000000 ) ;
#1408 = CARTESIAN_POINT ( 'NONE',  ( 0.9700000000000006395, 0.5000000000000000000, 1.600000000000000311 ) ) ;
#1409 = DIRECTION ( 'NONE',  ( 7.228014483236692611E-16, -0.000000000000000000, 1.000000000000000000 ) ) ;
#1410 = CARTESIAN_POINT ( 'NONE',  ( 0.000000000000000000, 0.01000000000000000021, 0.000000000000000000 ) ) ;
#1411 = EDGE_CURVE ( 'NONE', #4276, #158, #4112, .T. ) ;
#1412 = VECTOR ( 'NONE', #5006, 1000.000000000000000 ) ;
#1413 = ORIENTED_EDGE ( 'NONE', *, *, #4667, .F. ) ;
#1414 = EDGE_LOOP ( 'NONE', ( #269, #1556, #1395, #1067, #3470, #2064 ) ) ;
#1415 = DIRECTION ( 'NONE',  ( -0.000000000000000000, -1.000000000000000000, -0.000000000000000000 ) ) ;
#1416 = CARTESIAN_POINT ( 'NONE',  ( -1.719999999999999973, 1.100000000000000311, -1.600000000000000089 ) ) ;
#1417 = DIRECTION ( 'NONE',  ( -0.000000000000000000, -1.000000000000000000, -0.000000000000000000 ) ) ;
#1418 = EDGE_CURVE ( 'NONE', #150, #4611, #278, .T. ) ;
#1419 = CIRCLE ( 'NONE', #853, 0.1499999999999997446 ) ;
#1420 = DIRECTION ( 'NONE',  ( -0.000000000000000000, -1.000000000000000000, -0.000000000000000000 ) ) ;
#1421 = ORIENTED_EDGE ( 'NONE', *, *, #1038, .T. ) ;
#1422 = DIRECTION ( 'NONE',  ( -2.710505431213761085E-16, 0.000000000000000000, -1.000000000000000000 ) ) ;
#1423 = CARTESIAN_POINT ( 'NONE',  ( -2.500000000000000000, 1.110000000000000098, 1.200000000000000844 ) ) ;
#1425 = AXIS2_PLACEMENT_3D ( 'NONE', #1181, #800, #3924 ) ;
#1424 = CARTESIAN_POINT ( 'NONE',  ( 1.570000000000000284, 1.100000000000000311, 1.450000000000000622 ) ) ;
#1426 = ADVANCED_FACE ( 'NONE', ( #1785 ), #4479, .F. ) ;
#1427 = VERTEX_POINT ( 'NONE', #2915 ) ;
#1428 = AXIS2_PLACEMENT_3D ( 'NONE', #2374, #2937, #4458 ) ;
#1429 = DIRECTION ( 'NONE',  ( 0.000000000000000000, -0.000000000000000000, -1.000000000000000000 ) ) ;
#1430 = ORIENTED_EDGE ( 'NONE', *, *, #858, .F. ) ;
#1431 = CARTESIAN_POINT ( 'NONE',  ( -0.6700000000000001510, 0.01000000000000002623, 0.6000000000000003109 ) ) ;
#1432 = AXIS2_PLACEMENT_3D ( 'NONE', #1397, #257, #2843 ) ;
#1433 = AXIS2_PLACEMENT_3D ( 'NONE', #434, #1986, #4244 ) ;
#1434 = FACE_OUTER_BOUND ( 'NONE', #837, .T. ) ;
#1435 = VECTOR ( 'NONE', #4636, 1000.000000000000000 ) ;
#1436 = VECTOR ( 'NONE', #3460, 1000.000000000000000 ) ;
#1437 = DIRECTION ( 'NONE',  ( 0.000000000000000000, 0.000000000000000000, -1.000000000000000000 ) ) ;
#1438 = ADVANCED_FACE ( 'NONE', ( #2158 ), #1959, .F. ) ;
#1439 = FACE_OUTER_BOUND ( 'NONE', #2291, .T. ) ;
#1440 =( GEOMETRIC_REPRESENTATION_CONTEXT ( 3 ) GLOBAL_UNCERTAINTY_ASSIGNED_CONTEXT ( ( #3510 ) ) GLOBAL_UNIT_ASSIGNED_CONTEXT ( ( #1383, #4935, #2217 ) ) REPRESENTATION_CONTEXT ( 'NONE', 'WORKASPACE' ) );
#1441 = EDGE_CURVE ( 'NONE', #4162, #3748, #380, .T. ) ;
#1442 = ORIENTED_EDGE ( 'NONE', *, *, #2609, .F. ) ;
#1443 = DIRECTION ( 'NONE',  ( 0.000000000000000000, -0.000000000000000000, 1.000000000000000000 ) ) ;
#1444 = DIRECTION ( 'NONE',  ( 0.000000000000000000, -1.000000000000000000, -0.000000000000000000 ) ) ;
#1445 = CARTESIAN_POINT ( 'NONE',  ( -0.6700000000000001510, 0.000000000000000000, 0.000000000000000000 ) ) ;
#1446 = VECTOR ( 'NONE', #2525, 1000.000000000000000 ) ;
#1447 = EDGE_CURVE ( 'NONE', #2174, #2726, #1419, .T. ) ;
#1448 = DIRECTION ( 'NONE',  ( -0.000000000000000000, -1.000000000000000000, -0.000000000000000000 ) ) ;
#1449 = VERTEX_POINT ( 'NONE', #4215 ) ;
#1450 = FACE_OUTER_BOUND ( 'NONE', #2685, .T. ) ;
#1451 = DIRECTION ( 'NONE',  ( 0.000000000000000000, -0.000000000000000000, 1.000000000000000000 ) ) ;
#1452 = AXIS2_PLACEMENT_3D ( 'NONE', #1601, #2335, #3556 ) ;
#1453 = ORIENTED_EDGE ( 'NONE', *, *, #3330, .T. ) ;
#1454 = EDGE_CURVE ( 'NONE', #1834, #2203, #3672, .T. ) ;
#1455 = LINE ( 'NONE', #261, #4315 ) ;
#1456 = ORIENTED_EDGE ( 'NONE', *, *, #3124, .T. ) ;
#1457 = LINE ( 'NONE', #2993, #2016 ) ;
#1458 = ORIENTED_EDGE ( 'NONE', *, *, #3194, .F. ) ;
#1459 = EDGE_LOOP ( 'NONE', ( #230, #3935, #3157, #4324 ) ) ;
#1460 = DIRECTION ( 'NONE',  ( 1.000000000000000000, 0.000000000000000000, 0.000000000000000000 ) ) ;
#1461 = CARTESIAN_POINT ( 'NONE',  ( -1.570000000000000284, 0.000000000000000000, 1.600000000000000533 ) ) ;
#1462 = CARTESIAN_POINT ( 'NONE',  ( 0.000000000000000000, 0.01000000000000000021, 0.6000000000000007550 ) ) ;
#1463 = PLANE ( 'NONE',  #2426 ) ;
#1464 = ORIENTED_EDGE ( 'NONE', *, *, #4667, .T. ) ;
#1465 = DIRECTION ( 'NONE',  ( 3.316902608485481668E-16, -0.000000000000000000, -1.000000000000000000 ) ) ;
#1466 = DIRECTION ( 'NONE',  ( 0.000000000000000000, 0.000000000000000000, -1.000000000000000000 ) ) ;
#1467 = CARTESIAN_POINT ( 'NONE',  ( -1.870000000000000329, 0.01000000000000000715, -0.6000000000000007550 ) ) ;
#1468 = EDGE_CURVE ( 'NONE', #4783, #2378, #1607, .T. ) ;
#1469 = ORIENTED_EDGE ( 'NONE', *, *, #748, .F. ) ;
#1470 = CARTESIAN_POINT ( 'NONE',  ( 1.719999999999999973, 3.703513695928269733, -0.6000000000000007550 ) ) ;
#1471 = ORIENTED_EDGE ( 'NONE', *, *, #2756, .F. ) ;
#1472 = DIRECTION ( 'NONE',  ( -1.000000000000000000, 0.000000000000000000, 3.614007241618346306E-16 ) ) ;
#1473 = LINE ( 'NONE', #4116, #4997 ) ;
#1474 = EDGE_CURVE ( 'NONE', #1914, #3922, #1526, .T. ) ;
#1475 = ORIENTED_EDGE ( 'NONE', *, *, #1737, .F. ) ;
#1476 = DIRECTION ( 'NONE',  ( -0.000000000000000000, -1.000000000000000000, -0.000000000000000000 ) ) ;
#1477 = ORIENTED_EDGE ( 'NONE', *, *, #3727, .T. ) ;
#1478 = DIRECTION ( 'NONE',  ( 0.000000000000000000, -0.000000000000000000, -1.000000000000000000 ) ) ;
#1479 = ORIENTED_EDGE ( 'NONE', *, *, #373, .T. ) ;
#1480 = EDGE_CURVE ( 'NONE', #320, #1801, #525, .T. ) ;
#1481 = VERTEX_POINT ( 'NONE', #3808 ) ;
#1482 = CARTESIAN_POINT ( 'NONE',  ( -0.9700000000000004174, -1.562049935181331506, 1.450000000000000400 ) ) ;
#1483 = DIRECTION ( 'NONE',  ( 0.000000000000000000, 1.000000000000000000, 0.000000000000000000 ) ) ;
#1484 = DIRECTION ( 'NONE',  ( 0.000000000000000000, 0.000000000000000000, -1.000000000000000000 ) ) ;
#1485 = LINE ( 'NONE', #1108, #1373 ) ;
#1486 = EDGE_CURVE ( 'NONE', #1977, #172, #1015, .T. ) ;
#1487 = ORIENTED_EDGE ( 'NONE', *, *, #3217, .F. ) ;
#1488 = CLOSED_SHELL ( 'NONE', ( #3415, #1179, #1005, #1876, #4277, #3782, #4634, #390, #4396, #3088, #3473, #2464, #1119, #1662, #3388, #611, #3857, #1360, #4317, #5005, #2656, #2018, #1668, #1908, #2948, #2716, #65, #194, #338, #851, #468, #3454, #233, #4719, #3409, #3576, #3103, #4086, #2283, #3295, #1286, #3514, #365, #696, #173, #92, #1802, #4576, #762, #4058, #2626, #917, #288, #509, #4834, #2416, #2184, #4302, #1981, #4030, #1056, #1537, #4941, #1890, #2384, #3261, #2526 ) ) ;
#1489 = VERTEX_POINT ( 'NONE', #333 ) ;
#1490 = DIRECTION ( 'NONE',  ( 1.000000000000000000, 0.000000000000000000, -0.000000000000000000 ) ) ;
#1491 = DIRECTION ( 'NONE',  ( 0.000000000000000000, 1.000000000000000000, 0.000000000000000000 ) ) ;
#1492 = VECTOR ( 'NONE', #2148, 1000.000000000000000 ) ;
#1493 = VERTEX_POINT ( 'NONE', #50 ) ;
#1494 = VECTOR ( 'NONE', #1328, 1000.000000000000000 ) ;
#1495 = DIRECTION ( 'NONE',  ( 0.000000000000000000, 0.000000000000000000, -1.000000000000000000 ) ) ;
#1496 = MANIFOLD_SOLID_BREP ( 'Cut-Extrude4[4]', #3733 ) ;
#1497 = ORIENTED_EDGE ( 'NONE', *, *, #4247, .F. ) ;
#1498 = EDGE_CURVE ( 'NONE', #2508, #828, #836, .T. ) ;
#1499 = CARTESIAN_POINT ( 'NONE',  ( 1.570000000000000284, 1.100000000000000089, 1.450000000000000622 ) ) ;
#1500 = CARTESIAN_POINT ( 'NONE',  ( 2.099999999999999201, 1.300000000000000044, -1.200000000000000400 ) ) ;
#1501 = DIRECTION ( 'NONE',  ( 0.000000000000000000, 1.000000000000000000, 0.000000000000000000 ) ) ;
#1502 = ORIENTED_EDGE ( 'NONE', *, *, #747, .T. ) ;
#1503 = CARTESIAN_POINT ( 'NONE',  ( -1.870000000000000329, 0.000000000000000000, -0.6000000000000007550 ) ) ;
#1504 = PRESENTATION_LAYER_ASSIGNMENT (  '', '', ( #3994 ) ) ;
#1505 = ORIENTED_EDGE ( 'NONE', *, *, #4503, .T. ) ;
#1506 = CYLINDRICAL_SURFACE ( 'NONE', #1104, 0.2000000000000003164 ) ;
#1507 = ORIENTED_EDGE ( 'NONE', *, *, #4827, .F. ) ;
#1508 = DIRECTION ( 'NONE',  ( -0.000000000000000000, -1.000000000000000000, -0.000000000000000000 ) ) ;
#1509 = DIRECTION ( 'NONE',  ( -0.000000000000000000, -1.000000000000000000, -0.000000000000000000 ) ) ;
#1510 = EDGE_CURVE ( 'NONE', #3970, #3625, #2310, .T. ) ;
#1511 = MECHANICAL_DESIGN_GEOMETRIC_PRESENTATION_REPRESENTATION (  '', ( #4681 ), #1440 ) ;
#1512 = AXIS2_PLACEMENT_3D ( 'NONE', #4899, #1422, #2960 ) ;
#1513 = PLANE ( 'NONE',  #2970 ) ;
#1514 = CARTESIAN_POINT ( 'NONE',  ( -2.500000000000000000, 0.000000000000000000, 1.600000000000000311 ) ) ;
#1515 = VECTOR ( 'NONE', #3222, 1000.000000000000000 ) ;
#1516 = EDGE_LOOP ( 'NONE', ( #2022, #599, #925, #3349 ) ) ;
#1517 = VECTOR ( 'NONE', #2785, 1000.000000000000000 ) ;
#1518 = EDGE_CURVE ( 'NONE', #103, #2641, #2471, .T. ) ;
#1519 = SURFACE_STYLE_USAGE ( .BOTH. , #3804 ) ;
#1520 = VECTOR ( 'NONE', #2714, 1000.000000000000000 ) ;
#1521 = CARTESIAN_POINT ( 'NONE',  ( 0.000000000000000000, 0.01000000000000000021, -0.6000000000000007550 ) ) ;
#1523 = AXIS2_PLACEMENT_3D ( 'NONE', #4939, #3378, #4105 ) ;
#1522 = CARTESIAN_POINT ( 'NONE',  ( 2.500000000000000000, 0.000000000000000000, 1.599999999999999645 ) ) ;
#1524 = CARTESIAN_POINT ( 'NONE',  ( 2.499999999999998224, 1.110000000000000098, -1.200000000000000400 ) ) ;
#1525 = VERTEX_POINT ( 'NONE', #3831 ) ;
#1526 = LINE ( 'NONE', #353, #1757 ) ;
#1527 = VERTEX_POINT ( 'NONE', #3029 ) ;
#1528 = LINE ( 'NONE', #4928, #2885 ) ;
#1529 = CARTESIAN_POINT ( 'NONE',  ( 0.9700000000000003064, 0.5000000000000000000, -1.450000000000000400 ) ) ;
#1530 = CARTESIAN_POINT ( 'NONE',  ( -2.500000000000000444, 1.100000000000000089, -1.200000000000000622 ) ) ;
#1531 = ORIENTED_EDGE ( 'NONE', *, *, #1952, .T. ) ;
#1532 = CARTESIAN_POINT ( 'NONE',  ( -2.299999999999999378, 1.109999999999999876, -1.200000000000000622 ) ) ;
#1533 = ORIENTED_EDGE ( 'NONE', *, *, #3544, .F. ) ;
#1534 = VECTOR ( 'NONE', #4966, 1000.000000000000000 ) ;
#1535 = DIRECTION ( 'NONE',  ( -0.000000000000000000, 0.000000000000000000, 1.000000000000000000 ) ) ;
#1536 = ORIENTED_EDGE ( 'NONE', *, *, #661, .F. ) ;
#1537 = ADVANCED_FACE ( 'NONE', ( #4242 ), #1120, .F. ) ;
#1538 = EDGE_CURVE ( 'NONE', #3061, #3536, #409, .T. ) ;
#1539 = ORIENTED_EDGE ( 'NONE', *, *, #227, .T. ) ;
#1540 = LINE ( 'NONE', #3527, #1089 ) ;
#1541 = CARTESIAN_POINT ( 'NONE',  ( -1.719999999999999973, -3.203513695928269733, -1.600000000000000311 ) ) ;
#1542 = CARTESIAN_POINT ( 'NONE',  ( -1.570000000000000284, 0.5000000000000000000, 1.600000000000000533 ) ) ;
#1543 = DIRECTION ( 'NONE',  ( -0.7071067811865560104, 0.000000000000000000, 0.7071067811865391350 ) ) ;
#1544 = ORIENTED_EDGE ( 'NONE', *, *, #3082, .T. ) ;
#1545 = ORIENTED_EDGE ( 'NONE', *, *, #1011, .T. ) ;
#1546 = DIRECTION ( 'NONE',  ( 1.000000000000000000, 0.000000000000000000, -1.301042606982605321E-16 ) ) ;
#1547 = DIRECTION ( 'NONE',  ( 0.000000000000000000, 1.000000000000000000, 0.000000000000000000 ) ) ;
#1548 = ORIENTED_EDGE ( 'NONE', *, *, #739, .T. ) ;
#1549 = EDGE_CURVE ( 'NONE', #2203, #2174, #1243, .T. ) ;
#1550 = ORIENTED_EDGE ( 'NONE', *, *, #2229, .F. ) ;
#1551 =( LENGTH_UNIT ( ) NAMED_UNIT ( * ) SI_UNIT ( .MILLI., .METRE. ) );
#1552 = ORIENTED_EDGE ( 'NONE', *, *, #3623, .T. ) ;
#1553 = LINE ( 'NONE', #2037, #2957 ) ;
#1554 = LINE ( 'NONE', #2015, #4841 ) ;
#1555 = EDGE_CURVE ( 'NONE', #3922, #3870, #2149, .T. ) ;
#1556 = ORIENTED_EDGE ( 'NONE', *, *, #1165, .T. ) ;
#1557 = DIRECTION ( 'NONE',  ( 0.000000000000000000, 1.000000000000000000, 0.000000000000000000 ) ) ;
#1558 = ORIENTED_EDGE ( 'NONE', *, *, #3382, .F. ) ;
#1559 = LINE ( 'NONE', #796, #2637 ) ;
#1560 = ORIENTED_EDGE ( 'NONE', *, *, #246, .F. ) ;
#1561 = MANIFOLD_SOLID_BREP ( 'Boss-Extrude5', #1488 ) ;
#1562 = PLANE ( 'NONE',  #4815 ) ;
#1563 = CARTESIAN_POINT ( 'NONE',  ( 0.6700000000000000400, -1.562049935181331506, -1.599999999999999867 ) ) ;
#1564 = EDGE_CURVE ( 'NONE', #1813, #979, #4829, .T. ) ;
#1565 = LINE ( 'NONE', #3072, #3290 ) ;
#1566 = DIRECTION ( 'NONE',  ( 1.000000000000000000, 0.000000000000000000, -0.000000000000000000 ) ) ;
#1567 = ADVANCED_FACE ( 'NONE', ( #1681 ), #1033, .T. ) ;
#1568 = ORIENTED_EDGE ( 'NONE', *, *, #4850, .T. ) ;
#1569 = VERTEX_POINT ( 'NONE', #4447 ) ;
#1570 = PLANE ( 'NONE',  #791 ) ;
#1571 = LINE ( 'NONE', #1651, #1212 ) ;
#1572 = ORIENTED_EDGE ( 'NONE', *, *, #3567, .F. ) ;
#1573 = AXIS2_PLACEMENT_3D ( 'NONE', #3237, #4817, #2437 ) ;
#1574 = ORIENTED_EDGE ( 'NONE', *, *, #3058, .F. ) ;
#1575 = CARTESIAN_POINT ( 'NONE',  ( 1.870000000000000551, 0.01000000000000002623, 1.600000000000000311 ) ) ;
#1576 = AXIS2_PLACEMENT_3D ( 'NONE', #4761, #2076, #4078 ) ;
#1577 = ORIENTED_EDGE ( 'NONE', *, *, #1518, .F. ) ;
#1578 = EDGE_CURVE ( 'NONE', #2594, #506, #3200, .T. ) ;
#1579 = CARTESIAN_POINT ( 'NONE',  ( -1.870000000000000551, -1.562049935181331506, 1.600000000000000311 ) ) ;
#1580 = CYLINDRICAL_SURFACE ( 'NONE', #31, 0.1499999999999997446 ) ;
#1581 = DIRECTION ( 'NONE',  ( 0.000000000000000000, 1.000000000000000000, 0.000000000000000000 ) ) ;
#1582 = CIRCLE ( 'NONE', #3905, 0.3999999999999999667 ) ;
#1583 = ORIENTED_EDGE ( 'NONE', *, *, #3074, .F. ) ;
#1584 = CARTESIAN_POINT ( 'NONE',  ( -1.870000000000000773, 0.01000000000000001756, -1.599999999999999867 ) ) ;
#1585 = VERTEX_POINT ( 'NONE', #3213 ) ;
#1586 = EDGE_CURVE ( 'NONE', #4424, #3605, #981, .T. ) ;
#1587 = LINE ( 'NONE', #718, #1202 ) ;
#1588 = ORIENTED_EDGE ( 'NONE', *, *, #180, .F. ) ;
#1589 = ORIENTED_EDGE ( 'NONE', *, *, #3074, .T. ) ;
#1590 = VECTOR ( 'NONE', #2385, 1000.000000000000000 ) ;
#1591 = DIRECTION ( 'NONE',  ( 0.000000000000000000, -0.000000000000000000, 1.000000000000000000 ) ) ;
#1592 = DIRECTION ( 'NONE',  ( 0.000000000000000000, 0.000000000000000000, -1.000000000000000000 ) ) ;
#1593 = LINE ( 'NONE', #2275, #2734 ) ;
#1594 = DIRECTION ( 'NONE',  ( 0.000000000000000000, 1.000000000000000000, -0.000000000000000000 ) ) ;
#1595 = VECTOR ( 'NONE', #1509, 1000.000000000000000 ) ;
#1596 = ORIENTED_EDGE ( 'NONE', *, *, #1385, .F. ) ;
#1597 = AXIS2_PLACEMENT_3D ( 'NONE', #2101, #1724, #2826 ) ;
#1598 = VECTOR ( 'NONE', #3266, 1000.000000000000000 ) ;
#1599 = ORIENTED_EDGE ( 'NONE', *, *, #1265, .F. ) ;
#1600 = DIRECTION ( 'NONE',  ( 1.000000000000000000, 0.000000000000000000, -0.000000000000000000 ) ) ;
#1601 = CARTESIAN_POINT ( 'NONE',  ( 0.6700000000000000400, 0.5000000000000000000, -1.599999999999999867 ) ) ;
#1602 = ORIENTED_EDGE ( 'NONE', *, *, #457, .F. ) ;
#1603 = VECTOR ( 'NONE', #4047, 1000.000000000000000 ) ;
#1604 = VECTOR ( 'NONE', #2387, 1000.000000000000000 ) ;
#1605 = UNCERTAINTY_MEASURE_WITH_UNIT (LENGTH_MEASURE( 1.000000000000000082E-05 ), #1551, 'distance_accuracy_value', 'NONE');
#1606 = ADVANCED_FACE ( 'NONE', ( #2906 ), #4319, .F. ) ;
#1607 = LINE ( 'NONE', #4660, #1590 ) ;
#1608 = AXIS2_PLACEMENT_3D ( 'NONE', #3087, #1963, #3167 ) ;
#1609 = VECTOR ( 'NONE', #3455, 1000.000000000000000 ) ;
#1610 = ORIENTED_EDGE ( 'NONE', *, *, #17, .T. ) ;
#1611 = CARTESIAN_POINT ( 'NONE',  ( -1.719999999999999973, 3.703513695928269733, 1.600000000000000089 ) ) ;
#1612 = DIRECTION ( 'NONE',  ( -0.7071067811865560104, -0.000000000000000000, 0.7071067811865391350 ) ) ;
#1613 = CARTESIAN_POINT ( 'NONE',  ( -1.870000000000000551, 0.01000000000000002623, -1.600000000000000311 ) ) ;
#1614 = VECTOR ( 'NONE', #4201, 1000.000000000000000 ) ;
#1615 = EDGE_CURVE ( 'NONE', #404, #4568, #592, .T. ) ;
#1616 = ORIENTED_EDGE ( 'NONE', *, *, #1720, .F. ) ;
#1617 = DIRECTION ( 'NONE',  ( 0.000000000000000000, 0.000000000000000000, -1.000000000000000000 ) ) ;
#1618 = VERTEX_POINT ( 'NONE', #861 ) ;
#1619 = LINE ( 'NONE', #3150, #3361 ) ;
#1620 = EDGE_CURVE ( 'NONE', #3191, #394, #455, .T. ) ;
#1621 = EDGE_LOOP ( 'NONE', ( #3701, #1690, #5007, #2315 ) ) ;
#1622 = DIRECTION ( 'NONE',  ( 0.000000000000000000, 1.000000000000000000, 0.000000000000000000 ) ) ;
#1623 = CARTESIAN_POINT ( 'NONE',  ( -2.100000000000000089, 1.109999999999999876, -1.400000000000000133 ) ) ;
#1624 = VECTOR ( 'NONE', #2431, 1000.000000000000000 ) ;
#1625 = DIRECTION ( 'NONE',  ( -0.7071067811865391350, 0.000000000000000000, -0.7071067811865560104 ) ) ;
#1626 = VECTOR ( 'NONE', #695, 1000.000000000000000 ) ;
#1627 = VERTEX_POINT ( 'NONE', #2414 ) ;
#1628 = DIRECTION ( 'NONE',  ( 4.336808689942019708E-16, 0.000000000000000000, 1.000000000000000000 ) ) ;
#1629 = LINE ( 'NONE', #779, #2412 ) ;
#1630 = PLANE ( 'NONE',  #554 ) ;
#1631 = ORIENTED_EDGE ( 'NONE', *, *, #2341, .T. ) ;
#1632 = ORIENTED_EDGE ( 'NONE', *, *, #3586, .F. ) ;
#1633 = FACE_OUTER_BOUND ( 'NONE', #685, .T. ) ;
#1634 = ORIENTED_EDGE ( 'NONE', *, *, #4519, .T. ) ;
#1635 = PLANE ( 'NONE',  #465 ) ;
#1636 = DIRECTION ( 'NONE',  ( -1.084202172485504927E-16, -0.000000000000000000, 1.000000000000000000 ) ) ;
#1637 = DIRECTION ( 'NONE',  ( 1.000000000000000000, -0.000000000000000000, 0.000000000000000000 ) ) ;
#1638 = EDGE_CURVE ( 'NONE', #3667, #109, #1387, .T. ) ;
#1639 = EDGE_LOOP ( 'NONE', ( #48, #4457, #1101, #326 ) ) ;
#1640 = CARTESIAN_POINT ( 'NONE',  ( 0.000000000000000000, 0.000000000000000000, 1.600000000000000311 ) ) ;
#1641 = VERTEX_POINT ( 'NONE', #3539 ) ;
#1642 = ADVANCED_FACE ( 'NONE', ( #1633 ), #3163, .F. ) ;
#1643 = FACE_OUTER_BOUND ( 'NONE', #3195, .T. ) ;
#1644 = VERTEX_POINT ( 'NONE', #1918 ) ;
#1645 = LINE ( 'NONE', #3475, #2619 ) ;
#1646 = CARTESIAN_POINT ( 'NONE',  ( -1.570000000000000284, 1.109999999999999876, 1.450000000000000844 ) ) ;
#1647 = EDGE_CURVE ( 'NONE', #3579, #687, #4182, .T. ) ;
#1648 = DIRECTION ( 'NONE',  ( 0.000000000000000000, -0.000000000000000000, 1.000000000000000000 ) ) ;
#1649 = ORIENTED_EDGE ( 'NONE', *, *, #645, .T. ) ;
#1650 = DIRECTION ( 'NONE',  ( 0.000000000000000000, 0.000000000000000000, 1.000000000000000000 ) ) ;
#1651 = CARTESIAN_POINT ( 'NONE',  ( -2.100000000000000089, 1.110000000000000098, 1.449999999999999289 ) ) ;
#1652 = ORIENTED_EDGE ( 'NONE', *, *, #1638, .F. ) ;
#1653 = ORIENTED_EDGE ( 'NONE', *, *, #4708, .F. ) ;
#1654 = DIRECTION ( 'NONE',  ( 0.000000000000000000, 0.000000000000000000, 1.000000000000000000 ) ) ;
#1655 = ORIENTED_EDGE ( 'NONE', *, *, #4596, .F. ) ;
#1656 = CARTESIAN_POINT ( 'NONE',  ( -1.523743748587508051, 0.5000000000000000000, 0.6000000000000005329 ) ) ;
#1657 = DIRECTION ( 'NONE',  ( -1.000000000000000000, 0.000000000000000000, 1.445602896647334381E-15 ) ) ;
#1658 = DIRECTION ( 'NONE',  ( 0.000000000000000000, -0.000000000000000000, 1.000000000000000000 ) ) ;
#1659 = AXIS2_PLACEMENT_3D ( 'NONE', #2312, #788, #3086 ) ;
#1660 = ORIENTED_EDGE ( 'NONE', *, *, #2761, .T. ) ;
#1661 = AXIS2_PLACEMENT_3D ( 'NONE', #2974, #4960, #2574 ) ;
#1662 = ADVANCED_FACE ( 'NONE', ( #2998 ), #3799, .F. ) ;
#1663 = DIRECTION ( 'NONE',  ( 1.000000000000000000, 0.000000000000000000, -1.301042606982605321E-16 ) ) ;
#1664 = ORIENTED_EDGE ( 'NONE', *, *, #2377, .F. ) ;
#1665 = LINE ( 'NONE', #1279, #1348 ) ;
#1666 = VECTOR ( 'NONE', #4462, 1000.000000000000000 ) ;
#1667 = ORIENTED_EDGE ( 'NONE', *, *, #2869, .F. ) ;
#1668 = ADVANCED_FACE ( 'NONE', ( #722 ), #292, .F. ) ;
#1669 = DIRECTION ( 'NONE',  ( 0.000000000000000000, -0.000000000000000000, 1.000000000000000000 ) ) ;
#1670 = LINE ( 'NONE', #516, #2480 ) ;
#1671 = ORIENTED_EDGE ( 'NONE', *, *, #943, .T. ) ;
#1672 = EDGE_CURVE ( 'NONE', #4371, #979, #2575, .T. ) ;
#1673 = CARTESIAN_POINT ( 'NONE',  ( 1.719999999999999973, 0.000000000000000000, 1.600000000000000533 ) ) ;
#1674 = AXIS2_PLACEMENT_3D ( 'NONE', #3126, #68, #1257 ) ;
#1675 = FACE_OUTER_BOUND ( 'NONE', #1242, .T. ) ;
#1676 = PLANE ( 'NONE',  #2747 ) ;
#1677 = ORIENTED_EDGE ( 'NONE', *, *, #3549, .T. ) ;
#1678 = ORIENTED_EDGE ( 'NONE', *, *, #3762, .T. ) ;
#1679 = VECTOR ( 'NONE', #4871, 1000.000000000000000 ) ;
#1680 = EDGE_CURVE ( 'NONE', #1309, #1813, #2224, .T. ) ;
#1681 = FACE_OUTER_BOUND ( 'NONE', #4268, .T. ) ;
#1682 = VECTOR ( 'NONE', #4301, 1000.000000000000000 ) ;
#1683 = DIRECTION ( 'NONE',  ( 1.084202172485504927E-16, -0.000000000000000000, -1.000000000000000000 ) ) ;
#1684 = DIRECTION ( 'NONE',  ( 0.000000000000000000, 0.000000000000000000, -1.000000000000000000 ) ) ;
#1686 = CIRCLE ( 'NONE', #777, 0.1499999999999997446 ) ;
#1685 = CARTESIAN_POINT ( 'NONE',  ( -1.719999999999999751, 1.100000000000000089, -1.599999999999999867 ) ) ;
#1687 = AXIS2_PLACEMENT_3D ( 'NONE', #4273, #1637, #4350 ) ;
#1688 = EDGE_LOOP ( 'NONE', ( #2638, #2488, #2452, #4556 ) ) ;
#1689 = CIRCLE ( 'NONE', #58, 0.2000000000000002054 ) ;
#1690 = ORIENTED_EDGE ( 'NONE', *, *, #497, .F. ) ;
#1691 = DIRECTION ( 'NONE',  ( -0.000000000000000000, -1.000000000000000000, -0.000000000000000000 ) ) ;
#1692 = DIRECTION ( 'NONE',  ( 0.000000000000000000, 1.000000000000000000, 0.000000000000000000 ) ) ;
#1693 = AXIS2_PLACEMENT_3D ( 'NONE', #4884, #1409, #2949 ) ;
#1694 = ORIENTED_EDGE ( 'NONE', *, *, #2110, .T. ) ;
#1695 = DIRECTION ( 'NONE',  ( 0.000000000000000000, -0.000000000000000000, 1.000000000000000000 ) ) ;
#1696 = DIRECTION ( 'NONE',  ( -0.000000000000000000, -1.000000000000000000, 0.000000000000000000 ) ) ;
#1697 = CARTESIAN_POINT ( 'NONE',  ( 0.9700000000000006395, 1.100000000000000089, -1.600000000000000311 ) ) ;
#1698 = EDGE_CURVE ( 'NONE', #4038, #1916, #128, .T. ) ;
#1699 = ADVANCED_FACE ( 'NONE', ( #691 ), #1892, .T. ) ;
#1700 = ORIENTED_EDGE ( 'NONE', *, *, #2989, .F. ) ;
#1701 = DIRECTION ( 'NONE',  ( 0.000000000000000000, 0.000000000000000000, -1.000000000000000000 ) ) ;
#1702 = MANIFOLD_SOLID_BREP ( 'Boss-Extrude3', #3500 ) ;
#1703 = CARTESIAN_POINT ( 'NONE',  ( 1.870000000000000329, 0.01000000000000000715, 0.6000000000000007550 ) ) ;
#1704 = CARTESIAN_POINT ( 'NONE',  ( 1.570000000000000284, 0.5000000000000000000, 0.6000000000000003109 ) ) ;
#1705 = DIRECTION ( 'NONE',  ( -1.445602896647333395E-15, 0.000000000000000000, -1.000000000000000000 ) ) ;
#1706 = AXIS2_PLACEMENT_3D ( 'NONE', #2031, #3507, #3827 ) ;
#1707 = EDGE_LOOP ( 'NONE', ( #4018, #2075, #2006, #647, #2608 ) ) ;
#1708 = ADVANCED_FACE ( 'NONE', ( #2620 ), #3722, .F. ) ;
#1709 = ORIENTED_EDGE ( 'NONE', *, *, #2065, .F. ) ;
#1710 = AXIS2_PLACEMENT_3D ( 'NONE', #5013, #1923, #69 ) ;
#1711 = FACE_OUTER_BOUND ( 'NONE', #2240, .T. ) ;
#1712 = CARTESIAN_POINT ( 'NONE',  ( 0.000000000000000000, 1.100000000000000089, -1.600000000000000533 ) ) ;
#1713 = CARTESIAN_POINT ( 'NONE',  ( 1.719999999999999973, 1.100000000000000089, -1.600000000000000311 ) ) ;
#1714 = EDGE_CURVE ( 'NONE', #44, #716, #2676, .T. ) ;
#1715 = VERTEX_POINT ( 'NONE', #1821 ) ;
#1716 = CARTESIAN_POINT ( 'NONE',  ( 2.499999999999998224, 1.100000000000000089, 1.200000000000000844 ) ) ;
#1717 = VERTEX_POINT ( 'NONE', #3346 ) ;
#1718 = DIRECTION ( 'NONE',  ( -1.000000000000000000, -0.000000000000000000, 0.000000000000000000 ) ) ;
#1719 = CYLINDRICAL_SURFACE ( 'NONE', #1843, 0.1499999999999999667 ) ;
#1720 = EDGE_CURVE ( 'NONE', #1137, #1029, #3117, .T. ) ;
#1721 = CARTESIAN_POINT ( 'NONE',  ( -0.9700000000000004174, 0.5000000000000000000, -1.450000000000001066 ) ) ;
#1722 = ORIENTED_EDGE ( 'NONE', *, *, #3707, .F. ) ;
#1723 = DIRECTION ( 'NONE',  ( 0.000000000000000000, 0.000000000000000000, -1.000000000000000000 ) ) ;
#1724 = DIRECTION ( 'NONE',  ( 2.710505431213761085E-16, 0.000000000000000000, -1.000000000000000000 ) ) ;
#1725 = ORIENTED_EDGE ( 'NONE', *, *, #3727, .F. ) ;
#1726 = DIRECTION ( 'NONE',  ( -0.000000000000000000, -1.000000000000000000, -0.000000000000000000 ) ) ;
#1727 = EDGE_CURVE ( 'NONE', #4383, #3647, #4571, .T. ) ;
#1728 = CARTESIAN_POINT ( 'NONE',  ( 2.099999999999999201, 1.110000000000000098, 1.600000000000000755 ) ) ;
#1729 = CARTESIAN_POINT ( 'NONE',  ( 0.6700000000000000400, -1.562049935181331506, 1.599999999999999867 ) ) ;
#1730 = CARTESIAN_POINT ( 'NONE',  ( -2.300000000000000266, 7.985164807134504272, 1.200000000000000622 ) ) ;
#1731 = VERTEX_POINT ( 'NONE', #4985 ) ;
#1732 = ORIENTED_EDGE ( 'NONE', *, *, #3598, .T. ) ;
#1733 = LINE ( 'NONE', #1370, #3530 ) ;
#1734 = CYLINDRICAL_SURFACE ( 'NONE', #275, 0.1499999999999997446 ) ;
#1735 = CYLINDRICAL_SURFACE ( 'NONE', #3289, 0.1499999999999997446 ) ;
#1736 = ORIENTED_EDGE ( 'NONE', *, *, #807, .F. ) ;
#1737 = EDGE_CURVE ( 'NONE', #3990, #716, #2474, .T. ) ;
#1738 = ORIENTED_EDGE ( 'NONE', *, *, #3211, .T. ) ;
#1739 = CARTESIAN_POINT ( 'NONE',  ( -2.500000000000000000, 1.100000000000000089, -1.399999999999998801 ) ) ;
#1740 = LINE ( 'NONE', #2867, #3838 ) ;
#1741 = CARTESIAN_POINT ( 'NONE',  ( -0.9700000000000006395, 1.109999999999999876, 1.600000000000000311 ) ) ;
#1742 = AXIS2_PLACEMENT_3D ( 'NONE', #1500, #1123, #2666 ) ;
#1743 = ORIENTED_EDGE ( 'NONE', *, *, #4770, .T. ) ;
#1744 = EDGE_CURVE ( 'NONE', #298, #4052, #3951, .T. ) ;
#1745 = PLANE ( 'NONE',  #3743 ) ;
#1746 = DIRECTION ( 'NONE',  ( 0.000000000000000000, 0.000000000000000000, -1.000000000000000000 ) ) ;
#1747 = VECTOR ( 'NONE', #3710, 1000.000000000000000 ) ;
#1748 = CARTESIAN_POINT ( 'NONE',  ( -1.870000000000000551, 0.5000000000000000000, 1.600000000000000311 ) ) ;
#1749 =( NAMED_UNIT ( * ) SI_UNIT ( $, .STERADIAN. ) SOLID_ANGLE_UNIT ( ) );
#1750 = ORIENTED_EDGE ( 'NONE', *, *, #4827, .T. ) ;
#1751 = VECTOR ( 'NONE', #1074, 1000.000000000000000 ) ;
#1752 = LINE ( 'NONE', #2175, #3423 ) ;
#1753 = CARTESIAN_POINT ( 'NONE',  ( 2.299999999999999822, 1.100000000000000089, 1.599999999999999645 ) ) ;
#1754 = DIRECTION ( 'NONE',  ( 0.000000000000000000, -0.000000000000000000, 1.000000000000000000 ) ) ;
#1755 = ORIENTED_EDGE ( 'NONE', *, *, #3320, .T. ) ;
#1756 = ORIENTED_EDGE ( 'NONE', *, *, #2647, .F. ) ;
#1757 = VECTOR ( 'NONE', #812, 1000.000000000000000 ) ;
#1758 = DIRECTION ( 'NONE',  ( -2.710505431213761085E-16, 0.000000000000000000, 1.000000000000000000 ) ) ;
#1759 = CARTESIAN_POINT ( 'NONE',  ( -0.8200000000000005063, 0.01000000000000002623, -0.6000000000000003109 ) ) ;
#1760 = DIRECTION ( 'NONE',  ( 0.000000000000000000, 1.000000000000000000, 0.000000000000000000 ) ) ;
#1761 = AXIS2_PLACEMENT_3D ( 'NONE', #4598, #4938, #3453 ) ;
#1762 = EDGE_CURVE ( 'NONE', #394, #4995, #4282, .T. ) ;
#1763 = CARTESIAN_POINT ( 'NONE',  ( -1.870000000000000551, 0.000000000000000000, 0.000000000000000000 ) ) ;
#1764 = VECTOR ( 'NONE', #3617, 1000.000000000000000 ) ;
#1765 = VERTEX_POINT ( 'NONE', #1623 ) ;
#1766 = PLANE ( 'NONE',  #1428 ) ;
#1767 = CARTESIAN_POINT ( 'NONE',  ( -0.9700000000000006395, 0.5000000000000000000, 1.600000000000000311 ) ) ;
#1768 = PLANE ( 'NONE',  #3529 ) ;
#1769 = EDGE_CURVE ( 'NONE', #1375, #3813, #2025, .T. ) ;
#1770 = AXIS2_PLACEMENT_3D ( 'NONE', #3665, #350, #1811 ) ;
#1771 = AXIS2_PLACEMENT_3D ( 'NONE', #2952, #1063, #4133 ) ;
#1772 = ORIENTED_EDGE ( 'NONE', *, *, #3695, .F. ) ;
#1773 = VECTOR ( 'NONE', #3977, 1000.000000000000000 ) ;
#1774 = EDGE_CURVE ( 'NONE', #931, #3181, #3096, .T. ) ;
#1775 = ORIENTED_EDGE ( 'NONE', *, *, #2234, .F. ) ;
#1776 = CARTESIAN_POINT ( 'NONE',  ( 0.000000000000000000, 0.000000000000000000, 0.6000000000000003109 ) ) ;
#1777 = DIRECTION ( 'NONE',  ( 0.000000000000000000, 1.000000000000000000, 0.000000000000000000 ) ) ;
#1778 = DIRECTION ( 'NONE',  ( 0.000000000000000000, 0.000000000000000000, -1.000000000000000000 ) ) ;
#1779 = VERTEX_POINT ( 'NONE', #1155 ) ;
#1780 = CIRCLE ( 'NONE', #4602, 0.2000000000000000944 ) ;
#1781 = DIRECTION ( 'NONE',  ( 0.000000000000000000, 1.000000000000000000, 0.000000000000000000 ) ) ;
#1782 = FACE_OUTER_BOUND ( 'NONE', #132, .T. ) ;
#1783 = LINE ( 'NONE', #1685, #3131 ) ;
#1784 =( GEOMETRIC_REPRESENTATION_CONTEXT ( 3 ) GLOBAL_UNCERTAINTY_ASSIGNED_CONTEXT ( ( #4690 ) ) GLOBAL_UNIT_ASSIGNED_CONTEXT ( ( #4029, #3199, #1749 ) ) REPRESENTATION_CONTEXT ( 'NONE', 'WORKASPACE' ) );
#1785 = FACE_OUTER_BOUND ( 'NONE', #2394, .T. ) ;
#1786 = ORIENTED_EDGE ( 'NONE', *, *, #2538, .T. ) ;
#1787 = CARTESIAN_POINT ( 'NONE',  ( 1.870000000000000551, -1.562049935181331506, 1.600000000000000311 ) ) ;
#1788 = CARTESIAN_POINT ( 'NONE',  ( 0.6700000000000000400, 0.01000000000000002623, 1.599999999999999867 ) ) ;
#1789 = DIRECTION ( 'NONE',  ( 0.000000000000000000, 1.000000000000000000, 0.000000000000000000 ) ) ;
#1790 = ORIENTED_EDGE ( 'NONE', *, *, #2422, .T. ) ;
#1791 = LINE ( 'NONE', #3321, #4978 ) ;
#1792 = PLANE ( 'NONE',  #462 ) ;
#1793 = ADVANCED_FACE ( 'NONE', ( #3476 ), #2698, .F. ) ;
#1794 = FACE_OUTER_BOUND ( 'NONE', #3654, .T. ) ;
#1795 = ORIENTED_EDGE ( 'NONE', *, *, #3563, .T. ) ;
#1796 = PLANE ( 'NONE',  #4390 ) ;
#1797 =( NAMED_UNIT ( * ) PLANE_ANGLE_UNIT ( ) SI_UNIT ( $, .RADIAN. ) );
#1798 = ADVANCED_FACE ( 'NONE', ( #877 ), #2399, .F. ) ;
#1799 = CARTESIAN_POINT ( 'NONE',  ( -0.8200000000000003952, 0.5000000000000000000, 1.600000000000000311 ) ) ;
#1800 = LINE ( 'NONE', #2601, #1369 ) ;
#1801 = VERTEX_POINT ( 'NONE', #1646 ) ;
#1802 = ADVANCED_FACE ( 'NONE', ( #3570 ), #397, .F. ) ;
#1803 = ORIENTED_EDGE ( 'NONE', *, *, #3571, .T. ) ;
#1804 = DIRECTION ( 'NONE',  ( -1.000000000000000000, -0.000000000000000000, 0.000000000000000000 ) ) ;
#1805 = CARTESIAN_POINT ( 'NONE',  ( 2.500000000000000000, 0.01000000000000002623, 1.599999999999999645 ) ) ;
#1806 = CARTESIAN_POINT ( 'NONE',  ( -1.570000000000000284, 1.100000000000000311, 1.450000000000000844 ) ) ;
#1807 = DIRECTION ( 'NONE',  ( -0.000000000000000000, -1.000000000000000000, -0.000000000000000000 ) ) ;
#1808 = VERTEX_POINT ( 'NONE', #13 ) ;
#1809 = LINE ( 'NONE', #1122, #4412 ) ;
#1810 = DIRECTION ( 'NONE',  ( 0.000000000000000000, 0.000000000000000000, -1.000000000000000000 ) ) ;
#1811 = DIRECTION ( 'NONE',  ( -1.000000000000000000, 0.000000000000000000, -0.000000000000000000 ) ) ;
#1812 = ADVANCED_FACE ( 'NONE', ( #2324 ), #4682, .F. ) ;
#1813 = VERTEX_POINT ( 'NONE', #4647 ) ;
#1814 = DIRECTION ( 'NONE',  ( 0.000000000000000000, -1.000000000000000000, 0.000000000000000000 ) ) ;
#1815 = DIRECTION ( 'NONE',  ( 0.000000000000000000, 1.000000000000000000, 0.000000000000000000 ) ) ;
#1816 = COLOUR_RGB ( '',0.7921568627450980005, 0.8196078431372548767, 0.9333333333333333481 ) ;
#1817 = EDGE_CURVE ( 'NONE', #2069, #425, #3592, .T. ) ;
#1818 = ORIENTED_EDGE ( 'NONE', *, *, #1235, .F. ) ;
#1819 = FACE_OUTER_BOUND ( 'NONE', #3776, .T. ) ;
#1820 = VECTOR ( 'NONE', #927, 1000.000000000000000 ) ;
#1821 = CARTESIAN_POINT ( 'NONE',  ( 0.6700000000000001510, 0.01000000000000002623, 0.6000000000000003109 ) ) ;
#1822 = FACE_OUTER_BOUND ( 'NONE', #857, .T. ) ;
#1823 = CARTESIAN_POINT ( 'NONE',  ( 2.500000000000000000, 0.000000000000000000, -0.6999999999999998446 ) ) ;
#1824 = AXIS2_PLACEMENT_3D ( 'NONE', #3498, #3849, #396 ) ;
#1825 = ADVANCED_FACE ( 'NONE', ( #2354 ), #3175, .F. ) ;
#1826 = VERTEX_POINT ( 'NONE', #422 ) ;
#1827 = VECTOR ( 'NONE', #1347, 1000.000000000000000 ) ;
#1828 = CARTESIAN_POINT ( 'NONE',  ( -0.6700000000000000400, 0.000000000000000000, 0.6000000000000003109 ) ) ;
#1829 = DIRECTION ( 'NONE',  ( 0.000000000000000000, 1.000000000000000000, 0.000000000000000000 ) ) ;
#1830 = LINE ( 'NONE', #3759, #3047 ) ;
#1831 = EDGE_CURVE ( 'NONE', #1927, #1838, #289, .T. ) ;
#1832 = VECTOR ( 'NONE', #3887, 1000.000000000000000 ) ;
#1833 = LINE ( 'NONE', #4897, #933 ) ;
#1834 = VERTEX_POINT ( 'NONE', #1211 ) ;
#1835 = LINE ( 'NONE', #4168, #2083 ) ;
#1837 =( GEOMETRIC_REPRESENTATION_CONTEXT ( 3 ) GLOBAL_UNCERTAINTY_ASSIGNED_CONTEXT ( ( #4946 ) ) GLOBAL_UNIT_ASSIGNED_CONTEXT ( ( #3071, #4961, #3424 ) ) REPRESENTATION_CONTEXT ( 'NONE', 'WORKASPACE' ) );
#1836 = DIRECTION ( 'NONE',  ( 0.000000000000000000, 0.000000000000000000, 1.000000000000000000 ) ) ;
#1838 = VERTEX_POINT ( 'NONE', #824 ) ;
#1839 = AXIS2_PLACEMENT_3D ( 'NONE', #4781, #566, #1723 ) ;
#1840 = DIRECTION ( 'NONE',  ( -3.614007241618350743E-16, 0.000000000000000000, 1.000000000000000000 ) ) ;
#1841 = ORIENTED_EDGE ( 'NONE', *, *, #4061, .T. ) ;
#1842 = CARTESIAN_POINT ( 'NONE',  ( 0.000000000000000000, 1.100000000000000089, 0.000000000000000000 ) ) ;
#1843 = AXIS2_PLACEMENT_3D ( 'NONE', #2120, #2463, #3993 ) ;
#1844 = VECTOR ( 'NONE', #1188, 1000.000000000000000 ) ;
#1845 = VERTEX_POINT ( 'NONE', #2373 ) ;
#1846 = CARTESIAN_POINT ( 'NONE',  ( 0.000000000000000000, 1.100000000000000089, 1.600000000000000089 ) ) ;
#1847 = AXIS2_PLACEMENT_3D ( 'NONE', #3129, #1135, #4648 ) ;
#1848 = CARTESIAN_POINT ( 'NONE',  ( 0.6700000000000001510, 0.01000000000000002623, 0.6000000000000003109 ) ) ;
#1849 = DIRECTION ( 'NONE',  ( -0.000000000000000000, -1.000000000000000000, -0.000000000000000000 ) ) ;
#1850 = VECTOR ( 'NONE', #2672, 1000.000000000000000 ) ;
#1851 = ORIENTED_EDGE ( 'NONE', *, *, #3746, .T. ) ;
#1852 = EDGE_CURVE ( 'NONE', #1715, #3310, #1234, .T. ) ;
#1853 = LINE ( 'NONE', #702, #3288 ) ;
#1854 = DIRECTION ( 'NONE',  ( -0.000000000000000000, 0.000000000000000000, -1.000000000000000000 ) ) ;
#1855 = DIRECTION ( 'NONE',  ( -1.000000000000000000, 0.000000000000000000, 1.301042606982605321E-16 ) ) ;
#1856 = EDGE_LOOP ( 'NONE', ( #310, #4026, #191, #2821 ) ) ;
#1857 = VECTOR ( 'NONE', #3253, 1000.000000000000000 ) ;
#1858 = DIRECTION ( 'NONE',  ( -1.084202172485504927E-16, 0.000000000000000000, 1.000000000000000000 ) ) ;
#1859 = ORIENTED_EDGE ( 'NONE', *, *, #3907, .T. ) ;
#1860 = EDGE_CURVE ( 'NONE', #3001, #3547, #1996, .T. ) ;
#1861 = DIRECTION ( 'NONE',  ( 0.000000000000000000, 0.000000000000000000, -1.000000000000000000 ) ) ;
#1862 = DIRECTION ( 'NONE',  ( -0.000000000000000000, -1.000000000000000000, -0.000000000000000000 ) ) ;
#1863 = DIRECTION ( 'NONE',  ( -0.000000000000000000, -1.000000000000000000, 0.000000000000000000 ) ) ;
#1864 =( GEOMETRIC_REPRESENTATION_CONTEXT ( 3 ) GLOBAL_UNCERTAINTY_ASSIGNED_CONTEXT ( ( #3056 ) ) GLOBAL_UNIT_ASSIGNED_CONTEXT ( ( #4885, #4940, #4130 ) ) REPRESENTATION_CONTEXT ( 'NONE', 'WORKASPACE' ) );
#1865 = ORIENTED_EDGE ( 'NONE', *, *, #1564, .T. ) ;
#1866 = CARTESIAN_POINT ( 'NONE',  ( -2.100000000000000089, 1.100000000000000089, 1.200000000000000844 ) ) ;
#1867 = ORIENTED_EDGE ( 'NONE', *, *, #16, .F. ) ;
#1868 = EDGE_CURVE ( 'NONE', #1870, #605, #4581, .T. ) ;
#1869 = LINE ( 'NONE', #5008, #1850 ) ;
#1870 = VERTEX_POINT ( 'NONE', #472 ) ;
#1871 = ORIENTED_EDGE ( 'NONE', *, *, #4953, .T. ) ;
#1872 = DIRECTION ( 'NONE',  ( 1.301042606982605321E-16, -0.000000000000000000, 1.000000000000000000 ) ) ;
#1873 = CARTESIAN_POINT ( 'NONE',  ( 1.570000000000000284, 0.5000000000000000000, -1.600000000000000533 ) ) ;
#1874 = CARTESIAN_POINT ( 'NONE',  ( -1.523743748587508051, 0.5000000000000000000, 0.6000000000000004219 ) ) ;
#1875 = CARTESIAN_POINT ( 'NONE',  ( -1.719999999999999973, 3.703513695928269733, -0.6000000000000005329 ) ) ;
#1876 = ADVANCED_FACE ( 'NONE', ( #4804 ), #1329, .F. ) ;
#1877 = CARTESIAN_POINT ( 'NONE',  ( 2.500000000000000000, 1.100000000000000089, 1.599999999999999645 ) ) ;
#1878 = LINE ( 'NONE', #3408, #1534 ) ;
#1879 = EDGE_LOOP ( 'NONE', ( #1980, #4797, #597, #4099 ) ) ;
#1880 = ADVANCED_FACE ( 'NONE', ( #3224 ), #3298, .F. ) ;
#1881 = VERTEX_POINT ( 'NONE', #587 ) ;
#1882 = LINE ( 'NONE', #5000, #2639 ) ;
#1883 = PLANE ( 'NONE',  #3845 ) ;
#1884 = EDGE_CURVE ( 'NONE', #4424, #1717, #941, .T. ) ;
#1885 = VERTEX_POINT ( 'NONE', #2123 ) ;
#1886 = PLANE ( 'NONE',  #3427 ) ;
#1887 = VERTEX_POINT ( 'NONE', #3972 ) ;
#1888 = DIRECTION ( 'NONE',  ( 0.000000000000000000, 1.000000000000000000, 0.000000000000000000 ) ) ;
#1889 = ORIENTED_EDGE ( 'NONE', *, *, #2115, .T. ) ;
#1890 = ADVANCED_FACE ( 'NONE', ( #1382 ), #1792, .F. ) ;
#1891 = CARTESIAN_POINT ( 'NONE',  ( 0.9700000000000006395, 10.00000000000000000, -1.450000000000000622 ) ) ;
#1892 = PLANE ( 'NONE',  #1915 ) ;
#1893 = VECTOR ( 'NONE', #3627, 1000.000000000000000 ) ;
#1894 = CARTESIAN_POINT ( 'NONE',  ( 2.099999999999999201, 1.110000000000000098, -1.600000000000000311 ) ) ;
#1895 = EDGE_LOOP ( 'NONE', ( #3254, #1442, #2410, #2386, #875, #1294, #840, #4870, #4967, #4045, #214, #4327, #3708, #1232, #1287, #1944, #797, #3081, #1935, #1589, #1384, #4124, #4145, #3505, #2567, #1956, #374, #3441, #763, #2633, #2865, #3884, #2884 ) ) ;
#1896 = VECTOR ( 'NONE', #1726, 1000.000000000000000 ) ;
#1897 = ORIENTED_EDGE ( 'NONE', *, *, #4341, .T. ) ;
#1898 = DIRECTION ( 'NONE',  ( 1.000000000000000000, -0.000000000000000000, 1.445602896647334381E-15 ) ) ;
#1899 = CARTESIAN_POINT ( 'NONE',  ( 2.500000000000000000, 1.100000000000000089, 0.000000000000000000 ) ) ;
#1900 = VECTOR ( 'NONE', #1149, 1000.000000000000000 ) ;
#1901 = CARTESIAN_POINT ( 'NONE',  ( -2.100000000000000089, 1.109999999999999876, 1.400000000000000799 ) ) ;
#1902 = ORIENTED_EDGE ( 'NONE', *, *, #2874, .F. ) ;
#1903 = VECTOR ( 'NONE', #3493, 1000.000000000000000 ) ;
#1904 = CARTESIAN_POINT ( 'NONE',  ( -0.8200000000000005063, 3.703513695928269733, -1.600000000000000311 ) ) ;
#1905 = ORIENTED_EDGE ( 'NONE', *, *, #1510, .T. ) ;
#1906 = CARTESIAN_POINT ( 'NONE',  ( 2.500000000000000000, 0.000000000000000000, 1.599999999999999645 ) ) ;
#1907 = DIRECTION ( 'NONE',  ( 0.000000000000000000, 1.000000000000000000, 0.000000000000000000 ) ) ;
#1908 = ADVANCED_FACE ( 'NONE', ( #2848 ), #2445, .F. ) ;
#1909 = ORIENTED_EDGE ( 'NONE', *, *, #234, .F. ) ;
#1910 = DIRECTION ( 'NONE',  ( 0.000000000000000000, 0.000000000000000000, 1.000000000000000000 ) ) ;
#1911 = ORIENTED_EDGE ( 'NONE', *, *, #4790, .F. ) ;
#1912 = EDGE_CURVE ( 'NONE', #3536, #2259, #613, .T. ) ;
#1913 = CARTESIAN_POINT ( 'NONE',  ( -1.719999999999999973, 0.5000000000000000000, 0.7962562514124874591 ) ) ;
#1914 = VERTEX_POINT ( 'NONE', #163 ) ;
#1915 = AXIS2_PLACEMENT_3D ( 'NONE', #4546, #1079, #1059 ) ;
#1916 = VERTEX_POINT ( 'NONE', #4440 ) ;
#1917 = LINE ( 'NONE', #3152, #4142 ) ;
#1918 = CARTESIAN_POINT ( 'NONE',  ( 0.8200000000000005063, 0.01000000000000001235, 0.6000000000000003109 ) ) ;
#1919 = AXIS2_PLACEMENT_3D ( 'NONE', #4141, #2988, #4218 ) ;
#1920 = AXIS2_PLACEMENT_3D ( 'NONE', #4408, #998, #3645 ) ;
#1921 = EDGE_CURVE ( 'NONE', #4783, #3847, #2468, .T. ) ;
#1922 = CARTESIAN_POINT ( 'NONE',  ( 0.6700000000000000400, 0.000000000000000000, 0.5999999999999998668 ) ) ;
#1923 = DIRECTION ( 'NONE',  ( -0.000000000000000000, -1.000000000000000000, -0.000000000000000000 ) ) ;
#1924 = VECTOR ( 'NONE', #1319, 1000.000000000000000 ) ;
#1925 = ORIENTED_EDGE ( 'NONE', *, *, #4708, .T. ) ;
#1926 = VECTOR ( 'NONE', #625, 1000.000000000000000 ) ;
#1927 = VERTEX_POINT ( 'NONE', #3670 ) ;
#1928 = ADVANCED_FACE ( 'NONE', ( #4050 ), #2071, .T. ) ;
#1929 = FACE_OUTER_BOUND ( 'NONE', #3449, .T. ) ;
#1931 = VECTOR ( 'NONE', #855, 1000.000000000000000 ) ;
#1930 = DIRECTION ( 'NONE',  ( 1.000000000000000000, -0.000000000000000000, 3.316902608485481668E-16 ) ) ;
#1932 = CARTESIAN_POINT ( 'NONE',  ( 2.099999999999999201, 1.110000000000000098, 1.600000000000000755 ) ) ;
#1933 = ORIENTED_EDGE ( 'NONE', *, *, #4561, .T. ) ;
#1934 = DIRECTION ( 'NONE',  ( -1.000000000000000000, 0.000000000000000000, -0.000000000000000000 ) ) ;
#1935 = ORIENTED_EDGE ( 'NONE', *, *, #4609, .F. ) ;
#1936 = DIRECTION ( 'NONE',  ( 0.000000000000000000, 1.000000000000000000, 0.000000000000000000 ) ) ;
#1937 = LINE ( 'NONE', #3834, #1000 ) ;
#1938 = LINE ( 'NONE', #3188, #2565 ) ;
#1939 = VERTEX_POINT ( 'NONE', #3594 ) ;
#1940 = DIRECTION ( 'NONE',  ( 0.000000000000000000, 1.000000000000000000, 0.000000000000000000 ) ) ;
#1941 = VERTEX_POINT ( 'NONE', #4463 ) ;
#1942 = AXIS2_PLACEMENT_3D ( 'NONE', #4811, #2909, #3604 ) ;
#1943 = DIRECTION ( 'NONE',  ( -1.000000000000000000, 0.000000000000000000, -3.614007241618350743E-16 ) ) ;
#1944 = ORIENTED_EDGE ( 'NONE', *, *, #2979, .T. ) ;
#1945 = ORIENTED_EDGE ( 'NONE', *, *, #4262, .T. ) ;
#1946 = EDGE_CURVE ( 'NONE', #4752, #1885, #2482, .T. ) ;
#1947 = DIRECTION ( 'NONE',  ( 1.000000000000000000, 0.000000000000000000, 1.445602896647334381E-15 ) ) ;
#1948 = CARTESIAN_POINT ( 'NONE',  ( 0.000000000000000000, 0.01000000000000000021, 0.000000000000000000 ) ) ;
#1949 = LINE ( 'NONE', #4284, #222 ) ;
#1950 = CARTESIAN_POINT ( 'NONE',  ( 0.000000000000000000, 0.000000000000000000, 1.600000000000000089 ) ) ;
#1951 = EDGE_LOOP ( 'NONE', ( #2432, #2855, #2340, #589, #1909 ) ) ;
#1952 = EDGE_CURVE ( 'NONE', #4288, #3468, #3761, .T. ) ;
#1953 = EDGE_LOOP ( 'NONE', ( #1558, #529, #1775, #1051, #4303, #3630, #4917, #4444, #2419 ) ) ;
#1954 = DIRECTION ( 'NONE',  ( 0.000000000000000000, -1.000000000000000000, 0.000000000000000000 ) ) ;
#1955 = DIRECTION ( 'NONE',  ( -0.000000000000000000, -1.000000000000000000, -0.000000000000000000 ) ) ;
#1956 = ORIENTED_EDGE ( 'NONE', *, *, #3795, .T. ) ;
#1957 = ORIENTED_EDGE ( 'NONE', *, *, #2447, .T. ) ;
#1958 = EDGE_CURVE ( 'NONE', #4611, #3497, #3272, .T. ) ;
#1959 = PLANE ( 'NONE',  #1994 ) ;
#1960 = VERTEX_POINT ( 'NONE', #3698 ) ;
#1961 = DIRECTION ( 'NONE',  ( 0.000000000000000000, 1.000000000000000000, 0.000000000000000000 ) ) ;
#1962 = CARTESIAN_POINT ( 'NONE',  ( -0.8200000000000005063, 3.703513695928269733, 0.6000000000000003109 ) ) ;
#1963 = DIRECTION ( 'NONE',  ( -0.000000000000000000, -1.000000000000000000, -0.000000000000000000 ) ) ;
#1964 = EDGE_LOOP ( 'NONE', ( #2631, #1544, #3979, #4031 ) ) ;
#1965 = CARTESIAN_POINT ( 'NONE',  ( 2.500000000000000000, 0.000000000000000000, -1.600000000000000533 ) ) ;
#1966 = ORIENTED_EDGE ( 'NONE', *, *, #4122, .F. ) ;
#1967 = DIRECTION ( 'NONE',  ( -0.000000000000000000, 0.000000000000000000, -1.000000000000000000 ) ) ;
#1968 = ORIENTED_EDGE ( 'NONE', *, *, #1404, .T. ) ;
#1969 = EDGE_CURVE ( 'NONE', #320, #1493, #239, .T. ) ;
#1970 = ORIENTED_EDGE ( 'NONE', *, *, #4861, .T. ) ;
#1971 = DIRECTION ( 'NONE',  ( -1.000000000000000000, 0.000000000000000000, 1.301042606982605321E-16 ) ) ;
#1972 = DIRECTION ( 'NONE',  ( -1.000000000000000000, 0.000000000000000000, -7.228014483236692611E-16 ) ) ;
#1973 = DIRECTION ( 'NONE',  ( 0.000000000000000000, 0.000000000000000000, 1.000000000000000000 ) ) ;
#1974 = DIRECTION ( 'NONE',  ( 0.000000000000000000, 1.000000000000000000, 0.000000000000000000 ) ) ;
#1975 = EDGE_CURVE ( 'NONE', #2641, #539, #897, .T. ) ;
#1976 = EDGE_LOOP ( 'NONE', ( #2767, #1185, #560, #1159 ) ) ;
#1977 = VERTEX_POINT ( 'NONE', #3080 ) ;
#1978 = DIRECTION ( 'NONE',  ( 0.000000000000000000, 0.000000000000000000, 1.000000000000000000 ) ) ;
#1979 = DIRECTION ( 'NONE',  ( 0.000000000000000000, 0.000000000000000000, -1.000000000000000000 ) ) ;
#1980 = ORIENTED_EDGE ( 'NONE', *, *, #1831, .T. ) ;
#1981 = ADVANCED_FACE ( 'NONE', ( #1140 ), #2684, .F. ) ;
#1982 = VECTOR ( 'NONE', #1070, 1000.000000000000000 ) ;
#1983 = EDGE_LOOP ( 'NONE', ( #1229, #2439, #2358, #4747, #714, #2832, #3740, #3044 ) ) ;
#1984 = DIRECTION ( 'NONE',  ( 0.000000000000000000, 0.000000000000000000, -1.000000000000000000 ) ) ;
#1985 = VECTOR ( 'NONE', #2778, 1000.000000000000000 ) ;
#1986 = DIRECTION ( 'NONE',  ( 0.000000000000000000, 1.000000000000000000, 0.000000000000000000 ) ) ;
#1987 = LINE ( 'NONE', #3891, #140 ) ;
#1988 = VECTOR ( 'NONE', #1622, 1000.000000000000000 ) ;
#1989 = ORIENTED_EDGE ( 'NONE', *, *, #2346, .F. ) ;
#1990 = DIRECTION ( 'NONE',  ( 0.000000000000000000, -0.000000000000000000, 1.000000000000000000 ) ) ;
#1991 = ORIENTED_EDGE ( 'NONE', *, *, #1714, .F. ) ;
#1992 = DIRECTION ( 'NONE',  ( -4.336808689942019708E-16, 0.000000000000000000, 1.000000000000000000 ) ) ;
#1993 = ORIENTED_EDGE ( 'NONE', *, *, #2246, .F. ) ;
#1994 = AXIS2_PLACEMENT_3D ( 'NONE', #3141, #3487, #1934 ) ;
#1995 = DIRECTION ( 'NONE',  ( 1.807003620809173153E-16, 0.000000000000000000, -1.000000000000000000 ) ) ;
#1996 = LINE ( 'NONE', #3528, #2160 ) ;
#1997 = PRESENTATION_STYLE_ASSIGNMENT (( #445 ) ) ;
#1998 = CYLINDRICAL_SURFACE ( 'NONE', #1710, 0.1499999999999999667 ) ;
#1999 = AXIS2_PLACEMENT_3D ( 'NONE', #1541, #4151, #4205 ) ;
#2000 = ORIENTED_EDGE ( 'NONE', *, *, #246, .T. ) ;
#2001 = AXIS2_PLACEMENT_3D ( 'NONE', #4076, #2944, #3300 ) ;
#2002 = VECTOR ( 'NONE', #3735, 1000.000000000000000 ) ;
#2003 = ADVANCED_FACE ( 'NONE', ( #2306 ), #3828, .F. ) ;
#2004 = LINE ( 'NONE', #1521, #1844 ) ;
#2005 = FACE_OUTER_BOUND ( 'NONE', #2528, .T. ) ;
#2006 = ORIENTED_EDGE ( 'NONE', *, *, #4191, .F. ) ;
#2007 = VECTOR ( 'NONE', #1863, 1000.000000000000000 ) ;
#2008 = VECTOR ( 'NONE', #411, 1000.000000000000000 ) ;
#2009 = ORIENTED_EDGE ( 'NONE', *, *, #419, .F. ) ;
#2010 = CARTESIAN_POINT ( 'NONE',  ( 1.870000000000000107, -1.562049935181331506, -0.6000000000000007550 ) ) ;
#2011 = VECTOR ( 'NONE', #4448, 1000.000000000000000 ) ;
#2012 = ORIENTED_EDGE ( 'NONE', *, *, #3102, .F. ) ;
#2013 = LINE ( 'NONE', #864, #1355 ) ;
#2014 = LINE ( 'NONE', #412, #351 ) ;
#2015 = CARTESIAN_POINT ( 'NONE',  ( 0.6700000000000000400, 0.01000000000000002623, -1.599999999999999867 ) ) ;
#2016 = VECTOR ( 'NONE', #588, 1000.000000000000000 ) ;
#2017 = EDGE_LOOP ( 'NONE', ( #2061, #2527, #96, #4518 ) ) ;
#2018 = ADVANCED_FACE ( 'NONE', ( #4774 ), #159, .F. ) ;
#2019 = CARTESIAN_POINT ( 'NONE',  ( -1.570000000000000284, 1.100000000000000089, -1.600000000000000755 ) ) ;
#2020 = ORIENTED_EDGE ( 'NONE', *, *, #3974, .T. ) ;
#2021 = PLANE ( 'NONE',  #3682 ) ;
#2022 = ORIENTED_EDGE ( 'NONE', *, *, #795, .F. ) ;
#2023 = EDGE_CURVE ( 'NONE', #4298, #4586, #378, .T. ) ;
#2024 = LINE ( 'NONE', #1255, #677 ) ;
#2025 = LINE ( 'NONE', #4333, #1021 ) ;
#2026 = AXIS2_PLACEMENT_3D ( 'NONE', #3232, #1705, #595 ) ;
#2027 = DIRECTION ( 'NONE',  ( 1.000000000000000000, -0.000000000000000000, -2.710505431213761085E-16 ) ) ;
#2028 = CARTESIAN_POINT ( 'NONE',  ( 0.000000000000000000, 0.000000000000000000, 0.000000000000000000 ) ) ;
#2029 = ORIENTED_EDGE ( 'NONE', *, *, #2355, .T. ) ;
#2030 = DIRECTION ( 'NONE',  ( 0.000000000000000000, 1.000000000000000000, 0.000000000000000000 ) ) ;
#2031 = CARTESIAN_POINT ( 'NONE',  ( 0.9700000000000006395, 1.109999999999999876, 1.600000000000000311 ) ) ;
#2032 = EDGE_LOOP ( 'NONE', ( #3435, #1709, #1322, #1340, #1772, #2142, #82, #1902, #2403, #569 ) ) ;
#2033 = ADVANCED_FACE ( 'NONE', ( #3243 ), #944, .F. ) ;
#2034 = ORIENTED_EDGE ( 'NONE', *, *, #1480, .T. ) ;
#2035 = EDGE_CURVE ( 'NONE', #2508, #3310, #3692, .T. ) ;
#2036 = CARTESIAN_POINT ( 'NONE',  ( 1.570000000000000284, 1.100000000000000089, 1.450000000000000844 ) ) ;
#2037 = CARTESIAN_POINT ( 'NONE',  ( 0.6700000000000001510, 0.5000000000000000000, 0.6000000000000003109 ) ) ;
#2038 = CARTESIAN_POINT ( 'NONE',  ( -0.8200000000000005063, 0.01000000000000002623, 0.6000000000000003109 ) ) ;
#2039 = PLANE ( 'NONE',  #2248 ) ;
#2040 = ORIENTED_EDGE ( 'NONE', *, *, #688, .F. ) ;
#2041 = DIRECTION ( 'NONE',  ( -0.000000000000000000, -1.000000000000000000, -0.000000000000000000 ) ) ;
#2042 = ORIENTED_EDGE ( 'NONE', *, *, #1564, .F. ) ;
#2043 = DIRECTION ( 'NONE',  ( 1.000000000000000000, -0.000000000000000000, -7.228014483236695569E-16 ) ) ;
#2044 = ADVANCED_FACE ( 'NONE', ( #4851 ), #534, .T. ) ;
#2045 = ORIENTED_EDGE ( 'NONE', *, *, #4163, .F. ) ;
#2046 = DIRECTION ( 'NONE',  ( 0.000000000000000000, 1.000000000000000000, 0.000000000000000000 ) ) ;
#2047 = DIRECTION ( 'NONE',  ( 0.000000000000000000, 0.000000000000000000, -1.000000000000000000 ) ) ;
#2048 = DIRECTION ( 'NONE',  ( 0.000000000000000000, -1.000000000000000000, 0.000000000000000000 ) ) ;
#2049 = APPLICATION_PROTOCOL_DEFINITION ( 'draft international standard', 'automotive_design', 1998, #2507 ) ;
#2050 = EDGE_CURVE ( 'NONE', #2994, #2371, #3358, .T. ) ;
#2051 = ORIENTED_EDGE ( 'NONE', *, *, #4403, .F. ) ;
#2052 = LINE ( 'NONE', #4810, #1280 ) ;
#2053 = DIRECTION ( 'NONE',  ( 0.000000000000000000, 0.000000000000000000, -1.000000000000000000 ) ) ;
#2054 = ORIENTED_EDGE ( 'NONE', *, *, #3082, .F. ) ;
#2055 = ORIENTED_EDGE ( 'NONE', *, *, #2407, .T. ) ;
#2056 =( LENGTH_UNIT ( ) NAMED_UNIT ( * ) SI_UNIT ( .MILLI., .METRE. ) );
#2057 = DIRECTION ( 'NONE',  ( 0.000000000000000000, 0.000000000000000000, -1.000000000000000000 ) ) ;
#2058 = DIRECTION ( 'NONE',  ( 0.000000000000000000, 0.000000000000000000, 1.000000000000000000 ) ) ;
#2059 = DIRECTION ( 'NONE',  ( -1.084202172485504927E-16, 0.000000000000000000, -1.000000000000000000 ) ) ;
#2060 = AXIS2_PLACEMENT_3D ( 'NONE', #681, #2190, #256 ) ;
#2061 = ORIENTED_EDGE ( 'NONE', *, *, #1958, .T. ) ;
#2062 = VECTOR ( 'NONE', #4103, 1000.000000000000000 ) ;
#2063 = CARTESIAN_POINT ( 'NONE',  ( -1.570000000000000284, 1.100000000000000311, 1.600000000000000533 ) ) ;
#2064 = ORIENTED_EDGE ( 'NONE', *, *, #4025, .T. ) ;
#2065 = EDGE_CURVE ( 'NONE', #2082, #1914, #3615, .T. ) ;
#2066 = CARTESIAN_POINT ( 'NONE',  ( -0.8200000000000003952, 1.100000000000000089, -1.600000000000000089 ) ) ;
#2067 = DIRECTION ( 'NONE',  ( 1.000000000000000000, 0.000000000000000000, -0.000000000000000000 ) ) ;
#2068 = VECTOR ( 'NONE', #2670, 1000.000000000000000 ) ;
#2069 = VERTEX_POINT ( 'NONE', #4374 ) ;
#2070 = FACE_OUTER_BOUND ( 'NONE', #1879, .T. ) ;
#2071 = PLANE ( 'NONE',  #4666 ) ;
#2072 = EDGE_CURVE ( 'NONE', #1977, #1881, #231, .T. ) ;
#2073 = LINE ( 'NONE', #142, #1186 ) ;
#2074 = SURFACE_STYLE_FILL_AREA ( #2873 ) ;
#2075 = ORIENTED_EDGE ( 'NONE', *, *, #4503, .F. ) ;
#2076 = DIRECTION ( 'NONE',  ( 0.000000000000000000, 1.000000000000000000, 0.000000000000000000 ) ) ;
#2077 = EDGE_CURVE ( 'NONE', #3662, #3147, #4798, .T. ) ;
#2078 = MECHANICAL_DESIGN_GEOMETRIC_PRESENTATION_REPRESENTATION (  '', ( #3520 ), #3675 ) ;
#2079 = DIRECTION ( 'NONE',  ( 1.000000000000000000, 0.000000000000000000, -0.000000000000000000 ) ) ;
#2080 = CARTESIAN_POINT ( 'NONE',  ( 2.099999999999999201, 1.110000000000000098, 1.600000000000000755 ) ) ;
#2081 = VERTEX_POINT ( 'NONE', #914 ) ;
#2082 = VERTEX_POINT ( 'NONE', #2536 ) ;
#2083 = VECTOR ( 'NONE', #734, 1000.000000000000000 ) ;
#2084 = EDGE_CURVE ( 'NONE', #1449, #4789, #2492, .T. ) ;
#2085 = VECTOR ( 'NONE', #439, 1000.000000000000000 ) ;
#2086 = DIRECTION ( 'NONE',  ( 1.301042606982605321E-16, -0.000000000000000000, 1.000000000000000000 ) ) ;
#2087 = DIRECTION ( 'NONE',  ( -0.000000000000000000, 0.000000000000000000, -1.000000000000000000 ) ) ;
#2089 = AXIS2_PLACEMENT_3D ( 'NONE', #1877, #1039, #4506 ) ;
#2088 = LINE ( 'NONE', #226, #3532 ) ;
#2090 = VECTOR ( 'NONE', #2206, 1000.000000000000000 ) ;
#2091 = ORIENTED_EDGE ( 'NONE', *, *, #2584, .F. ) ;
#2092 = COLOUR_RGB ( '',0.9686274509803921573, 0.8784313725490195957, 0.5999999999999999778 ) ;
#2093 = CARTESIAN_POINT ( 'NONE',  ( 2.499999999999998668, 1.110000000000000098, 1.200000000000000844 ) ) ;
#2094 = ORIENTED_EDGE ( 'NONE', *, *, #1147, .T. ) ;
#2095 = DIRECTION ( 'NONE',  ( -0.000000000000000000, -1.000000000000000000, -0.000000000000000000 ) ) ;
#2096 = CARTESIAN_POINT ( 'NONE',  ( -1.570000000000000284, -1.562049935181331506, -1.450000000000000844 ) ) ;
#2097 = LINE ( 'NONE', #469, #4832 ) ;
#2098 = EDGE_LOOP ( 'NONE', ( #4530, #1889, #3114, #3292 ) ) ;
#2099 = LINE ( 'NONE', #4803, #1494 ) ;
#2100 = DIRECTION ( 'NONE',  ( -1.000000000000000000, 0.000000000000000000, 1.301042606982605321E-16 ) ) ;
#2101 = CARTESIAN_POINT ( 'NONE',  ( 0.6700000000000001510, 0.5000000000000000000, 0.6000000000000003109 ) ) ;
#2102 = ADVANCED_FACE ( 'NONE', ( #1323 ), #970, .T. ) ;
#2103 = EDGE_LOOP ( 'NONE', ( #737, #3323, #3416, #3068 ) ) ;
#2104 = VECTOR ( 'NONE', #902, 1000.000000000000000 ) ;
#2105 = CARTESIAN_POINT ( 'NONE',  ( 0.6700000000000000400, -1.562049935181331506, -0.6000000000000004219 ) ) ;
#2106 = FACE_OUTER_BOUND ( 'NONE', #1459, .T. ) ;
#2107 = CARTESIAN_POINT ( 'NONE',  ( 0.000000000000000000, 0.000000000000000000, -0.6000000000000007550 ) ) ;
#2108 = CARTESIAN_POINT ( 'NONE',  ( -1.719999999999999973, -1.562049935181331506, 1.600000000000000089 ) ) ;
#2109 = EDGE_LOOP ( 'NONE', ( #1009, #3083, #3301, #448 ) ) ;
#2110 = EDGE_CURVE ( 'NONE', #3605, #480, #1686, .T. ) ;
#2111 = ORIENTED_EDGE ( 'NONE', *, *, #1075, .T. ) ;
#2112 = CARTESIAN_POINT ( 'NONE',  ( 0.9700000000000004174, 1.100000000000000089, -1.450000000000000622 ) ) ;
#2113 = CARTESIAN_POINT ( 'NONE',  ( -0.8200000000000005063, 0.5000000000000000000, 0.6000000000000004219 ) ) ;
#2114 = LINE ( 'NONE', #1372, #784 ) ;
#2115 = EDGE_CURVE ( 'NONE', #5015, #2894, #606, .T. ) ;
#2116 = VERTEX_POINT ( 'NONE', #3663 ) ;
#2117 = PLANE ( 'NONE',  #4734 ) ;
#2118 = EDGE_LOOP ( 'NONE', ( #2433, #4223, #2742, #3091 ) ) ;
#2119 = DIRECTION ( 'NONE',  ( -0.000000000000000000, -1.000000000000000000, -0.000000000000000000 ) ) ;
#2120 = CARTESIAN_POINT ( 'NONE',  ( 0.9700000000000006395, 1.100000000000000089, -1.600000000000000311 ) ) ;
#2121 = CARTESIAN_POINT ( 'NONE',  ( 2.099999999999998757, 1.100000000000000089, -1.600000000000000311 ) ) ;
#2122 = ORIENTED_EDGE ( 'NONE', *, *, #444, .F. ) ;
#2123 = CARTESIAN_POINT ( 'NONE',  ( -1.570000000000000284, 0.5000000000000000000, -1.450000000000001288 ) ) ;
#2124 = DIRECTION ( 'NONE',  ( 0.000000000000000000, -0.000000000000000000, -1.000000000000000000 ) ) ;
#2125 = APPLICATION_PROTOCOL_DEFINITION ( 'draft international standard', 'automotive_design', 1998, #4601 ) ;
#2126 = EDGE_LOOP ( 'NONE', ( #2850, #533, #3051, #905 ) ) ;
#2127 = EDGE_CURVE ( 'NONE', #553, #3748, #1376, .T. ) ;
#2128 = ADVANCED_FACE ( 'NONE', ( #1396 ), #1766, .F. ) ;
#2129 = CARTESIAN_POINT ( 'NONE',  ( -1.719999999999999973, -1.562049935181331506, 1.600000000000000089 ) ) ;
#2130 = CARTESIAN_POINT ( 'NONE',  ( -2.100000000000000089, 1.100000000000000089, -1.600000000000000311 ) ) ;
#2131 = EDGE_LOOP ( 'NONE', ( #1859, #264, #1148, #1132 ) ) ;
#2132 = ORIENTED_EDGE ( 'NONE', *, *, #801, .T. ) ;
#2133 = EDGE_CURVE ( 'NONE', #2752, #671, #825, .T. ) ;
#2134 = DIRECTION ( 'NONE',  ( 0.000000000000000000, -1.000000000000000000, 0.000000000000000000 ) ) ;
#2135 = DIRECTION ( 'NONE',  ( -0.000000000000000000, -1.000000000000000000, -0.000000000000000000 ) ) ;
#2136 = ORIENTED_EDGE ( 'NONE', *, *, #3812, .F. ) ;
#2137 = CARTESIAN_POINT ( 'NONE',  ( 0.000000000000000000, 1.100000000000000089, -1.600000000000000089 ) ) ;
#2138 = ORIENTED_EDGE ( 'NONE', *, *, #4068, .F. ) ;
#2139 = DIRECTION ( 'NONE',  ( -0.000000000000000000, -1.000000000000000000, -0.000000000000000000 ) ) ;
#2140 = LINE ( 'NONE', #2096, #2159 ) ;
#2141 = CARTESIAN_POINT ( 'NONE',  ( 0.000000000000000000, 1.100000000000000089, -1.450000000000000844 ) ) ;
#2142 = ORIENTED_EDGE ( 'NONE', *, *, #1921, .F. ) ;
#2143 = DIRECTION ( 'NONE',  ( 0.000000000000000000, 1.000000000000000000, 0.000000000000000000 ) ) ;
#2144 = VECTOR ( 'NONE', #2455, 1000.000000000000000 ) ;
#2145 = CARTESIAN_POINT ( 'NONE',  ( 1.570000000000000284, 10.00000000000000000, 1.450000000000000622 ) ) ;
#2146 = ORIENTED_EDGE ( 'NONE', *, *, #3156, .T. ) ;
#2147 = AXIS2_PLACEMENT_3D ( 'NONE', #764, #2316, #7 ) ;
#2148 = DIRECTION ( 'NONE',  ( -0.000000000000000000, -1.000000000000000000, -0.000000000000000000 ) ) ;
#2149 = LINE ( 'NONE', #4079, #454 ) ;
#2150 = PLANE ( 'NONE',  #305 ) ;
#2151 = CARTESIAN_POINT ( 'NONE',  ( -1.570000000000000284, 0.5000000000000000000, -1.450000000000000844 ) ) ;
#2152 = ORIENTED_EDGE ( 'NONE', *, *, #4770, .F. ) ;
#2153 = ORIENTED_EDGE ( 'NONE', *, *, #906, .T. ) ;
#2154 = DIRECTION ( 'NONE',  ( 1.000000000000000000, 0.000000000000000000, 2.710505431213761085E-16 ) ) ;
#2155 = CARTESIAN_POINT ( 'NONE',  ( 1.870000000000000107, 0.000000000000000000, 0.6000000000000004219 ) ) ;
#2156 = CARTESIAN_POINT ( 'NONE',  ( 0.9700000000000006395, 1.100000000000000311, 1.450000000000000400 ) ) ;
#2157 = VECTOR ( 'NONE', #2652, 1000.000000000000000 ) ;
#2158 = FACE_OUTER_BOUND ( 'NONE', #813, .T. ) ;
#2159 = VECTOR ( 'NONE', #994, 1000.000000000000000 ) ;
#2160 = VECTOR ( 'NONE', #3153, 1000.000000000000000 ) ;
#2161 = ORIENTED_EDGE ( 'NONE', *, *, #4442, .F. ) ;
#2162 = DIRECTION ( 'NONE',  ( 0.000000000000000000, 1.000000000000000000, 0.000000000000000000 ) ) ;
#2163 = DIRECTION ( 'NONE',  ( 0.000000000000000000, 0.000000000000000000, -1.000000000000000000 ) ) ;
#2164 = CARTESIAN_POINT ( 'NONE',  ( 1.870000000000000773, 0.01000000000000002623, 1.600000000000000089 ) ) ;
#2165 = AXIS2_PLACEMENT_3D ( 'NONE', #3643, #1789, #3318 ) ;
#2166 = VECTOR ( 'NONE', #3353, 1000.000000000000000 ) ;
#2167 = ADVANCED_FACE ( 'NONE', ( #3221 ), #3810, .F. ) ;
#2168 = ORIENTED_EDGE ( 'NONE', *, *, #1498, .T. ) ;
#2169 = CARTESIAN_POINT ( 'NONE',  ( 0.6700000000000001510, 0.5000000000000000000, 0.5999999999999989786 ) ) ;
#2170 = DIRECTION ( 'NONE',  ( 0.000000000000000000, 1.000000000000000000, 0.000000000000000000 ) ) ;
#2171 = VECTOR ( 'NONE', #3941, 1000.000000000000000 ) ;
#2172 = AXIS2_PLACEMENT_3D ( 'NONE', #1060, #3752, #1973 ) ;
#2173 = EDGE_CURVE ( 'NONE', #1808, #37, #2634, .T. ) ;
#2174 = VERTEX_POINT ( 'NONE', #1499 ) ;
#2175 = CARTESIAN_POINT ( 'NONE',  ( -0.6700000000000000400, 1.100000000000000089, 1.600000000000000089 ) ) ;
#2176 = DIRECTION ( 'NONE',  ( 1.000000000000000000, -0.000000000000000000, 0.000000000000000000 ) ) ;
#2177 = DIRECTION ( 'NONE',  ( 0.000000000000000000, -0.000000000000000000, 1.000000000000000000 ) ) ;
#2178 = ORIENTED_EDGE ( 'NONE', *, *, #1201, .T. ) ;
#2179 = ORIENTED_EDGE ( 'NONE', *, *, #3436, .T. ) ;
#2180 = CIRCLE ( 'NONE', #401, 0.1499999999999999667 ) ;
#2181 = LINE ( 'NONE', #3026, #299 ) ;
#2182 = DIRECTION ( 'NONE',  ( 0.000000000000000000, 0.000000000000000000, 1.000000000000000000 ) ) ;
#2183 = CARTESIAN_POINT ( 'NONE',  ( 1.870000000000000329, 0.000000000000000000, -0.6000000000000007550 ) ) ;
#2184 = ADVANCED_FACE ( 'NONE', ( #280 ), #4140, .F. ) ;
#2185 = EDGE_CURVE ( 'NONE', #1801, #4534, #3767, .T. ) ;
#2186 = VECTOR ( 'NONE', #3899, 1000.000000000000000 ) ;
#2187 = DIRECTION ( 'NONE',  ( -1.000000000000000000, -0.000000000000000000, 0.000000000000000000 ) ) ;
#2188 = ORIENTED_EDGE ( 'NONE', *, *, #2329, .F. ) ;
#2189 = CARTESIAN_POINT ( 'NONE',  ( -1.719999999999999973, 0.01000000000000001929, 1.600000000000000089 ) ) ;
#2190 = DIRECTION ( 'NONE',  ( -0.000000000000000000, -1.000000000000000000, -0.000000000000000000 ) ) ;
#2191 = DIRECTION ( 'NONE',  ( -0.000000000000000000, 0.000000000000000000, 1.000000000000000000 ) ) ;
#2192 = EDGE_CURVE ( 'NONE', #3908, #4509, #3715, .T. ) ;
#2193 = EDGE_CURVE ( 'NONE', #4926, #4840, #311, .T. ) ;
#2194 = CARTESIAN_POINT ( 'NONE',  ( -0.9700000000000006395, 1.109999999999999876, -1.450000000000000400 ) ) ;
#2195 = ORIENTED_EDGE ( 'NONE', *, *, #1912, .F. ) ;
#2196 = CARTESIAN_POINT ( 'NONE',  ( -0.8200000000000005063, -1.562049935181331506, 1.600000000000000089 ) ) ;
#2197 = EDGE_LOOP ( 'NONE', ( #2111, #1327, #1456, #162, #3486, #3399 ) ) ;
#2198 = EDGE_CURVE ( 'NONE', #4298, #3173, #1528, .T. ) ;
#2199 = PLANE ( 'NONE',  #4225 ) ;
#2200 = EDGE_CURVE ( 'NONE', #4875, #103, #1809, .T. ) ;
#2201 = DIRECTION ( 'NONE',  ( 0.000000000000000000, 1.000000000000000000, 0.000000000000000000 ) ) ;
#2202 = CARTESIAN_POINT ( 'NONE',  ( -2.100000000000000089, 1.110000000000000098, 1.450000000000001066 ) ) ;
#2203 = VERTEX_POINT ( 'NONE', #3790 ) ;
#2204 = CYLINDRICAL_SURFACE ( 'NONE', #1192, 0.2000000000000003164 ) ;
#2205 = PLANE ( 'NONE',  #4562 ) ;
#2206 = DIRECTION ( 'NONE',  ( -0.000000000000000000, -0.000000000000000000, -1.000000000000000000 ) ) ;
#2207 = CARTESIAN_POINT ( 'NONE',  ( -2.500000000000000000, 0.000000000000000000, 1.600000000000000311 ) ) ;
#2208 = ORIENTED_EDGE ( 'NONE', *, *, #200, .F. ) ;
#2209 = CYLINDRICAL_SURFACE ( 'NONE', #867, 0.1499999999999999667 ) ;
#2210 = CARTESIAN_POINT ( 'NONE',  ( 0.8200000000000005063, 0.5000000000000000000, -0.6000000000000007550 ) ) ;
#2211 = LINE ( 'NONE', #1146, #4248 ) ;
#2212 = DIRECTION ( 'NONE',  ( 1.000000000000000000, 0.000000000000000000, -0.000000000000000000 ) ) ;
#2213 = ORIENTED_EDGE ( 'NONE', *, *, #3723, .T. ) ;
#2214 = ADVANCED_FACE ( 'NONE', ( #335 ), #4587, .F. ) ;
#2215 = CARTESIAN_POINT ( 'NONE',  ( 0.8200000000000005063, 3.703513695928269733, 1.600000000000000089 ) ) ;
#2216 = ORIENTED_EDGE ( 'NONE', *, *, #4469, .T. ) ;
#2217 =( NAMED_UNIT ( * ) SI_UNIT ( $, .STERADIAN. ) SOLID_ANGLE_UNIT ( ) );
#2218 = VECTOR ( 'NONE', #4054, 1000.000000000000000 ) ;
#2219 = VERTEX_POINT ( 'NONE', #3391 ) ;
#2220 = ORIENTED_EDGE ( 'NONE', *, *, #4005, .F. ) ;
#2221 = EDGE_CURVE ( 'NONE', #3100, #122, #4833, .T. ) ;
#2222 = FACE_OUTER_BOUND ( 'NONE', #2098, .T. ) ;
#2223 = CIRCLE ( 'NONE', #4643, 0.1499999999999997446 ) ;
#2224 = LINE ( 'NONE', #743, #1595 ) ;
#2225 = DIRECTION ( 'NONE',  ( 0.000000000000000000, -0.000000000000000000, 1.000000000000000000 ) ) ;
#2226 = LINE ( 'NONE', #2202, #1626 ) ;
#2227 = CIRCLE ( 'NONE', #117, 0.1999999999999998723 ) ;
#2228 = ORIENTED_EDGE ( 'NONE', *, *, #332, .F. ) ;
#2229 = EDGE_CURVE ( 'NONE', #979, #1960, #1092, .T. ) ;
#2230 = ORIENTED_EDGE ( 'NONE', *, *, #208, .F. ) ;
#2231 = CARTESIAN_POINT ( 'NONE',  ( -0.6700000000000001510, 0.01000000000000002623, 0.6000000000000003109 ) ) ;
#2232 = DIRECTION ( 'NONE',  ( -7.228014483236692611E-16, 0.000000000000000000, 1.000000000000000000 ) ) ;
#2233 = ORIENTED_EDGE ( 'NONE', *, *, #392, .T. ) ;
#2234 = EDGE_CURVE ( 'NONE', #2586, #3374, #1835, .T. ) ;
#2235 = ORIENTED_EDGE ( 'NONE', *, *, #1390, .F. ) ;
#2236 = DIRECTION ( 'NONE',  ( 0.000000000000000000, 1.000000000000000000, 0.000000000000000000 ) ) ;
#2237 = LINE ( 'NONE', #4559, #918 ) ;
#2238 = CARTESIAN_POINT ( 'NONE',  ( 0.9700000000000006395, 0.5000000000000000000, -1.600000000000000311 ) ) ;
#2239 = VECTOR ( 'NONE', #1967, 1000.000000000000000 ) ;
#2240 = EDGE_LOOP ( 'NONE', ( #669, #885, #609, #4279, #3825, #3513 ) ) ;
#2241 = VECTOR ( 'NONE', #4095, 1000.000000000000000 ) ;
#2242 = DIRECTION ( 'NONE',  ( 1.000000000000000000, 0.000000000000000000, 3.614007241618350743E-16 ) ) ;
#2243 = CIRCLE ( 'NONE', #56, 0.2000000000000002054 ) ;
#2244 = AXIS2_PLACEMENT_3D ( 'NONE', #555, #1758, #2154 ) ;
#2245 = ORIENTED_EDGE ( 'NONE', *, *, #3991, .F. ) ;
#2246 = EDGE_CURVE ( 'NONE', #4470, #3939, #1882, .T. ) ;
#2247 = LINE ( 'NONE', #1891, #675 ) ;
#2248 = AXIS2_PLACEMENT_3D ( 'NONE', #3562, #102, #1658 ) ;
#2249 = VECTOR ( 'NONE', #2201, 1000.000000000000000 ) ;
#2250 = CARTESIAN_POINT ( 'NONE',  ( -1.719999999999999973, 0.5000000000000000000, -1.600000000000000311 ) ) ;
#2251 = PLANE ( 'NONE',  #1693 ) ;
#2252 = CARTESIAN_POINT ( 'NONE',  ( 1.870000000000000551, 0.5000000000000000000, 1.600000000000000311 ) ) ;
#2253 = AXIS2_PLACEMENT_3D ( 'NONE', #1697, #91, #3154 ) ;
#2254 = DIRECTION ( 'NONE',  ( 1.084202172485504927E-16, 0.000000000000000000, -1.000000000000000000 ) ) ;
#2255 = DIRECTION ( 'NONE',  ( -0.000000000000000000, 0.000000000000000000, -1.000000000000000000 ) ) ;
#2256 = PLANE ( 'NONE',  #3606 ) ;
#2257 = EDGE_CURVE ( 'NONE', #1717, #1779, #1019, .T. ) ;
#2258 = PRODUCT_DEFINITION_CONTEXT ( 'detailed design', #2507, 'design' ) ;
#2259 = VERTEX_POINT ( 'NONE', #632 ) ;
#2260 = LINE ( 'NONE', #1763, #4154 ) ;
#2261 = VERTEX_POINT ( 'NONE', #2189 ) ;
#2262 = DIRECTION ( 'NONE',  ( 0.000000000000000000, 0.000000000000000000, -1.000000000000000000 ) ) ;
#2263 = DIRECTION ( 'NONE',  ( 0.000000000000000000, 0.000000000000000000, -1.000000000000000000 ) ) ;
#2264 = LINE ( 'NONE', #4588, #2886 ) ;
#2265 = ADVANCED_FACE ( 'NONE', ( #653 ), #3338, .F. ) ;
#2266 = AXIS2_PLACEMENT_3D ( 'NONE', #4285, #4706, #850 ) ;
#2267 = ORIENTED_EDGE ( 'NONE', *, *, #3330, .F. ) ;
#2268 = DIRECTION ( 'NONE',  ( 0.000000000000000000, 1.000000000000000000, 0.000000000000000000 ) ) ;
#2269 = EDGE_LOOP ( 'NONE', ( #3474, #4656, #2925, #820 ) ) ;
#2270 = FACE_OUTER_BOUND ( 'NONE', #5022, .T. ) ;
#2271 = ORIENTED_EDGE ( 'NONE', *, *, #4209, .F. ) ;
#2272 = ORIENTED_EDGE ( 'NONE', *, *, #1141, .F. ) ;
#2273 = LINE ( 'NONE', #4984, #2540 ) ;
#2274 = DIRECTION ( 'NONE',  ( 0.000000000000000000, 0.000000000000000000, 1.000000000000000000 ) ) ;
#2275 = CARTESIAN_POINT ( 'NONE',  ( -1.870000000000000329, 0.5000000000000000000, 0.9462562514124844837 ) ) ;
#2276 = CARTESIAN_POINT ( 'NONE',  ( -0.9700000000000005285, 1.109999999999999876, 1.450000000000000622 ) ) ;
#2277 = VERTEX_POINT ( 'NONE', #1045 ) ;
#2278 = ADVANCED_FACE ( 'NONE', ( #2587 ), #2209, .F. ) ;
#2279 = ORIENTED_EDGE ( 'NONE', *, *, #4355, .F. ) ;
#2280 = CARTESIAN_POINT ( 'NONE',  ( -1.719999999999999751, 0.5000000000000000000, 1.600000000000000311 ) ) ;
#2281 = LINE ( 'NONE', #2583, #4919 ) ;
#2282 = ORIENTED_EDGE ( 'NONE', *, *, #444, .T. ) ;
#2283 = ADVANCED_FACE ( 'NONE', ( #1450 ), #4295, .F. ) ;
#2284 = CARTESIAN_POINT ( 'NONE',  ( -1.570000000000000284, 1.109999999999999876, 1.600000000000000533 ) ) ;
#2285 = VERTEX_POINT ( 'NONE', #3560 ) ;
#2286 = CARTESIAN_POINT ( 'NONE',  ( 1.719999999999999973, 0.5000000000000000000, -1.600000000000000311 ) ) ;
#2287 = CARTESIAN_POINT ( 'NONE',  ( 2.099999999999999201, 1.110000000000000098, 1.600000000000000755 ) ) ;
#2288 = EDGE_LOOP ( 'NONE', ( #3381, #1479, #2168, #3472 ) ) ;
#2289 = ADVANCED_FACE ( 'NONE', ( #1244 ), #2743, .T. ) ;
#2290 = CARTESIAN_POINT ( 'NONE',  ( 0.000000000000000000, 1.100000000000000089, 1.450000000000000400 ) ) ;
#2291 = EDGE_LOOP ( 'NONE', ( #388, #2302, #4858, #2841 ) ) ;
#2292 = DIRECTION ( 'NONE',  ( 1.000000000000000000, -0.000000000000000000, 2.710505431213761085E-16 ) ) ;
#2293 = EDGE_LOOP ( 'NONE', ( #2702, #3839, #1350, #4593, #187, #3329, #4173 ) ) ;
#2294 = ORIENTED_EDGE ( 'NONE', *, *, #3110, .F. ) ;
#2295 = DIRECTION ( 'NONE',  ( -0.000000000000000000, -1.000000000000000000, -0.000000000000000000 ) ) ;
#2296 = SURFACE_STYLE_FILL_AREA ( #3401 ) ;
#2297 = VECTOR ( 'NONE', #4033, 1000.000000000000000 ) ;
#2298 = CARTESIAN_POINT ( 'NONE',  ( -1.870000000000000773, 0.01000000000000002623, 1.600000000000000089 ) ) ;
#2299 = LINE ( 'NONE', #3531, #4441 ) ;
#2300 = VERTEX_POINT ( 'NONE', #4695 ) ;
#2301 = AXIS2_PLACEMENT_3D ( 'NONE', #4414, #3599, #1701 ) ;
#2302 = ORIENTED_EDGE ( 'NONE', *, *, #574, .T. ) ;
#2303 = CARTESIAN_POINT ( 'NONE',  ( -0.6700000000000000400, -1.562049935181331506, -1.599999999999999867 ) ) ;
#2304 = DIRECTION ( 'NONE',  ( 0.7071067811865561215, 0.000000000000000000, -0.7071067811865390240 ) ) ;
#2305 = CIRCLE ( 'NONE', #3582, 0.1499999999999997446 ) ;
#2306 = FACE_OUTER_BOUND ( 'NONE', #2945, .T. ) ;
#2307 = ADVANCED_FACE ( 'NONE', ( #459 ), #53, .T. ) ;
#2308 = VERTEX_POINT ( 'NONE', #3889 ) ;
#2309 = VECTOR ( 'NONE', #4093, 1000.000000000000000 ) ;
#2310 = LINE ( 'NONE', #731, #4651 ) ;
#2311 = CARTESIAN_POINT ( 'NONE',  ( 1.719999999999999973, -1.562049935181331506, -1.600000000000000089 ) ) ;
#2312 = CARTESIAN_POINT ( 'NONE',  ( 2.500000000000000000, 1.100000000000000089, 1.599999999999999645 ) ) ;
#2313 = PLANE ( 'NONE',  #2415 ) ;
#2314 = EDGE_CURVE ( 'NONE', #2509, #3147, #2688, .T. ) ;
#2315 = ORIENTED_EDGE ( 'NONE', *, *, #3367, .T. ) ;
#2316 = DIRECTION ( 'NONE',  ( -3.614007241618346306E-16, 0.000000000000000000, -1.000000000000000000 ) ) ;
#2317 = AXIS2_PLACEMENT_3D ( 'NONE', #1948, #772, #1669 ) ;
#2318 = VERTEX_POINT ( 'NONE', #4271 ) ;
#2319 = CARTESIAN_POINT ( 'NONE',  ( 0.8200000000000006173, 1.100000000000000311, -1.600000000000000089 ) ) ;
#2320 = ORIENTED_EDGE ( 'NONE', *, *, #213, .F. ) ;
#2321 = ADVANCED_FACE ( 'NONE', ( #3112 ), #4321, .F. ) ;
#2322 = AXIS2_PLACEMENT_3D ( 'NONE', #5020, #752, #377 ) ;
#2323 = LINE ( 'NONE', #471, #3508 ) ;
#2324 = FACE_OUTER_BOUND ( 'NONE', #379, .T. ) ;
#2325 = VECTOR ( 'NONE', #3244, 1000.000000000000000 ) ;
#2326 = VECTOR ( 'NONE', #1341, 1000.000000000000000 ) ;
#2327 = CARTESIAN_POINT ( 'NONE',  ( -0.8200000000000005063, 0.5000000000000000000, 0.6000000000000003109 ) ) ;
#2328 = CARTESIAN_POINT ( 'NONE',  ( -2.100000000000000089, 1.109999999999999876, -1.200000000000000622 ) ) ;
#2329 = EDGE_CURVE ( 'NONE', #3001, #3906, #1553, .T. ) ;
#2330 = CIRCLE ( 'NONE', #1195, 0.1499999999999999667 ) ;
#2331 = EDGE_LOOP ( 'NONE', ( #3241, #4880, #2579, #4724 ) ) ;
#2332 = CIRCLE ( 'NONE', #1771, 0.1499999999999997446 ) ;
#2333 = CARTESIAN_POINT ( 'NONE',  ( 1.570000000000000284, 0.000000000000000000, -1.450000000000000844 ) ) ;
#2334 = DIRECTION ( 'NONE',  ( 0.000000000000000000, -0.000000000000000000, -1.000000000000000000 ) ) ;
#2336 = VECTOR ( 'NONE', #1546, 1000.000000000000000 ) ;
#2335 = DIRECTION ( 'NONE',  ( -1.000000000000000000, 0.000000000000000000, 1.084202172485504927E-16 ) ) ;
#2337 = ORIENTED_EDGE ( 'NONE', *, *, #1672, .T. ) ;
#2338 = ORIENTED_EDGE ( 'NONE', *, *, #4185, .T. ) ;
#2339 = PRESENTATION_STYLE_ASSIGNMENT (( #1143 ) ) ;
#2340 = ORIENTED_EDGE ( 'NONE', *, *, #4953, .F. ) ;
#2341 = EDGE_CURVE ( 'NONE', #2219, #3662, #3143, .T. ) ;
#2342 = LINE ( 'NONE', #3864, #2008 ) ;
#2343 = CARTESIAN_POINT ( 'NONE',  ( 2.500000000000000000, 0.01000000000000002623, -1.600000000000000533 ) ) ;
#2344 = EDGE_LOOP ( 'NONE', ( #862, #4345, #2717, #2146 ) ) ;
#2345 = LINE ( 'NONE', #1965, #2466 ) ;
#2346 = EDGE_CURVE ( 'NONE', #36, #4489, #1223, .T. ) ;
#2347 = ORIENTED_EDGE ( 'NONE', *, *, #112, .T. ) ;
#2348 = EDGE_CURVE ( 'NONE', #3591, #2378, #3085, .T. ) ;
#2349 = AXIS2_PLACEMENT_3D ( 'NONE', #349, #3333, #3386 ) ;
#2350 = LINE ( 'NONE', #3872, #4662 ) ;
#2351 = ORIENTED_EDGE ( 'NONE', *, *, #2969, .T. ) ;
#2352 = STYLED_ITEM ( 'NONE', ( #568 ), #3352 ) ;
#2353 = CARTESIAN_POINT ( 'NONE',  ( -2.299999999999999378, 7.985164807134504272, -1.200000000000000622 ) ) ;
#2354 = FACE_OUTER_BOUND ( 'NONE', #2838, .T. ) ;
#2355 = EDGE_CURVE ( 'NONE', #3748, #828, #2013, .T. ) ;
#2356 = CARTESIAN_POINT ( 'NONE',  ( -0.8200000000000006173, 1.100000000000000089, 1.600000000000000089 ) ) ;
#2357 = EDGE_LOOP ( 'NONE', ( #4744, #4942, #3873, #1405 ) ) ;
#2358 = ORIENTED_EDGE ( 'NONE', *, *, #2609, .T. ) ;
#2359 = DIRECTION ( 'NONE',  ( -1.000000000000000000, 0.000000000000000000, -2.710505431213761085E-16 ) ) ;
#2360 = CARTESIAN_POINT ( 'NONE',  ( 0.8200000000000006173, 0.5000000000000000000, -1.600000000000000089 ) ) ;
#2361 = VERTEX_POINT ( 'NONE', #3541 ) ;
#2362 = ORIENTED_EDGE ( 'NONE', *, *, #1038, .F. ) ;
#2363 = DIRECTION ( 'NONE',  ( 0.000000000000000000, -1.000000000000000000, 0.000000000000000000 ) ) ;
#2364 = VERTEX_POINT ( 'NONE', #79 ) ;
#2365 = DIRECTION ( 'NONE',  ( 0.000000000000000000, 1.000000000000000000, 0.000000000000000000 ) ) ;
#2366 = CARTESIAN_POINT ( 'NONE',  ( -1.523743748587508273, 0.5000000000000000000, 0.6000000000000006439 ) ) ;
#2367 = ORIENTED_EDGE ( 'NONE', *, *, #4179, .F. ) ;
#2368 = CARTESIAN_POINT ( 'NONE',  ( -2.100000000000000089, 1.100000000000000089, -1.200000000000000622 ) ) ;
#2369 = ORIENTED_EDGE ( 'NONE', *, *, #3649, .F. ) ;
#2370 = DIRECTION ( 'NONE',  ( -1.301042606982605321E-16, 0.000000000000000000, -1.000000000000000000 ) ) ;
#2371 = VERTEX_POINT ( 'NONE', #484 ) ;
#2372 = CARTESIAN_POINT ( 'NONE',  ( 0.8200000000000005063, 0.5000000000000000000, 1.600000000000000089 ) ) ;
#2373 = CARTESIAN_POINT ( 'NONE',  ( 0.8200000000000005063, 1.100000000000000089, -1.600000000000000311 ) ) ;
#2374 = CARTESIAN_POINT ( 'NONE',  ( 2.499999999999998224, 1.110000000000000098, 1.200000000000000844 ) ) ;
#2375 = DIRECTION ( 'NONE',  ( 0.000000000000000000, -0.000000000000000000, 1.000000000000000000 ) ) ;
#2376 = DIRECTION ( 'NONE',  ( 0.000000000000000000, -0.000000000000000000, 1.000000000000000000 ) ) ;
#2377 = EDGE_CURVE ( 'NONE', #1368, #4926, #4166, .T. ) ;
#2378 = VERTEX_POINT ( 'NONE', #1144 ) ;
#2379 = EDGE_LOOP ( 'NONE', ( #88, #903, #2834, #4835 ) ) ;
#2380 = CARTESIAN_POINT ( 'NONE',  ( -2.100000000000000089, 1.100000000000000089, 1.600000000000000755 ) ) ;
#2381 = CARTESIAN_POINT ( 'NONE',  ( 2.099999999999999201, 1.300000000000000044, -1.400000000000000133 ) ) ;
#2382 = ORIENTED_EDGE ( 'NONE', *, *, #4777, .T. ) ;
#2383 = AXIS2_PLACEMENT_3D ( 'NONE', #2406, #3251, #1628 ) ;
#2384 = ADVANCED_FACE ( 'NONE', ( #4612 ), #1635, .F. ) ;
#2385 = DIRECTION ( 'NONE',  ( 0.000000000000000000, 0.000000000000000000, 1.000000000000000000 ) ) ;
#2386 = ORIENTED_EDGE ( 'NONE', *, *, #2820, .T. ) ;
#2387 = DIRECTION ( 'NONE',  ( 1.000000000000000000, 0.000000000000000000, -0.000000000000000000 ) ) ;
#2388 = DIRECTION ( 'NONE',  ( 0.000000000000000000, 1.000000000000000000, 0.000000000000000000 ) ) ;
#2389 = CARTESIAN_POINT ( 'NONE',  ( 0.000000000000000000, 0.01000000000000000021, -0.6000000000000003109 ) ) ;
#2390 = ADVANCED_FACE ( 'NONE', ( #1168 ), #759, .F. ) ;
#2391 = AXIS2_PLACEMENT_3D ( 'NONE', #2019, #3893, #4592 ) ;
#2392 = ORIENTED_EDGE ( 'NONE', *, *, #2934, .F. ) ;
#2393 = LINE ( 'NONE', #1174, #442 ) ;
#2394 = EDGE_LOOP ( 'NONE', ( #3457, #4436, #544, #2674 ) ) ;
#2395 = LINE ( 'NONE', #3590, #216 ) ;
#2396 = ORIENTED_EDGE ( 'NONE', *, *, #1975, .F. ) ;
#2397 = AXIS2_PLACEMENT_3D ( 'NONE', #3512, #3434, #1984 ) ;
#2398 = CARTESIAN_POINT ( 'NONE',  ( 0.9700000000000006395, 0.5000000000000000000, -1.600000000000000311 ) ) ;
#2399 = PLANE ( 'NONE',  #1674 ) ;
#2400 = EDGE_CURVE ( 'NONE', #2669, #150, #2342, .T. ) ;
#2401 = CARTESIAN_POINT ( 'NONE',  ( -0.6700000000000001510, 0.000000000000000000, 0.000000000000000000 ) ) ;
#2402 = PLANE ( 'NONE',  #3866 ) ;
#2403 = ORIENTED_EDGE ( 'NONE', *, *, #1072, .F. ) ;
#2404 = CIRCLE ( 'NONE', #3137, 0.1499999999999999667 ) ;
#2405 = AXIS2_PLACEMENT_3D ( 'NONE', #848, #3552, #4703 ) ;
#2406 = CARTESIAN_POINT ( 'NONE',  ( 1.870000000000000107, -1.562049935181331506, 0.6000000000000007550 ) ) ;
#2407 = EDGE_CURVE ( 'NONE', #1190, #3181, #26, .T. ) ;
#2408 = CARTESIAN_POINT ( 'NONE',  ( 0.8200000000000006173, 10.00000000000000000, -1.600000000000000089 ) ) ;
#2409 = CARTESIAN_POINT ( 'NONE',  ( -2.500000000000000000, 1.100000000000000089, 0.2999999999999987121 ) ) ;
#2410 = ORIENTED_EDGE ( 'NONE', *, *, #2192, .F. ) ;
#2411 = VECTOR ( 'NONE', #2590, 1000.000000000000000 ) ;
#2412 = VECTOR ( 'NONE', #405, 1000.000000000000000 ) ;
#2413 = ORIENTED_EDGE ( 'NONE', *, *, #3256, .F. ) ;
#2414 = CARTESIAN_POINT ( 'NONE',  ( 2.099999999999999201, 1.110000000000000098, -1.600000000000000311 ) ) ;
#2415 = AXIS2_PLACEMENT_3D ( 'NONE', #3791, #313, #2962 ) ;
#2416 = ADVANCED_FACE ( 'NONE', ( #1711 ), #1296, .T. ) ;
#2417 = CARTESIAN_POINT ( 'NONE',  ( 0.000000000000000000, 0.000000000000000000, -1.600000000000000311 ) ) ;
#2418 = LINE ( 'NONE', #2366, #3769 ) ;
#2419 = ORIENTED_EDGE ( 'NONE', *, *, #957, .F. ) ;
#2420 = CARTESIAN_POINT ( 'NONE',  ( -1.870000000000000107, 0.000000000000000000, 0.000000000000000000 ) ) ;
#2421 = ORIENTED_EDGE ( 'NONE', *, *, #3789, .T. ) ;
#2422 = EDGE_CURVE ( 'NONE', #1481, #4059, #3236, .T. ) ;
#2423 = DIRECTION ( 'NONE',  ( -1.000000000000000000, 0.000000000000000000, -4.336808689942019708E-16 ) ) ;
#2424 = CARTESIAN_POINT ( 'NONE',  ( -2.100000000000000089, 1.109999999999999876, 1.400000000000000799 ) ) ;
#2425 = DIRECTION ( 'NONE',  ( -3.316902608485481668E-16, -0.000000000000000000, 1.000000000000000000 ) ) ;
#2426 = AXIS2_PLACEMENT_3D ( 'NONE', #2252, #4184, #4106 ) ;
#2427 = CARTESIAN_POINT ( 'NONE',  ( 1.719999999999999973, 0.01000000000000002623, -1.600000000000000311 ) ) ;
#2428 = SURFACE_STYLE_USAGE ( .BOTH. , #2500 ) ;
#2429 = ORIENTED_EDGE ( 'NONE', *, *, #2469, .T. ) ;
#2430 = CARTESIAN_POINT ( 'NONE',  ( 0.000000000000000000, 0.000000000000000000, 0.000000000000000000 ) ) ;
#2431 = DIRECTION ( 'NONE',  ( 0.000000000000000000, 1.000000000000000000, 0.000000000000000000 ) ) ;
#2432 = ORIENTED_EDGE ( 'NONE', *, *, #154, .T. ) ;
#2433 = ORIENTED_EDGE ( 'NONE', *, *, #2839, .F. ) ;
#2434 = ADVANCED_FACE ( 'NONE', ( #4348 ), #4039, .F. ) ;
#2435 = DIRECTION ( 'NONE',  ( -0.000000000000000000, -1.000000000000000000, -0.000000000000000000 ) ) ;
#2436 = DIRECTION ( 'NONE',  ( 0.000000000000000000, 0.000000000000000000, 1.000000000000000000 ) ) ;
#2437 = DIRECTION ( 'NONE',  ( 0.000000000000000000, 0.000000000000000000, 1.000000000000000000 ) ) ;
#2438 = DIRECTION ( 'NONE',  ( -1.000000000000000000, 0.000000000000000000, 0.000000000000000000 ) ) ;
#2439 = ORIENTED_EDGE ( 'NONE', *, *, #2833, .T. ) ;
#2440 = ORIENTED_EDGE ( 'NONE', *, *, #1158, .T. ) ;
#2441 = CARTESIAN_POINT ( 'NONE',  ( 0.8200000000000003952, 1.100000000000000089, -1.600000000000000311 ) ) ;
#2442 = EDGE_CURVE ( 'NONE', #4052, #3718, #1317, .T. ) ;
#2443 = VERTEX_POINT ( 'NONE', #4393 ) ;
#2444 = DIRECTION ( 'NONE',  ( 1.000000000000000000, 0.000000000000000000, -3.614007241618346306E-16 ) ) ;
#2445 = PLANE ( 'NONE',  #532 ) ;
#2446 = CARTESIAN_POINT ( 'NONE',  ( -1.719999999999999973, -3.203513695928269733, -1.600000000000000311 ) ) ;
#2447 = EDGE_CURVE ( 'NONE', #3922, #1062, #4791, .T. ) ;
#2448 = VERTEX_POINT ( 'NONE', #1270 ) ;
#2449 = CARTESIAN_POINT ( 'NONE',  ( 0.6700000000000001510, 0.01000000000000002623, 0.6000000000000003109 ) ) ;
#2450 = LINE ( 'NONE', #1365, #3534 ) ;
#2451 = DIRECTION ( 'NONE',  ( -0.000000000000000000, -1.000000000000000000, -0.000000000000000000 ) ) ;
#2452 = ORIENTED_EDGE ( 'NONE', *, *, #384, .T. ) ;
#2453 = ORIENTED_EDGE ( 'NONE', *, *, #4042, .T. ) ;
#2454 = CARTESIAN_POINT ( 'NONE',  ( -0.6700000000000000400, 0.01000000000000002623, -1.599999999999999867 ) ) ;
#2455 = DIRECTION ( 'NONE',  ( 0.000000000000000000, 1.000000000000000000, 0.000000000000000000 ) ) ;
#2456 = CARTESIAN_POINT ( 'NONE',  ( 0.9700000000000006395, 0.000000000000000000, 1.450000000000000400 ) ) ;
#2457 = CLOSED_SHELL ( 'NONE', ( #896, #1606, #4409, #3837, #769, #1295, #2790, #1426, #1798, #1708, #3334, #4197, #447, #2289 ) ) ;
#2458 = VERTEX_POINT ( 'NONE', #1656 ) ;
#2459 = VECTOR ( 'NONE', #1362, 1000.000000000000000 ) ;
#2460 = CARTESIAN_POINT ( 'NONE',  ( -0.8200000000000006173, 0.000000000000000000, 1.600000000000000089 ) ) ;
#2461 = EDGE_LOOP ( 'NONE', ( #3039, #4331, #452, #4626 ) ) ;
#2462 = CARTESIAN_POINT ( 'NONE',  ( -0.9700000000000004174, -1.562049935181331506, 1.450000000000000400 ) ) ;
#2463 = DIRECTION ( 'NONE',  ( -0.000000000000000000, -1.000000000000000000, -0.000000000000000000 ) ) ;
#2464 = ADVANCED_FACE ( 'NONE', ( #600 ), #174, .F. ) ;
#2465 = DIRECTION ( 'NONE',  ( 0.000000000000000000, 1.000000000000000000, 0.000000000000000000 ) ) ;
#2466 = VECTOR ( 'NONE', #842, 1000.000000000000000 ) ;
#2467 = ORIENTED_EDGE ( 'NONE', *, *, #1273, .F. ) ;
#2468 = LINE ( 'NONE', #3998, #1272 ) ;
#2469 = EDGE_CURVE ( 'NONE', #3374, #2458, #2858, .T. ) ;
#2470 = CARTESIAN_POINT ( 'NONE',  ( 2.500000000000000000, 0.000000000000000000, 1.599999999999999645 ) ) ;
#2471 = CIRCLE ( 'NONE', #284, 0.1499999999999995226 ) ;
#2472 = VERTEX_POINT ( 'NONE', #2112 ) ;
#2473 = DIRECTION ( 'NONE',  ( 0.000000000000000000, -0.000000000000000000, -1.000000000000000000 ) ) ;
#2474 = CIRCLE ( 'NONE', #4988, 0.1499999999999997446 ) ;
#2475 = CARTESIAN_POINT ( 'NONE',  ( 1.719999999999999973, 1.109999999999999876, 1.600000000000000533 ) ) ;
#2476 = EDGE_CURVE ( 'NONE', #4982, #4981, #3583, .T. ) ;
#2477 = DIRECTION ( 'NONE',  ( 0.000000000000000000, 1.000000000000000000, 0.000000000000000000 ) ) ;
#2478 = CARTESIAN_POINT ( 'NONE',  ( 1.870000000000000551, 1.100000000000000089, 1.599999999999999645 ) ) ;
#2479 = ORIENTED_EDGE ( 'NONE', *, *, #1468, .T. ) ;
#2480 = VECTOR ( 'NONE', #1308, 1000.000000000000000 ) ;
#2481 = VERTEX_POINT ( 'NONE', #4767 ) ;
#2482 = CIRCLE ( 'NONE', #1920, 0.1499999999999995226 ) ;
#2483 = CIRCLE ( 'NONE', #868, 0.2000000000000002054 ) ;
#2484 = DIRECTION ( 'NONE',  ( 0.000000000000000000, 0.000000000000000000, -1.000000000000000000 ) ) ;
#2486 = VECTOR ( 'NONE', #526, 1000.000000000000000 ) ;
#2485 = DIRECTION ( 'NONE',  ( 0.000000000000000000, -0.000000000000000000, -1.000000000000000000 ) ) ;
#2487 = VECTOR ( 'NONE', #2485, 1000.000000000000000 ) ;
#2488 = ORIENTED_EDGE ( 'NONE', *, *, #1259, .F. ) ;
#2489 = VECTOR ( 'NONE', #4129, 1000.000000000000000 ) ;
#2490 = DIRECTION ( 'NONE',  ( 0.000000000000000000, 0.000000000000000000, -1.000000000000000000 ) ) ;
#2491 = ORIENTED_EDGE ( 'NONE', *, *, #4122, .T. ) ;
#2492 = LINE ( 'NONE', #2866, #1598 ) ;
#2493 = CARTESIAN_POINT ( 'NONE',  ( -2.500000000000000000, 1.100000000000000089, 0.000000000000000000 ) ) ;
#2494 = PLANE ( 'NONE',  #4837 ) ;
#2495 = AXIS2_PLACEMENT_3D ( 'NONE', #878, #2048, #3572 ) ;
#2496 = ORIENTED_EDGE ( 'NONE', *, *, #2812, .T. ) ;
#2497 = EDGE_CURVE ( 'NONE', #4591, #2990, #1689, .T. ) ;
#2498 = CARTESIAN_POINT ( 'NONE',  ( 0.000000000000000000, 0.01000000000000000021, 0.000000000000000000 ) ) ;
#2499 = FACE_OUTER_BOUND ( 'NONE', #2293, .T. ) ;
#2500 = SURFACE_SIDE_STYLE ('',( #2074 ) ) ;
#2501 = ORIENTED_EDGE ( 'NONE', *, *, #1860, .T. ) ;
#2502 = CIRCLE ( 'NONE', #717, 0.2000000000000002054 ) ;
#2503 = EDGE_CURVE ( 'NONE', #3788, #2708, #4015, .T. ) ;
#2504 = CARTESIAN_POINT ( 'NONE',  ( -2.299999999999999378, 7.985164807134504272, -1.200000000000000622 ) ) ;
#2505 = LINE ( 'NONE', #2129, #3689 ) ;
#2506 = CARTESIAN_POINT ( 'NONE',  ( 0.8200000000000005063, 0.5000000000000000000, -0.6000000000000004219 ) ) ;
#2507 = APPLICATION_CONTEXT ( 'automotive_design' ) ;
#2508 = VERTEX_POINT ( 'NONE', #4844 ) ;
#2509 = VERTEX_POINT ( 'NONE', #3633 ) ;
#2510 = EDGE_CURVE ( 'NONE', #1808, #4553, #136, .T. ) ;
#2511 = DIRECTION ( 'NONE',  ( -0.000000000000000000, -1.000000000000000000, -0.000000000000000000 ) ) ;
#2512 = CARTESIAN_POINT ( 'NONE',  ( 0.6700000000000000400, 0.01000000000000002623, -1.599999999999999867 ) ) ;
#2513 = ORIENTED_EDGE ( 'NONE', *, *, #4101, .F. ) ;
#2514 = CARTESIAN_POINT ( 'NONE',  ( -2.100000000000000089, 1.109999999999999876, 1.200000000000000844 ) ) ;
#2515 = ORIENTED_EDGE ( 'NONE', *, *, #2023, .T. ) ;
#2516 = DIRECTION ( 'NONE',  ( 0.000000000000000000, 0.000000000000000000, -1.000000000000000000 ) ) ;
#2517 = DIRECTION ( 'NONE',  ( 0.000000000000000000, 1.000000000000000000, 0.000000000000000000 ) ) ;
#2518 = CARTESIAN_POINT ( 'NONE',  ( 0.9700000000000006395, 0.5000000000000000000, -1.600000000000000311 ) ) ;
#2519 = EDGE_LOOP ( 'NONE', ( #765, #3297, #4175, #1367 ) ) ;
#2520 = CARTESIAN_POINT ( 'NONE',  ( 0.6700000000000000400, 0.000000000000000000, -1.600000000000000089 ) ) ;
#2521 = ORIENTED_EDGE ( 'NONE', *, *, #3950, .F. ) ;
#2522 = CARTESIAN_POINT ( 'NONE',  ( -0.9700000000000006395, 10.00000000000000000, -1.450000000000000400 ) ) ;
#2523 = CARTESIAN_POINT ( 'NONE',  ( 2.099999999999999201, 1.109999999999999876, 1.200000000000000844 ) ) ;
#2524 = DIRECTION ( 'NONE',  ( -0.000000000000000000, -1.000000000000000000, -0.000000000000000000 ) ) ;
#2525 = DIRECTION ( 'NONE',  ( -1.000000000000000000, -0.000000000000000000, 0.000000000000000000 ) ) ;
#2526 = ADVANCED_FACE ( 'NONE', ( #4062 ), #3655, .F. ) ;
#2527 = ORIENTED_EDGE ( 'NONE', *, *, #2704, .F. ) ;
#2528 = EDGE_LOOP ( 'NONE', ( #4405, #3089, #1991, #1574 ) ) ;
#2529 = DIRECTION ( 'NONE',  ( 1.445602896647341678E-15, 0.000000000000000000, 1.000000000000000000 ) ) ;
#2530 = CARTESIAN_POINT ( 'NONE',  ( 1.870000000000000773, 0.01000000000000002623, -1.600000000000000089 ) ) ;
#2531 = DIRECTION ( 'NONE',  ( 0.000000000000000000, 1.000000000000000000, -0.000000000000000000 ) ) ;
#2532 = EDGE_CURVE ( 'NONE', #2069, #2936, #1733, .T. ) ;
#2533 = CARTESIAN_POINT ( 'NONE',  ( 1.570000000000000506, 1.100000000000000089, -1.450000000000000844 ) ) ;
#2534 = AXIS2_PLACEMENT_3D ( 'NONE', #3392, #4115, #654 ) ;
#2535 = ORIENTED_EDGE ( 'NONE', *, *, #3900, .F. ) ;
#2536 = CARTESIAN_POINT ( 'NONE',  ( -0.8200000000000006173, 0.5000000000000000000, -1.600000000000000311 ) ) ;
#2537 = CARTESIAN_POINT ( 'NONE',  ( -0.9700000000000006395, 1.109999999999999876, -1.600000000000000311 ) ) ;
#2538 = EDGE_CURVE ( 'NONE', #1939, #298, #2887, .T. ) ;
#2539 = CARTESIAN_POINT ( 'NONE',  ( 0.000000000000000000, 0.000000000000000000, 0.6000000000000006439 ) ) ;
#2540 = VECTOR ( 'NONE', #1134, 1000.000000000000000 ) ;
#2541 = ORIENTED_EDGE ( 'NONE', *, *, #384, .F. ) ;
#2542 = CARTESIAN_POINT ( 'NONE',  ( 1.719999999999999751, 0.5000000000000000000, -1.600000000000000311 ) ) ;
#2543 = CARTESIAN_POINT ( 'NONE',  ( 0.8200000000000006173, -1.562049935181331506, 1.600000000000000089 ) ) ;
#2544 = AXIS2_PLACEMENT_3D ( 'NONE', #4222, #1940, #1617 ) ;
#2545 = ORIENTED_EDGE ( 'NONE', *, *, #2185, .F. ) ;
#2546 = DIRECTION ( 'NONE',  ( 0.000000000000000000, -0.000000000000000000, 1.000000000000000000 ) ) ;
#2547 = PRESENTATION_STYLE_ASSIGNMENT (( #4738 ) ) ;
#2548 = DIRECTION ( 'NONE',  ( 1.000000000000000000, 0.000000000000000000, 3.614007241618350743E-16 ) ) ;
#2549 = DIRECTION ( 'NONE',  ( 0.000000000000000000, 1.000000000000000000, 0.000000000000000000 ) ) ;
#2550 = ORIENTED_EDGE ( 'NONE', *, *, #546, .T. ) ;
#2551 = ADVANCED_FACE ( 'NONE', ( #504 ), #4426, .F. ) ;
#2552 = EDGE_CURVE ( 'NONE', #2308, #2277, #964, .T. ) ;
#2553 = DIRECTION ( 'NONE',  ( 0.000000000000000000, 0.000000000000000000, -1.000000000000000000 ) ) ;
#2554 = LINE ( 'NONE', #1013, #3018 ) ;
#2555 = CARTESIAN_POINT ( 'NONE',  ( -1.870000000000000551, 1.100000000000000089, -1.599999999999999867 ) ) ;
#2556 = VECTOR ( 'NONE', #245, 1000.000000000000000 ) ;
#2557 = EDGE_CURVE ( 'NONE', #3929, #2936, #4755, .T. ) ;
#2558 = DIRECTION ( 'NONE',  ( 3.614007241618346306E-16, -0.000000000000000000, 1.000000000000000000 ) ) ;
#2559 = AXIS2_PLACEMENT_3D ( 'NONE', #1767, #2938, #1324 ) ;
#2560 = VECTOR ( 'NONE', #1718, 1000.000000000000000 ) ;
#2561 = ORIENTED_EDGE ( 'NONE', *, *, #4228, .F. ) ;
#2562 = CARTESIAN_POINT ( 'NONE',  ( -2.100000000000000977, 1.110000000000000098, -1.449999999999999289 ) ) ;
#2563 = CARTESIAN_POINT ( 'NONE',  ( 2.299999999999999822, 1.100000000000000089, 1.599999999999999867 ) ) ;
#2564 = DIRECTION ( 'NONE',  ( 0.000000000000000000, 0.000000000000000000, -1.000000000000000000 ) ) ;
#2565 = VECTOR ( 'NONE', #3467, 1000.000000000000000 ) ;
#2566 = AXIS2_PLACEMENT_3D ( 'NONE', #375, #3882, #3159 ) ;
#2567 = ORIENTED_EDGE ( 'NONE', *, *, #1326, .T. ) ;
#2568 = ADVANCED_FACE ( 'NONE', ( #4088 ), #2581, .F. ) ;
#2569 = DIRECTION ( 'NONE',  ( -0.000000000000000000, 0.000000000000000000, -1.000000000000000000 ) ) ;
#2570 = ORIENTED_EDGE ( 'NONE', *, *, #790, .T. ) ;
#2571 = VECTOR ( 'NONE', #1777, 1000.000000000000000 ) ;
#2572 = PRESENTATION_STYLE_ASSIGNMENT (( #263 ) ) ;
#2573 = VERTEX_POINT ( 'NONE', #2231 ) ;
#2574 = DIRECTION ( 'NONE',  ( 0.000000000000000000, 0.000000000000000000, -1.000000000000000000 ) ) ;
#2575 = LINE ( 'NONE', #2599, #4575 ) ;
#2576 = LINE ( 'NONE', #4526, #2249 ) ;
#2577 = LINE ( 'NONE', #3000, #4186 ) ;
#2578 = ORIENTED_EDGE ( 'NONE', *, *, #829, .F. ) ;
#2579 = ORIENTED_EDGE ( 'NONE', *, *, #727, .F. ) ;
#2580 = AXIS2_PLACEMENT_3D ( 'NONE', #1139, #3785, #304 ) ;
#2581 = PLANE ( 'NONE',  #4416 ) ;
#2582 = CARTESIAN_POINT ( 'NONE',  ( -1.719999999999999973, 0.01000000000000000021, 0.000000000000000000 ) ) ;
#2583 = CARTESIAN_POINT ( 'NONE',  ( -2.500000000000000444, 1.110000000000000098, -1.200000000000000622 ) ) ;
#2584 = EDGE_CURVE ( 'NONE', #122, #334, #1853, .T. ) ;
#2585 = LINE ( 'NONE', #3006, #2715 ) ;
#2586 = VERTEX_POINT ( 'NONE', #1828 ) ;
#2587 = FACE_OUTER_BOUND ( 'NONE', #1083, .T. ) ;
#2588 = DIRECTION ( 'NONE',  ( -0.000000000000000000, 0.000000000000000000, -1.000000000000000000 ) ) ;
#2589 = DIRECTION ( 'NONE',  ( 0.000000000000000000, 0.000000000000000000, 1.000000000000000000 ) ) ;
#2590 = DIRECTION ( 'NONE',  ( -0.000000000000000000, -0.000000000000000000, 1.000000000000000000 ) ) ;
#2591 = EDGE_CURVE ( 'NONE', #2203, #2594, #4157, .T. ) ;
#2592 = ORIENTED_EDGE ( 'NONE', *, *, #4163, .T. ) ;
#2593 = CARTESIAN_POINT ( 'NONE',  ( -1.570000000000000284, 10.00000000000000000, -1.450000000000000622 ) ) ;
#2594 = VERTEX_POINT ( 'NONE', #4890 ) ;
#2595 = ORIENTED_EDGE ( 'NONE', *, *, #2510, .F. ) ;
#2596 = EDGE_CURVE ( 'NONE', #2648, #746, #2181, .T. ) ;
#2597 = ORIENTED_EDGE ( 'NONE', *, *, #2538, .F. ) ;
#2598 = FACE_OUTER_BOUND ( 'NONE', #1333, .T. ) ;
#2599 = CARTESIAN_POINT ( 'NONE',  ( 2.299999999999998046, 1.109999999999999876, 1.200000000000000844 ) ) ;
#2600 = LINE ( 'NONE', #1462, #3930 ) ;
#2601 = CARTESIAN_POINT ( 'NONE',  ( -1.570000000000000284, -1.562049935181331506, 1.450000000000000844 ) ) ;
#2602 = ADVANCED_FACE ( 'NONE', ( #4108 ), #272, .F. ) ;
#2603 = VERTEX_POINT ( 'NONE', #4578 ) ;
#2604 = DIRECTION ( 'NONE',  ( 0.000000000000000000, 1.000000000000000000, 0.000000000000000000 ) ) ;
#2605 = LINE ( 'NONE', #4190, #3928 ) ;
#2606 = VERTEX_POINT ( 'NONE', #4866 ) ;
#2607 = CARTESIAN_POINT ( 'NONE',  ( 0.8200000000000003952, -1.562049935181331506, -0.6000000000000004219 ) ) ;
#2608 = ORIENTED_EDGE ( 'NONE', *, *, #3852, .F. ) ;
#2609 = EDGE_CURVE ( 'NONE', #4509, #1427, #4473, .T. ) ;
#2610 = DIRECTION ( 'NONE',  ( -0.000000000000000000, 0.000000000000000000, 1.000000000000000000 ) ) ;
#2611 = DIRECTION ( 'NONE',  ( 1.000000000000000000, -0.000000000000000000, 0.000000000000000000 ) ) ;
#2612 = VERTEX_POINT ( 'NONE', #3331 ) ;
#2613 = DIRECTION ( 'NONE',  ( 0.000000000000000000, 0.000000000000000000, -1.000000000000000000 ) ) ;
#2614 = CARTESIAN_POINT ( 'NONE',  ( -2.299999999999999822, 1.100000000000000089, 1.600000000000000311 ) ) ;
#2615 = AXIS2_PLACEMENT_3D ( 'NONE', #3656, #197, #126 ) ;
#2616 = ORIENTED_EDGE ( 'NONE', *, *, #1447, .T. ) ;
#2617 = ORIENTED_EDGE ( 'NONE', *, *, #4623, .T. ) ;
#2618 = LINE ( 'NONE', #3017, #2863 ) ;
#2619 = VECTOR ( 'NONE', #3896, 1000.000000000000000 ) ;
#2620 = FACE_OUTER_BOUND ( 'NONE', #2750, .T. ) ;
#2621 = EDGE_CURVE ( 'NONE', #2726, #3929, #648, .T. ) ;
#2622 = CARTESIAN_POINT ( 'NONE',  ( -1.870000000000000551, 0.000000000000000000, 1.600000000000000311 ) ) ;
#2623 = DIRECTION ( 'NONE',  ( -0.000000000000000000, -1.000000000000000000, -0.000000000000000000 ) ) ;
#2624 = VECTOR ( 'NONE', #715, 1000.000000000000000 ) ;
#2625 = ORIENTED_EDGE ( 'NONE', *, *, #2959, .F. ) ;
#2626 = ADVANCED_FACE ( 'NONE', ( #4920 ), #4189, .F. ) ;
#2627 = ORIENTED_EDGE ( 'NONE', *, *, #4537, .F. ) ;
#2628 = DIRECTION ( 'NONE',  ( 0.000000000000000000, 1.000000000000000000, 0.000000000000000000 ) ) ;
#2629 = DIRECTION ( 'NONE',  ( 1.084202172485504927E-16, -0.000000000000000000, 1.000000000000000000 ) ) ;
#2630 = CARTESIAN_POINT ( 'NONE',  ( 1.719999999999999973, 1.109999999999999876, -1.600000000000000311 ) ) ;
#2631 = ORIENTED_EDGE ( 'NONE', *, *, #4068, .T. ) ;
#2632 = DIRECTION ( 'NONE',  ( 0.000000000000000000, 0.000000000000000000, -1.000000000000000000 ) ) ;
#2633 = ORIENTED_EDGE ( 'NONE', *, *, #1284, .F. ) ;
#2634 = LINE ( 'NONE', #2286, #4001 ) ;
#2636 = COLOUR_RGB ( '',0.2509803921568627416, 0.2509803921568627416, 0.2509803921568627416 ) ;
#2635 = LINE ( 'NONE', #386, #541 ) ;
#2637 = VECTOR ( 'NONE', #1535, 1000.000000000000000 ) ;
#2638 = ORIENTED_EDGE ( 'NONE', *, *, #1316, .F. ) ;
#2639 = VECTOR ( 'NONE', #4481, 1000.000000000000000 ) ;
#2640 = DIRECTION ( 'NONE',  ( 0.000000000000000000, 1.000000000000000000, 0.000000000000000000 ) ) ;
#2641 = VERTEX_POINT ( 'NONE', #2280 ) ;
#2642 = CARTESIAN_POINT ( 'NONE',  ( -1.719999999999999751, 1.100000000000000089, -1.599999999999999867 ) ) ;
#2643 = AXIS2_PLACEMENT_3D ( 'NONE', #182, #3664, #3267 ) ;
#2644 = AXIS2_PLACEMENT_3D ( 'NONE', #3783, #2604, #3407 ) ;
#2645 = ORIENTED_EDGE ( 'NONE', *, *, #3714, .T. ) ;
#2646 = EDGE_CURVE ( 'NONE', #517, #4162, #224, .T. ) ;
#2647 = EDGE_CURVE ( 'NONE', #3588, #334, #3448, .T. ) ;
#2648 = VERTEX_POINT ( 'NONE', #1012 ) ;
#2649 = LINE ( 'NONE', #3777, #1087 ) ;
#2650 = VECTOR ( 'NONE', #4900, 1000.000000000000000 ) ;
#2651 = AXIS2_PLACEMENT_3D ( 'NONE', #219, #2524, #2999 ) ;
#2652 = DIRECTION ( 'NONE',  ( 0.000000000000000000, 1.000000000000000000, 0.000000000000000000 ) ) ;
#2653 = DIRECTION ( 'NONE',  ( -0.000000000000000000, -1.000000000000000000, -0.000000000000000000 ) ) ;
#2654 = CARTESIAN_POINT ( 'NONE',  ( -1.870000000000000551, 0.000000000000000000, 1.600000000000000311 ) ) ;
#2655 = DIRECTION ( 'NONE',  ( 0.000000000000000000, 1.000000000000000000, 0.000000000000000000 ) ) ;
#2656 = ADVANCED_FACE ( 'NONE', ( #3709 ), #2204, .F. ) ;
#2657 = VERTEX_POINT ( 'NONE', #302 ) ;
#2658 = CARTESIAN_POINT ( 'NONE',  ( 1.570000000000000506, 0.5000000000000000000, 1.450000000000000844 ) ) ;
#2659 = LINE ( 'NONE', #4922, #4267 ) ;
#2660 = EDGE_CURVE ( 'NONE', #833, #431, #2332, .T. ) ;
#2661 = ORIENTED_EDGE ( 'NONE', *, *, #546, .F. ) ;
#2662 = VECTOR ( 'NONE', #3307, 1000.000000000000000 ) ;
#2663 = DIRECTION ( 'NONE',  ( 1.000000000000000000, -0.000000000000000000, 0.000000000000000000 ) ) ;
#2664 = ORIENTED_EDGE ( 'NONE', *, *, #1578, .F. ) ;
#2665 = CARTESIAN_POINT ( 'NONE',  ( -2.100000000000000089, 1.110000000000000098, 1.200000000000000844 ) ) ;
#2666 = DIRECTION ( 'NONE',  ( 0.000000000000000000, 0.000000000000000000, -1.000000000000000000 ) ) ;
#2667 = DIRECTION ( 'NONE',  ( 0.000000000000000000, -0.000000000000000000, 1.000000000000000000 ) ) ;
#2668 = VECTOR ( 'NONE', #1566, 1000.000000000000000 ) ;
#2669 = VERTEX_POINT ( 'NONE', #672 ) ;
#2670 = DIRECTION ( 'NONE',  ( 1.807003620809173153E-16, 0.000000000000000000, -1.000000000000000000 ) ) ;
#2671 = VERTEX_POINT ( 'NONE', #3757 ) ;
#2672 = DIRECTION ( 'NONE',  ( 1.000000000000000000, 0.000000000000000000, -0.000000000000000000 ) ) ;
#2673 = VERTEX_POINT ( 'NONE', #3385 ) ;
#2674 = ORIENTED_EDGE ( 'NONE', *, *, #3660, .F. ) ;
#2675 = LINE ( 'NONE', #1103, #4893 ) ;
#2676 = LINE ( 'NONE', #267, #3033 ) ;
#2677 = ADVANCED_FACE ( 'NONE', ( #4943 ), #3002, .F. ) ;
#2678 =( NAMED_UNIT ( * ) PLANE_ANGLE_UNIT ( ) SI_UNIT ( $, .RADIAN. ) );
#2679 = DIRECTION ( 'NONE',  ( 0.000000000000000000, 0.000000000000000000, -1.000000000000000000 ) ) ;
#2680 = ORIENTED_EDGE ( 'NONE', *, *, #1468, .F. ) ;
#2681 = VERTEX_POINT ( 'NONE', #2762 ) ;
#2682 = LINE ( 'NONE', #4211, #4172 ) ;
#2683 = CARTESIAN_POINT ( 'NONE',  ( 1.719999999999999973, 0.01000000000000002623, 1.599999999999999645 ) ) ;
#2684 = PLANE ( 'NONE',  #2322 ) ;
#2685 = EDGE_LOOP ( 'NONE', ( #768, #4865, #1803, #2966 ) ) ;
#2686 = ORIENTED_EDGE ( 'NONE', *, *, #1201, .F. ) ;
#2687 = EDGE_CURVE ( 'NONE', #2708, #2285, #3042, .T. ) ;
#2688 = LINE ( 'NONE', #2712, #1604 ) ;
#2689 = PLANE ( 'NONE',  #1659 ) ;
#2690 = DIRECTION ( 'NONE',  ( -0.000000000000000000, -1.000000000000000000, -0.000000000000000000 ) ) ;
#2691 = EDGE_LOOP ( 'NONE', ( #3713, #1487, #3943, #3283 ) ) ;
#2692 = PLANE ( 'NONE',  #2147 ) ;
#2693 = ORIENTED_EDGE ( 'NONE', *, *, #4469, .F. ) ;
#2694 = EDGE_CURVE ( 'NONE', #2481, #1585, #1276, .T. ) ;
#2695 = DIRECTION ( 'NONE',  ( 0.000000000000000000, 0.000000000000000000, -1.000000000000000000 ) ) ;
#2696 = EDGE_LOOP ( 'NONE', ( #2338, #1841, #2595, #1725, #4241 ) ) ;
#2697 = CARTESIAN_POINT ( 'NONE',  ( 0.8200000000000005063, -1.562049935181331506, -1.600000000000000089 ) ) ;
#2698 = CYLINDRICAL_SURFACE ( 'NONE', #4491, 0.1499999999999999667 ) ;
#2699 = VECTOR ( 'NONE', #2388, 1000.000000000000000 ) ;
#2700 = DIRECTION ( 'NONE',  ( 0.000000000000000000, 1.000000000000000000, -0.000000000000000000 ) ) ;
#2701 = CARTESIAN_POINT ( 'NONE',  ( 0.000000000000000000, 0.000000000000000000, -0.6000000000000003109 ) ) ;
#2702 = ORIENTED_EDGE ( 'NONE', *, *, #3631, .T. ) ;
#2703 = AXIS2_PLACEMENT_3D ( 'NONE', #1482, #4908, #1078 ) ;
#2704 = EDGE_CURVE ( 'NONE', #3906, #3497, #1629, .T. ) ;
#2705 = ORIENTED_EDGE ( 'NONE', *, *, #2995, .F. ) ;
#2706 = DIRECTION ( 'NONE',  ( -0.000000000000000000, -1.000000000000000000, -0.000000000000000000 ) ) ;
#2707 = LINE ( 'NONE', #4238, #3861 ) ;
#2708 = VERTEX_POINT ( 'NONE', #4709 ) ;
#2709 = ORIENTED_EDGE ( 'NONE', *, *, #3211, .F. ) ;
#2710 = EDGE_CURVE ( 'NONE', #1194, #3509, #3135, .T. ) ;
#2711 = ORIENTED_EDGE ( 'NONE', *, *, #123, .T. ) ;
#2712 = CARTESIAN_POINT ( 'NONE',  ( 0.000000000000000000, 0.01000000000000000021, -0.6000000000000007550 ) ) ;
#2713 = LINE ( 'NONE', #1962, #2699 ) ;
#2714 = DIRECTION ( 'NONE',  ( -1.000000000000000000, -0.000000000000000000, -1.445602896647333395E-15 ) ) ;
#2715 = VECTOR ( 'NONE', #3690, 1000.000000000000000 ) ;
#2716 = ADVANCED_FACE ( 'NONE', ( #427 ), #3053, .F. ) ;
#2717 = ORIENTED_EDGE ( 'NONE', *, *, #2065, .T. ) ;
#2718 = DIRECTION ( 'NONE',  ( 0.000000000000000000, 0.000000000000000000, -1.000000000000000000 ) ) ;
#2719 = COLOUR_RGB ( '',0.9686274509803921573, 0.8784313725490195957, 0.5999999999999999778 ) ;
#2720 = ORIENTED_EDGE ( 'NONE', *, *, #2072, .T. ) ;
#2721 = PLANE ( 'NONE',  #3372 ) ;
#2722 = ORIENTED_EDGE ( 'NONE', *, *, #3563, .F. ) ;
#2723 = VECTOR ( 'NONE', #4567, 1000.000000000000000 ) ;
#2724 = AXIS2_PLACEMENT_3D ( 'NONE', #950, #4027, #1746 ) ;
#2725 = EDGE_CURVE ( 'NONE', #4431, #2116, #2004, .T. ) ;
#2726 = VERTEX_POINT ( 'NONE', #1240 ) ;
#2727 = DIRECTION ( 'NONE',  ( -0.7071067811865561215, 0.000000000000000000, 0.7071067811865388020 ) ) ;
#2728 = CARTESIAN_POINT ( 'NONE',  ( 1.870000000000000107, 0.000000000000000000, 0.000000000000000000 ) ) ;
#2729 = VECTOR ( 'NONE', #4460, 1000.000000000000000 ) ;
#2730 = AXIS2_PLACEMENT_3D ( 'NONE', #986, #151, #2529 ) ;
#2731 = CYLINDRICAL_SURFACE ( 'NONE', #2816, 0.1499999999999999667 ) ;
#2732 = VECTOR ( 'NONE', #839, 1000.000000000000000 ) ;
#2733 = EDGE_LOOP ( 'NONE', ( #1577, #652, #2627, #2396 ) ) ;
#2734 = VECTOR ( 'NONE', #3800, 1000.000000000000000 ) ;
#2735 = ORIENTED_EDGE ( 'NONE', *, *, #4403, .T. ) ;
#2736 = DIRECTION ( 'NONE',  ( 0.000000000000000000, -0.000000000000000000, 1.000000000000000000 ) ) ;
#2738 = AXIS2_PLACEMENT_3D ( 'NONE', #3815, #4224, #3844 ) ;
#2737 = DIRECTION ( 'NONE',  ( 0.000000000000000000, 0.000000000000000000, -1.000000000000000000 ) ) ;
#2739 = ORIENTED_EDGE ( 'NONE', *, *, #4519, .F. ) ;
#2740 = EDGE_LOOP ( 'NONE', ( #2973, #1077, #3484, #490 ) ) ;
#2741 =( NAMED_UNIT ( * ) PLANE_ANGLE_UNIT ( ) SI_UNIT ( $, .RADIAN. ) );
#2742 = ORIENTED_EDGE ( 'NONE', *, *, #1418, .T. ) ;
#2743 = PLANE ( 'NONE',  #4330 ) ;
#2744 = LINE ( 'NONE', #4272, #4471 ) ;
#2745 = CARTESIAN_POINT ( 'NONE',  ( 1.719999999999999973, 0.01000000000000002623, 1.600000000000000533 ) ) ;
#2746 = ADVANCED_FACE ( 'NONE', ( #348 ), #831, .F. ) ;
#2747 = AXIS2_PLACEMENT_3D ( 'NONE', #1366, #3278, #1754 ) ;
#2748 = ORIENTED_EDGE ( 'NONE', *, *, #1289, .T. ) ;
#2749 = LINE ( 'NONE', #4671, #2795 ) ;
#2750 = EDGE_LOOP ( 'NONE', ( #2822, #3632, #4788, #4522 ) ) ;
#2751 = PLANE ( 'NONE',  #692 ) ;
#2752 = VERTEX_POINT ( 'NONE', #3535 ) ;
#2753 = ORIENTED_EDGE ( 'NONE', *, *, #2839, .T. ) ;
#2754 = DIRECTION ( 'NONE',  ( 0.000000000000000000, 1.000000000000000000, 0.000000000000000000 ) ) ;
#2755 = DIRECTION ( 'NONE',  ( 0.000000000000000000, 0.000000000000000000, -1.000000000000000000 ) ) ;
#2756 = EDGE_CURVE ( 'NONE', #1493, #3588, #4606, .T. ) ;
#2757 = DIRECTION ( 'NONE',  ( -1.000000000000000000, -0.000000000000000000, -0.000000000000000000 ) ) ;
#2758 =( LENGTH_UNIT ( ) NAMED_UNIT ( * ) SI_UNIT ( .MILLI., .METRE. ) );
#2759 = ORIENTED_EDGE ( 'NONE', *, *, #4445, .T. ) ;
#2760 = ORIENTED_EDGE ( 'NONE', *, *, #4437, .F. ) ;
#2761 = EDGE_CURVE ( 'NONE', #687, #3387, #3903, .T. ) ;
#2762 = CARTESIAN_POINT ( 'NONE',  ( -1.870000000000000107, 0.000000000000000000, -0.6000000000000004219 ) ) ;
#2763 = FACE_OUTER_BOUND ( 'NONE', #5009, .T. ) ;
#2764 = VERTEX_POINT ( 'NONE', #4313 ) ;
#2765 = ORIENTED_EDGE ( 'NONE', *, *, #2812, .F. ) ;
#2766 = SURFACE_STYLE_FILL_AREA ( #4583 ) ;
#2767 = ORIENTED_EDGE ( 'NONE', *, *, #2407, .F. ) ;
#2768 = DIRECTION ( 'NONE',  ( 1.000000000000000000, 0.000000000000000000, -0.000000000000000000 ) ) ;
#2769 = LINE ( 'NONE', #1529, #270 ) ;
#2770 = PLANE ( 'NONE',  #1687 ) ;
#2771 = ORIENTED_EDGE ( 'NONE', *, *, #4323, .F. ) ;
#2772 = EDGE_CURVE ( 'NONE', #4828, #3043, #3482, .T. ) ;
#2773 = LINE ( 'NONE', #2290, #1903 ) ;
#2774 = EDGE_LOOP ( 'NONE', ( #165, #4700, #4132, #710, #4542, #663, #725, #852, #1475, #2054, #2040, #4679, #209, #3860, #3558, #3016, #1026, #4316, #1055, #3202, #3863, #4661, #1389, #3734 ) ) ;
#2775 = EDGE_CURVE ( 'NONE', #488, #1870, #3858, .T. ) ;
#2776 = LINE ( 'NONE', #4800, #1682 ) ;
#2777 = ORIENTED_EDGE ( 'NONE', *, *, #1066, .T. ) ;
#2778 = DIRECTION ( 'NONE',  ( -1.000000000000000000, -0.000000000000000000, 0.000000000000000000 ) ) ;
#2779 = DIRECTION ( 'NONE',  ( 1.000000000000000000, 0.000000000000000000, -1.445602896647334381E-15 ) ) ;
#2780 = PLANE ( 'NONE',  #4014 ) ;
#2781 = CARTESIAN_POINT ( 'NONE',  ( -0.9700000000000006395, 0.5000000000000000000, -1.600000000000000311 ) ) ;
#2782 = ORIENTED_EDGE ( 'NONE', *, *, #1912, .T. ) ;
#2783 = EDGE_CURVE ( 'NONE', #3892, #4611, #20, .T. ) ;
#2784 = AXIS2_PLACEMENT_3D ( 'NONE', #928, #4417, #4785 ) ;
#2785 = DIRECTION ( 'NONE',  ( -1.000000000000000000, -0.000000000000000000, -0.000000000000000000 ) ) ;
#2786 = CARTESIAN_POINT ( 'NONE',  ( -0.6700000000000000400, 0.000000000000000000, 1.599999999999999867 ) ) ;
#2787 = EDGE_LOOP ( 'NONE', ( #4721, #359, #3566, #2800 ) ) ;
#2788 = CIRCLE ( 'NONE', #4138, 0.2000000000000003164 ) ;
#2789 = ORIENTED_EDGE ( 'NONE', *, *, #2979, .F. ) ;
#2790 = ADVANCED_FACE ( 'NONE', ( #1929 ), #1570, .F. ) ;
#2791 = DIRECTION ( 'NONE',  ( 0.000000000000000000, 0.000000000000000000, -1.000000000000000000 ) ) ;
#2792 = ORIENTED_EDGE ( 'NONE', *, *, #4037, .T. ) ;
#2793 = DIRECTION ( 'NONE',  ( 0.000000000000000000, -0.000000000000000000, 1.000000000000000000 ) ) ;
#2794 = DIRECTION ( 'NONE',  ( -0.000000000000000000, -1.000000000000000000, -0.000000000000000000 ) ) ;
#2795 = VECTOR ( 'NONE', #1557, 1000.000000000000000 ) ;
#2796 = EDGE_LOOP ( 'NONE', ( #1110, #3064, #3066, #1653 ) ) ;
#2797 = CARTESIAN_POINT ( 'NONE',  ( -1.719999999999999973, 10.00000000000000000, -1.600000000000000089 ) ) ;
#2798 = EDGE_LOOP ( 'NONE', ( #481, #786, #1356, #1596, #4194, #2782 ) ) ;
#2799 = CARTESIAN_POINT ( 'NONE',  ( -0.6700000000000000400, 0.01000000000000002623, -1.600000000000000089 ) ) ;
#2800 = ORIENTED_EDGE ( 'NONE', *, *, #208, .T. ) ;
#2801 = LINE ( 'NONE', #4680, #3107 ) ;
#2802 = CARTESIAN_POINT ( 'NONE',  ( -1.870000000000000551, 0.01000000000000002623, 1.600000000000000311 ) ) ;
#2803 = DIRECTION ( 'NONE',  ( 0.000000000000000000, 0.000000000000000000, 1.000000000000000000 ) ) ;
#2804 = VECTOR ( 'NONE', #495, 1000.000000000000000 ) ;
#2805 = EDGE_CURVE ( 'NONE', #1765, #404, #2682, .T. ) ;
#2806 = AXIS2_PLACEMENT_3D ( 'NONE', #945, #2897, #4872 ) ;
#2807 = AXIS2_PLACEMENT_3D ( 'NONE', #1303, #4069, #4046 ) ;
#2808 = LINE ( 'NONE', #880, #841 ) ;
#2809 = DIRECTION ( 'NONE',  ( 0.000000000000000000, 1.000000000000000000, -0.000000000000000000 ) ) ;
#2810 = DIRECTION ( 'NONE',  ( 0.000000000000000000, 1.000000000000000000, -0.000000000000000000 ) ) ;
#2811 = ORIENTED_EDGE ( 'NONE', *, *, #3593, .F. ) ;
#2812 = EDGE_CURVE ( 'NONE', #3936, #3718, #750, .T. ) ;
#2813 = AXIS2_PLACEMENT_3D ( 'NONE', #3768, #760, #336 ) ;
#2814 = VECTOR ( 'NONE', #2768, 1000.000000000000000 ) ;
#2815 = DIRECTION ( 'NONE',  ( -0.7071067811865563435, 0.000000000000000000, 0.7071067811865388020 ) ) ;
#2816 = AXIS2_PLACEMENT_3D ( 'NONE', #773, #3098, #3501 ) ;
#2817 = CARTESIAN_POINT ( 'NONE',  ( -1.570000000000000284, 10.00000000000000000, -1.600000000000000533 ) ) ;
#2818 = CARTESIAN_POINT ( 'NONE',  ( -0.6700000000000000400, 0.5000000000000000000, -1.599999999999999867 ) ) ;
#2819 = FACE_OUTER_BOUND ( 'NONE', #3879, .T. ) ;
#2820 = EDGE_CURVE ( 'NONE', #3908, #1368, #5018, .T. ) ;
#2821 = ORIENTED_EDGE ( 'NONE', *, *, #2503, .F. ) ;
#2822 = ORIENTED_EDGE ( 'NONE', *, *, #4191, .T. ) ;
#2823 = CARTESIAN_POINT ( 'NONE',  ( 0.9700000000000006395, 0.5000000000000000000, -0.6000000000000003109 ) ) ;
#2824 = ORIENTED_EDGE ( 'NONE', *, *, #3522, .F. ) ;
#2825 = DIRECTION ( 'NONE',  ( 0.000000000000000000, 1.000000000000000000, 0.000000000000000000 ) ) ;
#2826 = DIRECTION ( 'NONE',  ( -1.000000000000000000, 0.000000000000000000, -2.710505431213761085E-16 ) ) ;
#2827 = ORIENTED_EDGE ( 'NONE', *, *, #4874, .T. ) ;
#2828 = DIRECTION ( 'NONE',  ( -3.614007241618353898E-15, 0.000000000000000000, -1.000000000000000000 ) ) ;
#2829 = DIRECTION ( 'NONE',  ( 0.000000000000000000, 0.000000000000000000, 1.000000000000000000 ) ) ;
#2830 = CARTESIAN_POINT ( 'NONE',  ( -0.8200000000000006173, 0.000000000000000000, -1.599999999999999867 ) ) ;
#2831 = ORIENTED_EDGE ( 'NONE', *, *, #1102, .T. ) ;
#2832 = ORIENTED_EDGE ( 'NONE', *, *, #4347, .T. ) ;
#2833 = EDGE_CURVE ( 'NONE', #3147, #4509, #4628, .T. ) ;
#2834 = ORIENTED_EDGE ( 'NONE', *, *, #260, .F. ) ;
#2835 = DIRECTION ( 'NONE',  ( 3.614007241618350743E-16, -0.000000000000000000, 1.000000000000000000 ) ) ;
#2836 = CARTESIAN_POINT ( 'NONE',  ( 0.9700000000000006395, 1.100000000000000311, -1.600000000000000311 ) ) ;
#2837 = CARTESIAN_POINT ( 'NONE',  ( 0.9700000000000006395, -1.562049935181331506, -1.450000000000000400 ) ) ;
#2838 = EDGE_LOOP ( 'NONE', ( #3140, #3149, #2513, #4310 ) ) ;
#2839 = EDGE_CURVE ( 'NONE', #2669, #3892, #4653, .T. ) ;
#2840 = DIRECTION ( 'NONE',  ( 0.000000000000000000, 1.000000000000000000, 0.000000000000000000 ) ) ;
#2841 = ORIENTED_EDGE ( 'NONE', *, *, #75, .T. ) ;
#2842 = CARTESIAN_POINT ( 'NONE',  ( -2.500000000000000000, 0.000000000000000000, 1.599999999999998979 ) ) ;
#2843 = DIRECTION ( 'NONE',  ( 0.000000000000000000, 0.000000000000000000, 1.000000000000000000 ) ) ;
#2844 = CARTESIAN_POINT ( 'NONE',  ( -0.6700000000000001510, -1.562049935181331506, 0.6000000000000003109 ) ) ;
#2845 = ORIENTED_EDGE ( 'NONE', *, *, #733, .F. ) ;
#2846 = EDGE_CURVE ( 'NONE', #4470, #3494, #2880, .T. ) ;
#2847 = LINE ( 'NONE', #1381, #1666 ) ;
#2848 = FACE_OUTER_BOUND ( 'NONE', #3279, .T. ) ;
#2849 = LINE ( 'NONE', #3226, #863 ) ;
#2850 = ORIENTED_EDGE ( 'NONE', *, *, #3178, .F. ) ;
#2851 = DIRECTION ( 'NONE',  ( -0.000000000000000000, -1.000000000000000000, -0.000000000000000000 ) ) ;
#2852 = CARTESIAN_POINT ( 'NONE',  ( -2.100000000000000089, 7.985164807134504272, -1.400000000000000133 ) ) ;
#2853 = CARTESIAN_POINT ( 'NONE',  ( 0.6700000000000000400, 0.000000000000000000, -1.599999999999999867 ) ) ;
#2854 = LINE ( 'NONE', #2478, #3380 ) ;
#2855 = ORIENTED_EDGE ( 'NONE', *, *, #2934, .T. ) ;
#2856 = ADVANCED_FACE ( 'NONE', ( #1675 ), #521, .F. ) ;
#2857 = ORIENTED_EDGE ( 'NONE', *, *, #4156, .T. ) ;
#2858 = LINE ( 'NONE', #4368, #699 ) ;
#2859 = FACE_OUTER_BOUND ( 'NONE', #1639, .T. ) ;
#2860 = AXIS2_PLACEMENT_3D ( 'NONE', #2836, #578, #935 ) ;
#2861 = EDGE_CURVE ( 'NONE', #109, #346, #4762, .T. ) ;
#2862 = ORIENTED_EDGE ( 'NONE', *, *, #3668, .F. ) ;
#2863 = VECTOR ( 'NONE', #1460, 1000.000000000000000 ) ;
#2864 = DIRECTION ( 'NONE',  ( -1.000000000000000000, -0.000000000000000000, 1.445602896647333395E-15 ) ) ;
#2865 = ORIENTED_EDGE ( 'NONE', *, *, #4572, .F. ) ;
#2866 = CARTESIAN_POINT ( 'NONE',  ( -1.570000000000000506, 0.5000000000000000000, -1.450000000000000844 ) ) ;
#2867 = CARTESIAN_POINT ( 'NONE',  ( -1.570000000000000506, 1.100000000000000089, -1.450000000000001288 ) ) ;
#2868 = LINE ( 'NONE', #2441, #4500 ) ;
#2869 = EDGE_CURVE ( 'NONE', #2261, #1641, #2505, .T. ) ;
#2870 = ORIENTED_EDGE ( 'NONE', *, *, #3485, .F. ) ;
#2871 = CARTESIAN_POINT ( 'NONE',  ( -1.719999999999999973, 3.703513695928269733, 0.7962562514124874591 ) ) ;
#2872 = DIRECTION ( 'NONE',  ( 1.000000000000000000, -0.000000000000000000, 0.000000000000000000 ) ) ;
#2873 = FILL_AREA_STYLE ('',( #115 ) ) ;
#2874 = EDGE_CURVE ( 'NONE', #3429, #3281, #189, .T. ) ;
#2875 = AXIS2_PLACEMENT_3D ( 'NONE', #309, #4848, #1374 ) ;
#2876 = ORIENTED_EDGE ( 'NONE', *, *, #1050, .F. ) ;
#2877 = CARTESIAN_POINT ( 'NONE',  ( -2.100000000000000977, 1.100000000000000089, -1.449999999999999289 ) ) ;
#2878 = VECTOR ( 'NONE', #3909, 1000.000000000000000 ) ;
#2879 = DIRECTION ( 'NONE',  ( -0.000000000000000000, -1.000000000000000000, -0.000000000000000000 ) ) ;
#2880 = LINE ( 'NONE', #2408, #144 ) ;
#2881 = CARTESIAN_POINT ( 'NONE',  ( 0.8200000000000003952, 0.01000000000000002623, -1.600000000000000089 ) ) ;
#2882 = VERTEX_POINT ( 'NONE', #2853 ) ;
#2883 = AXIS2_PLACEMENT_3D ( 'NONE', #1748, #1076, #242 ) ;
#2884 = ORIENTED_EDGE ( 'NONE', *, *, #1072, .T. ) ;
#2885 = VECTOR ( 'NONE', #2262, 1000.000000000000000 ) ;
#2886 = VECTOR ( 'NONE', #4170, 1000.000000000000000 ) ;
#2887 = LINE ( 'NONE', #4740, #3362 ) ;
#2888 = LINE ( 'NONE', #1712, #3341 ) ;
#2890 = AXIS2_PLACEMENT_3D ( 'NONE', #3165, #1198, #2793 ) ;
#2889 = CARTESIAN_POINT ( 'NONE',  ( -0.9700000000000006395, 1.100000000000000311, -1.600000000000000311 ) ) ;
#2891 = CIRCLE ( 'NONE', #619, 0.1499999999999999667 ) ;
#2892 = ORIENTED_EDGE ( 'NONE', *, *, #1638, .T. ) ;
#2893 = DIRECTION ( 'NONE',  ( -1.000000000000000000, 0.000000000000000000, 4.336808689942019708E-16 ) ) ;
#2894 = VERTEX_POINT ( 'NONE', #3207 ) ;
#2895 = EDGE_CURVE ( 'NONE', #425, #3929, #3252, .T. ) ;
#2896 = DIRECTION ( 'NONE',  ( 0.000000000000000000, -1.000000000000000000, 0.000000000000000000 ) ) ;
#2897 = DIRECTION ( 'NONE',  ( -0.000000000000000000, -1.000000000000000000, -0.000000000000000000 ) ) ;
#2898 = LINE ( 'NONE', #4484, #1109 ) ;
#2899 = VECTOR ( 'NONE', #4337, 1000.000000000000000 ) ;
#2900 = VERTEX_POINT ( 'NONE', #3650 ) ;
#2901 = CARTESIAN_POINT ( 'NONE',  ( -0.6700000000000001510, 0.5000000000000000000, 0.6000000000000003109 ) ) ;
#2902 = FACE_OUTER_BOUND ( 'NONE', #1964, .T. ) ;
#2903 = ORIENTED_EDGE ( 'NONE', *, *, #3230, .T. ) ;
#2904 = VECTOR ( 'NONE', #1218, 1000.000000000000000 ) ;
#2905 = LINE ( 'NONE', #215, #1820 ) ;
#2906 = FACE_OUTER_BOUND ( 'NONE', #1707, .T. ) ;
#2907 = ADVANCED_FACE ( 'NONE', ( #4007 ), #3277, .F. ) ;
#2908 = CARTESIAN_POINT ( 'NONE',  ( 2.500000000000000000, 1.100000000000000089, 1.399999999999999245 ) ) ;
#2909 = DIRECTION ( 'NONE',  ( -0.000000000000000000, -1.000000000000000000, -0.000000000000000000 ) ) ;
#2910 = AXIS2_PLACEMENT_3D ( 'NONE', #4548, #2623, #248 ) ;
#2911 = ORIENTED_EDGE ( 'NONE', *, *, #180, .T. ) ;
#2912 = CARTESIAN_POINT ( 'NONE',  ( -0.8200000000000005063, 0.01000000000000000021, 0.000000000000000000 ) ) ;
#2913 = CARTESIAN_POINT ( 'NONE',  ( -1.870000000000000107, -1.562049935181331506, -0.6000000000000006439 ) ) ;
#2914 = CARTESIAN_POINT ( 'NONE',  ( 0.8200000000000005063, 3.703513695928269733, -0.6000000000000005329 ) ) ;
#2915 = CARTESIAN_POINT ( 'NONE',  ( 0.6700000000000001510, 0.000000000000000000, -0.6000000000000006439 ) ) ;
#2916 = ORIENTED_EDGE ( 'NONE', *, *, #3958, .T. ) ;
#2917 = DIRECTION ( 'NONE',  ( 0.000000000000000000, 0.000000000000000000, 1.000000000000000000 ) ) ;
#2918 = LINE ( 'NONE', #205, #1603 ) ;
#2919 = DIRECTION ( 'NONE',  ( -0.000000000000000000, -1.000000000000000000, -0.000000000000000000 ) ) ;
#2920 = EDGE_CURVE ( 'NONE', #2082, #4239, #3933, .T. ) ;
#2921 = ORIENTED_EDGE ( 'NONE', *, *, #580, .F. ) ;
#2922 = EDGE_CURVE ( 'NONE', #1916, #5015, #2450, .T. ) ;
#2923 = DIRECTION ( 'NONE',  ( 0.000000000000000000, -0.000000000000000000, 1.000000000000000000 ) ) ;
#2924 = CARTESIAN_POINT ( 'NONE',  ( -0.8200000000000005063, 0.5000000000000000000, -0.6000000000000003109 ) ) ;
#2925 = ORIENTED_EDGE ( 'NONE', *, *, #520, .T. ) ;
#2926 = CARTESIAN_POINT ( 'NONE',  ( -2.500000000000000000, 1.100000000000000089, 0.6999999999999992895 ) ) ;
#2927 = CARTESIAN_POINT ( 'NONE',  ( -0.6700000000000000400, 0.000000000000000000, 0.000000000000000000 ) ) ;
#2928 = EDGE_CURVE ( 'NONE', #223, #74, #3955, .T. ) ;
#2929 = ORIENTED_EDGE ( 'NONE', *, *, #4819, .F. ) ;
#2930 = EDGE_LOOP ( 'NONE', ( #1865, #3533, #4486, #4655 ) ) ;
#2931 = CARTESIAN_POINT ( 'NONE',  ( 0.6700000000000000400, -1.562049935181331506, 1.599999999999999867 ) ) ;
#2932 = CYLINDRICAL_SURFACE ( 'NONE', #1249, 0.3999999999999999667 ) ;
#2933 = CARTESIAN_POINT ( 'NONE',  ( 0.9700000000000006395, 1.100000000000000089, 1.600000000000000311 ) ) ;
#2934 = EDGE_CURVE ( 'NONE', #778, #1449, #2052, .T. ) ;
#2935 = CARTESIAN_POINT ( 'NONE',  ( 0.8200000000000006173, -1.562049935181331506, 1.600000000000000089 ) ) ;
#2936 = VERTEX_POINT ( 'NONE', #2908 ) ;
#2937 = DIRECTION ( 'NONE',  ( -1.000000000000000000, 0.000000000000000000, 0.000000000000000000 ) ) ;
#2938 = DIRECTION ( 'NONE',  ( -0.000000000000000000, -1.000000000000000000, -0.000000000000000000 ) ) ;
#2939 = DIRECTION ( 'NONE',  ( 0.000000000000000000, 0.000000000000000000, -1.000000000000000000 ) ) ;
#2940 = VECTOR ( 'NONE', #4158, 1000.000000000000000 ) ;
#2941 = ORIENTED_EDGE ( 'NONE', *, *, #3779, .F. ) ;
#2942 = CARTESIAN_POINT ( 'NONE',  ( 1.719999999999999973, 0.01000000000000002623, 1.600000000000000533 ) ) ;
#2943 = VECTOR ( 'NONE', #110, 1000.000000000000000 ) ;
#2944 = DIRECTION ( 'NONE',  ( -0.000000000000000000, -1.000000000000000000, -0.000000000000000000 ) ) ;
#2945 = EDGE_LOOP ( 'NONE', ( #3540, #932, #2271, #366 ) ) ;
#2946 = CARTESIAN_POINT ( 'NONE',  ( 0.000000000000000000, 1.300000000000000266, 0.000000000000000000 ) ) ;
#2947 = DIRECTION ( 'NONE',  ( -0.000000000000000000, -1.000000000000000000, -0.000000000000000000 ) ) ;
#2948 = ADVANCED_FACE ( 'NONE', ( #3231 ), #1337, .F. ) ;
#2949 = DIRECTION ( 'NONE',  ( 1.000000000000000000, 0.000000000000000000, -7.228014483236692611E-16 ) ) ;
#2950 = EDGE_LOOP ( 'NONE', ( #3142, #3775, #550, #2916, #4216, #859, #3619, #4735, #438, #4360, #347, #2034, #2827, #1678, #3123, #3212, #475, #19, #3412, #1167, #911, #1187, #967, #913 ) ) ;
#2951 = EDGE_CURVE ( 'NONE', #1017, #2612, #146, .T. ) ;
#2952 = CARTESIAN_POINT ( 'NONE',  ( -1.570000000000000284, 1.100000000000000311, -1.600000000000000533 ) ) ;
#2953 = CYLINDRICAL_SURFACE ( 'NONE', #2580, 0.2000000000000000944 ) ;
#2954 = AXIS2_PLACEMENT_3D ( 'NONE', #3031, #4971, #1861 ) ;
#2955 = UNCERTAINTY_MEASURE_WITH_UNIT (LENGTH_MEASURE( 1.000000000000000082E-05 ), #4261, 'distance_accuracy_value', 'NONE');
#2956 = LINE ( 'NONE', #3712, #766 ) ;
#2957 = VECTOR ( 'NONE', #3515, 1000.000000000000000 ) ;
#2958 = EDGE_LOOP ( 'NONE', ( #1993, #3859, #456, #4263 ) ) ;
#2959 = EDGE_CURVE ( 'NONE', #408, #3813, #4343, .T. ) ;
#2960 = DIRECTION ( 'NONE',  ( -1.000000000000000000, 0.000000000000000000, 2.710505431213761085E-16 ) ) ;
#2961 = DIRECTION ( 'NONE',  ( 0.000000000000000000, 1.000000000000000000, 0.000000000000000000 ) ) ;
#2962 = DIRECTION ( 'NONE',  ( 4.336808689942019708E-16, 0.000000000000000000, -1.000000000000000000 ) ) ;
#2963 = CARTESIAN_POINT ( 'NONE',  ( -2.500000000000000000, 1.100000000000000089, 1.600000000000000311 ) ) ;
#2964 = VECTOR ( 'NONE', #486, 1000.000000000000000 ) ;
#2965 = VECTOR ( 'NONE', #1290, 1000.000000000000000 ) ;
#2966 = ORIENTED_EDGE ( 'NONE', *, *, #1364, .F. ) ;
#2967 = CARTESIAN_POINT ( 'NONE',  ( -0.6700000000000000400, 0.01000000000000000715, 0.6000000000000003109 ) ) ;
#2968 = ORIENTED_EDGE ( 'NONE', *, *, #4347, .F. ) ;
#2969 = EDGE_CURVE ( 'NONE', #172, #1153, #3179, .T. ) ;
#2970 = AXIS2_PLACEMENT_3D ( 'NONE', #1213, #399, #1107 ) ;
#2971 = CARTESIAN_POINT ( 'NONE',  ( -1.523743748587508051, 0.000000000000000000, 0.6000000000000004219 ) ) ;
#2972 = ORIENTED_EDGE ( 'NONE', *, *, #2341, .F. ) ;
#2973 = ORIENTED_EDGE ( 'NONE', *, *, #4933, .F. ) ;
#2974 = CARTESIAN_POINT ( 'NONE',  ( 0.9700000000000006395, 1.100000000000000311, 1.600000000000000311 ) ) ;
#2975 = CARTESIAN_POINT ( 'NONE',  ( 1.570000000000000284, 1.100000000000000311, 1.600000000000000533 ) ) ;
#2976 = DIRECTION ( 'NONE',  ( 0.000000000000000000, 0.000000000000000000, -1.000000000000000000 ) ) ;
#2977 = SURFACE_SIDE_STYLE ('',( #4913 ) ) ;
#2978 = ORIENTED_EDGE ( 'NONE', *, *, #4765, .T. ) ;
#2979 = EDGE_CURVE ( 'NONE', #671, #4630, #4786, .T. ) ;
#2980 = CIRCLE ( 'NONE', #1706, 0.1499999999999999667 ) ;
#2981 = CARTESIAN_POINT ( 'NONE',  ( 1.719999999999999973, -1.562049935181331506, 1.600000000000000533 ) ) ;
#2982 = FACE_OUTER_BOUND ( 'NONE', #4465, .T. ) ;
#2983 = CARTESIAN_POINT ( 'NONE',  ( -1.870000000000000329, -1.562049935181331506, 0.9462562514124841506 ) ) ;
#2984 = MECHANICAL_DESIGN_GEOMETRIC_PRESENTATION_REPRESENTATION (  '', ( #2352 ), #1784 ) ;
#2985 = ADVANCED_FACE ( 'NONE', ( #4034 ), #4732, .F. ) ;
#2986 = ORIENTED_EDGE ( 'NONE', *, *, #904, .T. ) ;
#2987 = DIRECTION ( 'NONE',  ( -0.000000000000000000, -1.000000000000000000, -0.000000000000000000 ) ) ;
#2988 = DIRECTION ( 'NONE',  ( 0.000000000000000000, 1.000000000000000000, 0.000000000000000000 ) ) ;
#2989 = EDGE_CURVE ( 'NONE', #64, #1375, #2600, .T. ) ;
#2990 = VERTEX_POINT ( 'NONE', #2926 ) ;
#2991 = LINE ( 'NONE', #4904, #1008 ) ;
#2992 = VERTEX_POINT ( 'NONE', #1799 ) ;
#2993 = CARTESIAN_POINT ( 'NONE',  ( 1.570000000000000284, 10.00000000000000000, -1.450000000000000844 ) ) ;
#2994 = VERTEX_POINT ( 'NONE', #3780 ) ;
#2995 = EDGE_CURVE ( 'NONE', #828, #3162, #4081, .T. ) ;
#2996 = ORIENTED_EDGE ( 'NONE', *, *, #2314, .F. ) ;
#2997 = CARTESIAN_POINT ( 'NONE',  ( -1.719999999999999751, 1.100000000000000089, -1.599999999999999867 ) ) ;
#2998 = FACE_OUTER_BOUND ( 'NONE', #148, .T. ) ;
#2999 = DIRECTION ( 'NONE',  ( 0.000000000000000000, 0.000000000000000000, -1.000000000000000000 ) ) ;
#3000 = CARTESIAN_POINT ( 'NONE',  ( -1.720000000000000417, -1.562049935181331506, 0.7962562514124877922 ) ) ;
#3001 = VERTEX_POINT ( 'NONE', #3021 ) ;
#3002 = PLANE ( 'NONE',  #3601 ) ;
#3003 = CARTESIAN_POINT ( 'NONE',  ( 0.6700000000000001510, 0.01000000000000002623, -0.6000000000000003109 ) ) ;
#3004 = FACE_OUTER_BOUND ( 'NONE', #3337, .T. ) ;
#3005 = ORIENTED_EDGE ( 'NONE', *, *, #2127, .T. ) ;
#3006 = CARTESIAN_POINT ( 'NONE',  ( 1.570000000000000284, 10.00000000000000000, 1.450000000000000622 ) ) ;
#3007 = VERTEX_POINT ( 'NONE', #295 ) ;
#3008 = DIRECTION ( 'NONE',  ( -0.000000000000000000, -1.000000000000000000, -0.000000000000000000 ) ) ;
#3009 = DIRECTION ( 'NONE',  ( -3.614007241618349757E-16, 0.000000000000000000, -1.000000000000000000 ) ) ;
#3010 = EDGE_CURVE ( 'NONE', #2277, #2992, #2576, .T. ) ;
#3011 = ORIENTED_EDGE ( 'NONE', *, *, #818, .F. ) ;
#3012 = CARTESIAN_POINT ( 'NONE',  ( 0.000000000000000000, 0.000000000000000000, 1.600000000000000311 ) ) ;
#3013 = EDGE_CURVE ( 'NONE', #1527, #4640, #3327, .T. ) ;
#3014 = LINE ( 'NONE', #1098, #1614 ) ;
#3015 = VECTOR ( 'NONE', #93, 1000.000000000000000 ) ;
#3016 = ORIENTED_EDGE ( 'NONE', *, *, #2756, .T. ) ;
#3017 = CARTESIAN_POINT ( 'NONE',  ( -2.100000000000000089, 1.100000000000000089, -1.600000000000000533 ) ) ;
#3018 = VECTOR ( 'NONE', #225, 1000.000000000000000 ) ;
#3019 = CARTESIAN_POINT ( 'NONE',  ( 0.9700000000000006395, -1.562049935181331506, 1.450000000000000400 ) ) ;
#3020 = ADVANCED_FACE ( 'NONE', ( #1439 ), #3705, .T. ) ;
#3021 = CARTESIAN_POINT ( 'NONE',  ( 1.719999999999999751, 0.5000000000000000000, 0.6000000000000000888 ) ) ;
#3022 = CARTESIAN_POINT ( 'NONE',  ( -2.100000000000000089, 1.300000000000000044, 1.200000000000000844 ) ) ;
#3023 = AXIS2_PLACEMENT_3D ( 'NONE', #2514, #104, #4353 ) ;
#3024 = EDGE_LOOP ( 'NONE', ( #3612, #1545, #3445, #3030 ) ) ;
#3025 = AXIS2_PLACEMENT_3D ( 'NONE', #3169, #2893, #4399 ) ;
#3026 = CARTESIAN_POINT ( 'NONE',  ( -1.870000000000000551, 0.01000000000000002623, 1.600000000000000311 ) ) ;
#3027 = DIRECTION ( 'NONE',  ( 1.000000000000000000, 0.000000000000000000, 7.228014483236692611E-16 ) ) ;
#3028 = VERTEX_POINT ( 'NONE', #4547 ) ;
#3029 = CARTESIAN_POINT ( 'NONE',  ( 1.870000000000000773, 0.01000000000000001756, 1.599999999999999645 ) ) ;
#3030 = ORIENTED_EDGE ( 'NONE', *, *, #3636, .F. ) ;
#3031 = CARTESIAN_POINT ( 'NONE',  ( 0.8200000000000005063, -3.203513695928269733, -1.599999999999999867 ) ) ;
#3033 = VECTOR ( 'NONE', #322, 1000.000000000000000 ) ;
#3032 = FACE_OUTER_BOUND ( 'NONE', #4192, .T. ) ;
#3034 = VECTOR ( 'NONE', #3248, 1000.000000000000000 ) ;
#3035 = EDGE_LOOP ( 'NONE', ( #1238, #794, #3981, #1458 ) ) ;
#3036 = AXIS2_PLACEMENT_3D ( 'NONE', #1611, #4, #3062 ) ;
#3037 = ADVANCED_FACE ( 'NONE', ( #1822 ), #594, .F. ) ;
#3038 = PLANE ( 'NONE',  #1256 ) ;
#3039 = ORIENTED_EDGE ( 'NONE', *, *, #1080, .T. ) ;
#3040 = CARTESIAN_POINT ( 'NONE',  ( -1.570000000000000284, 0.5000000000000000000, -1.600000000000000533 ) ) ;
#3041 = VECTOR ( 'NONE', #4992, 1000.000000000000000 ) ;
#3042 = CIRCLE ( 'NONE', #4585, 0.1499999999999997446 ) ;
#3043 = VERTEX_POINT ( 'NONE', #247 ) ;
#3044 = ORIENTED_EDGE ( 'NONE', *, *, #1344, .T. ) ;
#3045 = ADVANCED_FACE ( 'NONE', ( #1081 ), #2251, .F. ) ;
#3046 = CARTESIAN_POINT ( 'NONE',  ( 0.6700000000000001510, -1.562049935181331506, 0.6000000000000003109 ) ) ;
#3047 = VECTOR ( 'NONE', #4090, 1000.000000000000000 ) ;
#3048 = DIRECTION ( 'NONE',  ( 0.000000000000000000, 0.000000000000000000, 1.000000000000000000 ) ) ;
#3049 = DIRECTION ( 'NONE',  ( 0.000000000000000000, 0.000000000000000000, 1.000000000000000000 ) ) ;
#3050 = CARTESIAN_POINT ( 'NONE',  ( -1.870000000000000329, 0.5000000000000000000, 0.9462562514124842616 ) ) ;
#3051 = ORIENTED_EDGE ( 'NONE', *, *, #2874, .T. ) ;
#3052 = EDGE_CURVE ( 'NONE', #259, #4604, #4498, .T. ) ;
#3053 = PLANE ( 'NONE',  #538 ) ;
#3054 = CARTESIAN_POINT ( 'NONE',  ( -1.719999999999999973, 0.01000000000000000021, 0.000000000000000000 ) ) ;
#3055 = DIRECTION ( 'NONE',  ( 0.000000000000000000, 1.000000000000000000, 0.000000000000000000 ) ) ;
#3056 = UNCERTAINTY_MEASURE_WITH_UNIT (LENGTH_MEASURE( 1.000000000000000082E-05 ), #4885, 'distance_accuracy_value', 'NONE');
#3057 = ORIENTED_EDGE ( 'NONE', *, *, #4382, .T. ) ;
#3058 = EDGE_CURVE ( 'NONE', #30, #44, #4510, .T. ) ;
#3059 = STYLED_ITEM ( 'NONE', ( #4573 ), #4847 ) ;
#3060 = DIRECTION ( 'NONE',  ( 0.000000000000000000, 0.000000000000000000, -1.000000000000000000 ) ) ;
#3061 = VERTEX_POINT ( 'NONE', #1874 ) ;
#3062 = DIRECTION ( 'NONE',  ( 0.000000000000000000, 0.000000000000000000, 1.000000000000000000 ) ) ;
#3063 = CARTESIAN_POINT ( 'NONE',  ( -0.9700000000000006395, 0.000000000000000000, 1.600000000000000311 ) ) ;
#3064 = ORIENTED_EDGE ( 'NONE', *, *, #3795, .F. ) ;
#3065 = CARTESIAN_POINT ( 'NONE',  ( 1.570000000000000284, 0.5000000000000000000, -1.450000000000000844 ) ) ;
#3066 = ORIENTED_EDGE ( 'NONE', *, *, #3324, .T. ) ;
#3067 = CARTESIAN_POINT ( 'NONE',  ( 0.000000000000000000, 0.01000000000000000021, 0.000000000000000000 ) ) ;
#3068 = ORIENTED_EDGE ( 'NONE', *, *, #3937, .F. ) ;
#3069 = EDGE_LOOP ( 'NONE', ( #3885, #1226, #4043, #341 ) ) ;
#3070 = FACE_OUTER_BOUND ( 'NONE', #2109, .T. ) ;
#3071 =( LENGTH_UNIT ( ) NAMED_UNIT ( * ) SI_UNIT ( .MILLI., .METRE. ) );
#3072 = CARTESIAN_POINT ( 'NONE',  ( 2.500000000000000000, 1.100000000000000089, 0.2999999999999997113 ) ) ;
#3073 = PLANE ( 'NONE',  #2266 ) ;
#3074 = EDGE_CURVE ( 'NONE', #4610, #3132, #1388, .T. ) ;
#3075 = EDGE_CURVE ( 'NONE', #3181, #2261, #268, .T. ) ;
#3076 = ORIENTED_EDGE ( 'NONE', *, *, #4537, .T. ) ;
#3077 = ORIENTED_EDGE ( 'NONE', *, *, #3485, .T. ) ;
#3078 = DIRECTION ( 'NONE',  ( 0.000000000000000000, 1.000000000000000000, -0.000000000000000000 ) ) ;
#3079 = PLANE ( 'NONE',  #2026 ) ;
#3080 = CARTESIAN_POINT ( 'NONE',  ( -2.500000000000000000, 0.000000000000000000, -1.399999999999998801 ) ) ;
#3081 = ORIENTED_EDGE ( 'NONE', *, *, #3789, .F. ) ;
#3082 = EDGE_CURVE ( 'NONE', #4367, #3990, #4153, .T. ) ;
#3083 = ORIENTED_EDGE ( 'NONE', *, *, #1096, .F. ) ;
#3084 = ORIENTED_EDGE ( 'NONE', *, *, #3145, .F. ) ;
#3085 = LINE ( 'NONE', #814, #2814 ) ;
#3086 = DIRECTION ( 'NONE',  ( -1.000000000000000000, 0.000000000000000000, 1.301042606982605321E-16 ) ) ;
#3087 = CARTESIAN_POINT ( 'NONE',  ( -1.570000000000000284, 0.5000000000000000000, -1.600000000000000533 ) ) ;
#3088 = ADVANCED_FACE ( 'NONE', ( #4962 ), #2150, .F. ) ;
#3089 = ORIENTED_EDGE ( 'NONE', *, *, #1737, .T. ) ;
#3090 = CARTESIAN_POINT ( 'NONE',  ( -1.870000000000000329, 0.000000000000000000, 1.600000000000000089 ) ) ;
#3091 = ORIENTED_EDGE ( 'NONE', *, *, #2783, .F. ) ;
#3092 = CARTESIAN_POINT ( 'NONE',  ( -0.6700000000000001510, 0.01000000000000002623, -0.6000000000000003109 ) ) ;
#3093 = ORIENTED_EDGE ( 'NONE', *, *, #951, .F. ) ;
#3094 = ORIENTED_EDGE ( 'NONE', *, *, #4731, .T. ) ;
#3095 = LINE ( 'NONE', #2372, #3504 ) ;
#3096 = LINE ( 'NONE', #2802, #3830 ) ;
#3097 = VECTOR ( 'NONE', #1318, 1000.000000000000000 ) ;
#3098 = DIRECTION ( 'NONE',  ( -0.000000000000000000, -1.000000000000000000, -0.000000000000000000 ) ) ;
#3099 = CARTESIAN_POINT ( 'NONE',  ( 0.000000000000000000, 0.01000000000000000021, 0.000000000000000000 ) ) ;
#3100 = VERTEX_POINT ( 'NONE', #694 ) ;
#3101 = VECTOR ( 'NONE', #1444, 1000.000000000000000 ) ;
#3102 = EDGE_CURVE ( 'NONE', #895, #2318, #4912, .T. ) ;
#3103 = ADVANCED_FACE ( 'NONE', ( #3306 ), #667, .F. ) ;
#3104 = LINE ( 'NONE', #854, #3015 ) ;
#3105 = CARTESIAN_POINT ( 'NONE',  ( 2.500000000000000000, 0.000000000000000000, -1.600000000000000533 ) ) ;
#3106 = PLANE ( 'NONE',  #803 ) ;
#3107 = VECTOR ( 'NONE', #441, 1000.000000000000000 ) ;
#3108 = ORIENTED_EDGE ( 'NONE', *, *, #1680, .F. ) ;
#3109 = EDGE_LOOP ( 'NONE', ( #974, #4569, #4729, #3233 ) ) ;
#3110 = EDGE_CURVE ( 'NONE', #1219, #4352, #1565, .T. ) ;
#3111 = DIRECTION ( 'NONE',  ( 0.000000000000000000, 1.000000000000000000, 0.000000000000000000 ) ) ;
#3112 = FACE_OUTER_BOUND ( 'NONE', #2696, .T. ) ;
#3113 = LINE ( 'NONE', #2389, #2964 ) ;
#3114 = ORIENTED_EDGE ( 'NONE', *, *, #3608, .F. ) ;
#3115 = ADVANCED_FACE ( 'NONE', ( #1182 ), #1513, .F. ) ;
#3116 = DIRECTION ( 'NONE',  ( -0.000000000000000000, -1.000000000000000000, -0.000000000000000000 ) ) ;
#3117 = CIRCLE ( 'NONE', #860, 0.1499999999999997446 ) ;
#3118 = ORIENTED_EDGE ( 'NONE', *, *, #2497, .F. ) ;
#3119 = DIRECTION ( 'NONE',  ( 3.614007241618350743E-16, 0.000000000000000000, -1.000000000000000000 ) ) ;
#3120 = VERTEX_POINT ( 'NONE', #2327 ) ;
#3121 = VECTOR ( 'NONE', #34, 1000.000000000000000 ) ;
#3122 = AXIS2_PLACEMENT_3D ( 'NONE', #3589, #992, #2917 ) ;
#3123 = ORIENTED_EDGE ( 'NONE', *, *, #3964, .T. ) ;
#3124 = EDGE_CURVE ( 'NONE', #4982, #1379, #5012, .T. ) ;
#3125 = DIRECTION ( 'NONE',  ( -0.000000000000000000, -1.000000000000000000, -0.000000000000000000 ) ) ;
#3126 = CARTESIAN_POINT ( 'NONE',  ( -1.870000000000000551, -1.562049935181331506, -1.600000000000000311 ) ) ;
#3127 = AXIS2_PLACEMENT_3D ( 'NONE', #4952, #3009, #4560 ) ;
#3128 = AXIS2_PLACEMENT_3D ( 'NONE', #4816, #2835, #4453 ) ;
#3129 = CARTESIAN_POINT ( 'NONE',  ( 2.099999999999999201, 1.110000000000000098, -1.600000000000000311 ) ) ;
#3130 =( NAMED_UNIT ( * ) SI_UNIT ( $, .STERADIAN. ) SOLID_ANGLE_UNIT ( ) );
#3131 = VECTOR ( 'NONE', #909, 1000.000000000000000 ) ;
#3132 = VERTEX_POINT ( 'NONE', #2654 ) ;
#3133 = AXIS2_PLACEMENT_3D ( 'NONE', #571, #4362, #2829 ) ;
#3134 = EDGE_LOOP ( 'NONE', ( #121, #817, #4999, #3797, #683, #4421, #43, #4773 ) ) ;
#3135 = LINE ( 'NONE', #4686, #4916 ) ;
#3137 = AXIS2_PLACEMENT_3D ( 'NONE', #4756, #3595, #2803 ) ;
#3136 = CARTESIAN_POINT ( 'NONE',  ( -0.8200000000000005063, 0.01000000000000002623, -1.600000000000000089 ) ) ;
#3138 = EDGE_LOOP ( 'NONE', ( #2711, #3450, #900, #1664 ) ) ;
#3139 = ADVANCED_FACE ( 'NONE', ( #4232 ), #2731, .F. ) ;
#3140 = ORIENTED_EDGE ( 'NONE', *, *, #1302, .T. ) ;
#3141 = CARTESIAN_POINT ( 'NONE',  ( 2.099999999999999201, 1.110000000000000098, 1.600000000000000755 ) ) ;
#3142 = ORIENTED_EDGE ( 'NONE', *, *, #2257, .T. ) ;
#3143 = LINE ( 'NONE', #3466, #382 ) ;
#3144 = CARTESIAN_POINT ( 'NONE',  ( -2.100000000000000089, 1.100000000000000089, 1.600000000000000755 ) ) ;
#3145 = EDGE_CURVE ( 'NONE', #1641, #2300, #705, .T. ) ;
#3146 = VECTOR ( 'NONE', #4710, 1000.000000000000000 ) ;
#3147 = VERTEX_POINT ( 'NONE', #4624 ) ;
#3148 = CARTESIAN_POINT ( 'NONE',  ( 0.8200000000000005063, 0.01000000000000000715, 0.6000000000000006439 ) ) ;
#3149 = ORIENTED_EDGE ( 'NONE', *, *, #3812, .T. ) ;
#3150 = CARTESIAN_POINT ( 'NONE',  ( 1.870000000000000551, 0.01000000000000000021, 0.000000000000000000 ) ) ;
#3151 = ADVANCED_FACE ( 'NONE', ( #4599 ), #41, .F. ) ;
#3152 = CARTESIAN_POINT ( 'NONE',  ( 0.000000000000000000, 1.300000000000000266, 1.400000000000000799 ) ) ;
#3153 = DIRECTION ( 'NONE',  ( -0.000000000000000000, 0.000000000000000000, 1.000000000000000000 ) ) ;
#3154 = DIRECTION ( 'NONE',  ( 0.000000000000000000, 0.000000000000000000, -1.000000000000000000 ) ) ;
#3155 = LINE ( 'NONE', #3478, #4776 ) ;
#3156 = EDGE_CURVE ( 'NONE', #1914, #4981, #1949, .T. ) ;
#3157 = ORIENTED_EDGE ( 'NONE', *, *, #2895, .F. ) ;
#3158 = CARTESIAN_POINT ( 'NONE',  ( -2.500000000000000000, 1.100000000000000089, 1.599999999999998979 ) ) ;
#3159 = DIRECTION ( 'NONE',  ( 0.000000000000000000, 0.000000000000000000, -1.000000000000000000 ) ) ;
#3160 = ORIENTED_EDGE ( 'NONE', *, *, #2200, .F. ) ;
#3161 = MANIFOLD_SOLID_BREP ( 'Cut-Extrude4[3]', #2457 ) ;
#3162 = VERTEX_POINT ( 'NONE', #723 ) ;
#3163 = PLANE ( 'NONE',  #1100 ) ;
#3164 = ORIENTED_EDGE ( 'NONE', *, *, #3201, .T. ) ;
#3165 = CARTESIAN_POINT ( 'NONE',  ( 0.000000000000000000, 0.01000000000000000021, 0.000000000000000000 ) ) ;
#3166 = DIRECTION ( 'NONE',  ( 0.000000000000000000, 1.000000000000000000, -0.000000000000000000 ) ) ;
#3167 = DIRECTION ( 'NONE',  ( 0.000000000000000000, 0.000000000000000000, 1.000000000000000000 ) ) ;
#3168 = ORIENTED_EDGE ( 'NONE', *, *, #3931, .T. ) ;
#3169 = CARTESIAN_POINT ( 'NONE',  ( -1.870000000000000551, 0.5000000000000000000, -1.600000000000000311 ) ) ;
#3170 = ORIENTED_EDGE ( 'NONE', *, *, #1727, .T. ) ;
#3171 = EDGE_CURVE ( 'NONE', #746, #4610, #1593, .T. ) ;
#3172 = CARTESIAN_POINT ( 'NONE',  ( -2.100000000000000089, 1.100000000000000089, 1.600000000000000755 ) ) ;
#3173 = VERTEX_POINT ( 'NONE', #344 ) ;
#3174 = DIRECTION ( 'NONE',  ( 1.000000000000000000, -0.000000000000000000, -1.445602896647334381E-15 ) ) ;
#3175 = PLANE ( 'NONE',  #4657 ) ;
#3176 = DIRECTION ( 'NONE',  ( 0.000000000000000000, 0.000000000000000000, -1.000000000000000000 ) ) ;
#3177 = AXIS2_PLACEMENT_3D ( 'NONE', #4169, #712, #2263 ) ;
#3178 = EDGE_CURVE ( 'NONE', #1427, #3591, #3821, .T. ) ;
#3179 = LINE ( 'NONE', #3555, #4092 ) ;
#3180 = CARTESIAN_POINT ( 'NONE',  ( -0.8200000000000006173, 10.00000000000000000, 1.600000000000000089 ) ) ;
#3181 = VERTEX_POINT ( 'NONE', #2298 ) ;
#3182 = CIRCLE ( 'NONE', #1661, 0.1499999999999999667 ) ;
#3183 = ORIENTED_EDGE ( 'NONE', *, *, #3642, .T. ) ;
#3184 = DIRECTION ( 'NONE',  ( 1.000000000000000000, 0.000000000000000000, -0.000000000000000000 ) ) ;
#3185 = VECTOR ( 'NONE', #2444, 1000.000000000000000 ) ;
#3186 = ORIENTED_EDGE ( 'NONE', *, *, #1075, .F. ) ;
#3187 = DIRECTION ( 'NONE',  ( 1.000000000000000000, 0.000000000000000000, -1.301042606982605321E-16 ) ) ;
#3188 = CARTESIAN_POINT ( 'NONE',  ( -2.500000000000000000, 1.100000000000000089, 0.000000000000000000 ) ) ;
#3189 = ORIENTED_EDGE ( 'NONE', *, *, #1480, .F. ) ;
#3190 = DIRECTION ( 'NONE',  ( 0.000000000000000000, -0.000000000000000000, 1.000000000000000000 ) ) ;
#3191 = VERTEX_POINT ( 'NONE', #1922 ) ;
#3192 = COLOUR_RGB ( '',0.9686274509803921573, 0.8784313725490195957, 0.5999999999999999778 ) ;
#3193 = CARTESIAN_POINT ( 'NONE',  ( -1.719999999999999973, 0.01000000000000002623, -1.600000000000000311 ) ) ;
#3194 = EDGE_CURVE ( 'NONE', #3807, #1627, #3477, .T. ) ;
#3195 = EDGE_LOOP ( 'NONE', ( #1652, #573, #1150, #1251 ) ) ;
#3196 = FACE_OUTER_BOUND ( 'NONE', #2269, .T. ) ;
#3197 = DIRECTION ( 'NONE',  ( 0.000000000000000000, 1.000000000000000000, 0.000000000000000000 ) ) ;
#3198 = LINE ( 'NONE', #2427, #3774 ) ;
#3199 =( NAMED_UNIT ( * ) PLANE_ANGLE_UNIT ( ) SI_UNIT ( $, .RADIAN. ) );
#3200 = CIRCLE ( 'NONE', #4080, 0.1499999999999999667 ) ;
#3201 = EDGE_CURVE ( 'NONE', #4119, #1127, #3425, .T. ) ;
#3202 = ORIENTED_EDGE ( 'NONE', *, *, #706, .T. ) ;
#3203 = LINE ( 'NONE', #3303, #1492 ) ;
#3204 = VECTOR ( 'NONE', #183, 1000.000000000000000 ) ;
#3205 = VECTOR ( 'NONE', #443, 1000.000000000000000 ) ;
#3206 = CARTESIAN_POINT ( 'NONE',  ( 1.870000000000000107, 0.000000000000000000, -1.600000000000000089 ) ) ;
#3207 = CARTESIAN_POINT ( 'NONE',  ( -0.9700000000000006395, 0.5000000000000000000, 1.450000000000000400 ) ) ;
#3208 = LINE ( 'NONE', #4008, #4688 ) ;
#3209 = ORIENTED_EDGE ( 'NONE', *, *, #3538, .F. ) ;
#3210 = AXIS2_PLACEMENT_3D ( 'NONE', #577, #2086, #3187 ) ;
#3211 = EDGE_CURVE ( 'NONE', #2673, #1826, #2404, .T. ) ;
#3212 = ORIENTED_EDGE ( 'NONE', *, *, #4557, .T. ) ;
#3213 = CARTESIAN_POINT ( 'NONE',  ( -2.299999999999999378, 1.300000000000000044, -1.200000000000000622 ) ) ;
#3214 = VECTOR ( 'NONE', #2548, 1000.000000000000000 ) ;
#3215 = DIRECTION ( 'NONE',  ( 0.000000000000000000, 1.000000000000000000, -0.000000000000000000 ) ) ;
#3216 = DIRECTION ( 'NONE',  ( 0.000000000000000000, 1.000000000000000000, 0.000000000000000000 ) ) ;
#3217 = EDGE_CURVE ( 'NONE', #4640, #1375, #3198, .T. ) ;
#3218 = ORIENTED_EDGE ( 'NONE', *, *, #2928, .T. ) ;
#3219 = DIRECTION ( 'NONE',  ( 1.000000000000000000, 0.000000000000000000, 3.614007241618346306E-16 ) ) ;
#3220 = ORIENTED_EDGE ( 'NONE', *, *, #645, .F. ) ;
#3221 = FACE_OUTER_BOUND ( 'NONE', #2950, .T. ) ;
#3222 = DIRECTION ( 'NONE',  ( 4.336808689942019708E-16, -0.000000000000000000, 1.000000000000000000 ) ) ;
#3223 = ORIENTED_EDGE ( 'NONE', *, *, #3458, .F. ) ;
#3224 = FACE_OUTER_BOUND ( 'NONE', #741, .T. ) ;
#3225 = EDGE_CURVE ( 'NONE', #3374, #1887, #953, .T. ) ;
#3226 = CARTESIAN_POINT ( 'NONE',  ( -2.500000000000000000, 1.100000000000000089, -0.2999999999999986011 ) ) ;
#3227 = ORIENTED_EDGE ( 'NONE', *, *, #2192, .T. ) ;
#3228 = DIRECTION ( 'NONE',  ( 0.000000000000000000, 1.000000000000000000, 0.000000000000000000 ) ) ;
#3229 = CYLINDRICAL_SURFACE ( 'NONE', #2784, 0.2000000000000003164 ) ;
#3230 = EDGE_CURVE ( 'NONE', #2472, #1845, #52, .T. ) ;
#3231 = FACE_OUTER_BOUND ( 'NONE', #4139, .T. ) ;
#3232 = CARTESIAN_POINT ( 'NONE',  ( -1.719999999999999973, -1.562049935181331506, 1.600000000000000089 ) ) ;
#3233 = ORIENTED_EDGE ( 'NONE', *, *, #3636, .T. ) ;
#3234 = ORIENTED_EDGE ( 'NONE', *, *, #1, .T. ) ;
#3235 = EDGE_CURVE ( 'NONE', #2612, #3936, #1285, .T. ) ;
#3236 = LINE ( 'NONE', #907, #4670 ) ;
#3237 = CARTESIAN_POINT ( 'NONE',  ( 1.719999999999999973, -3.203513695928269733, 1.600000000000000533 ) ) ;
#3238 = CARTESIAN_POINT ( 'NONE',  ( 0.8200000000000005063, 0.5000000000000000000, 1.600000000000000533 ) ) ;
#3239 = ORIENTED_EDGE ( 'NONE', *, *, #2646, .F. ) ;
#3240 = CARTESIAN_POINT ( 'NONE',  ( 0.8200000000000006173, 1.100000000000000089, 1.600000000000000089 ) ) ;
#3241 = ORIENTED_EDGE ( 'NONE', *, *, #3426, .T. ) ;
#3242 = EDGE_CURVE ( 'NONE', #223, #2069, #849, .T. ) ;
#3243 = FACE_OUTER_BOUND ( 'NONE', #3550, .T. ) ;
#3244 = DIRECTION ( 'NONE',  ( -0.000000000000000000, -1.000000000000000000, -0.000000000000000000 ) ) ;
#3245 = CARTESIAN_POINT ( 'NONE',  ( 1.719999999999999751, 1.100000000000000089, -1.600000000000000533 ) ) ;
#3246 = ORIENTED_EDGE ( 'NONE', *, *, #2084, .F. ) ;
#3247 = DIRECTION ( 'NONE',  ( -1.000000000000000000, 0.000000000000000000, 2.539877274133561294E-16 ) ) ;
#3248 = DIRECTION ( 'NONE',  ( -0.000000000000000000, 0.000000000000000000, 1.000000000000000000 ) ) ;
#3249 = ORIENTED_EDGE ( 'NONE', *, *, #59, .T. ) ;
#3250 = CARTESIAN_POINT ( 'NONE',  ( -2.500000000000000000, 1.100000000000000089, 1.200000000000000844 ) ) ;
#3251 = DIRECTION ( 'NONE',  ( -1.000000000000000000, 0.000000000000000000, 4.336808689942019708E-16 ) ) ;
#3252 = LINE ( 'NONE', #1753, #2965 ) ;
#3253 = DIRECTION ( 'NONE',  ( -0.000000000000000000, -1.000000000000000000, -0.000000000000000000 ) ) ;
#3254 = ORIENTED_EDGE ( 'NONE', *, *, #628, .F. ) ;
#3255 = ORIENTED_EDGE ( 'NONE', *, *, #265, .T. ) ;
#3256 = EDGE_CURVE ( 'NONE', #1194, #1219, #567, .T. ) ;
#3257 = CARTESIAN_POINT ( 'NONE',  ( -2.500000000000000000, 1.100000000000000089, 0.4999999999999989453 ) ) ;
#3258 = PLANE ( 'NONE',  #4311 ) ;
#3259 = CARTESIAN_POINT ( 'NONE',  ( -1.523743748587508051, 0.000000000000000000, 0.6000000000000005329 ) ) ;
#3260 = CIRCLE ( 'NONE', #1742, 0.1999999999999998723 ) ;
#3261 = ADVANCED_FACE ( 'NONE', ( #3973 ), #1236, .F. ) ;
#3262 = ORIENTED_EDGE ( 'NONE', *, *, #2895, .T. ) ;
#3263 = AXIS2_PLACEMENT_3D ( 'NONE', #2398, #799, #1591 ) ;
#3264 = LINE ( 'NONE', #2093, #1827 ) ;
#3265 = EDGE_LOOP ( 'NONE', ( #498, #4958, #1756, #872 ) ) ;
#3266 = DIRECTION ( 'NONE',  ( -1.000000000000000000, -0.000000000000000000, -7.228014483236692611E-16 ) ) ;
#3267 = DIRECTION ( 'NONE',  ( -1.000000000000000000, 0.000000000000000000, 5.162867488026213586E-17 ) ) ;
#3268 = CARTESIAN_POINT ( 'NONE',  ( -1.870000000000000773, 0.000000000000000000, -1.600000000000000089 ) ) ;
#3269 = VECTOR ( 'NONE', #4199, 1000.000000000000000 ) ;
#3270 = ADVANCED_FACE ( 'NONE', ( #2499 ), #2780, .F. ) ;
#3271 = EDGE_LOOP ( 'NONE', ( #1616, #361, #97, #2862 ) ) ;
#3272 = LINE ( 'NONE', #2543, #294 ) ;
#3273 = CARTESIAN_POINT ( 'NONE',  ( -2.100000000000000089, 1.100000000000000089, 1.450000000000001066 ) ) ;
#3274 = EDGE_CURVE ( 'NONE', #2082, #4982, #3926, .T. ) ;
#3275 = EDGE_LOOP ( 'NONE', ( #810, #1897, #3910, #2000, #4649, #4450 ) ) ;
#3276 = CARTESIAN_POINT ( 'NONE',  ( -0.9700000000000006395, 0.5000000000000000000, 1.600000000000000533 ) ) ;
#3277 = PLANE ( 'NONE',  #542 ) ;
#3278 = DIRECTION ( 'NONE',  ( 0.000000000000000000, 1.000000000000000000, 0.000000000000000000 ) ) ;
#3279 = EDGE_LOOP ( 'NONE', ( #2294, #2413, #3496, #2693 ) ) ;
#3280 = CIRCLE ( 'NONE', #3920, 0.1499999999999999667 ) ;
#3281 = VERTEX_POINT ( 'NONE', #4359 ) ;
#3282 = VECTOR ( 'NONE', #1696, 1000.000000000000000 ) ;
#3283 = ORIENTED_EDGE ( 'NONE', *, *, #3755, .F. ) ;
#3284 = CIRCLE ( 'NONE', #1919, 0.1999999999999998723 ) ;
#3285 = DIRECTION ( 'NONE',  ( -0.000000000000000000, -1.000000000000000000, -0.000000000000000000 ) ) ;
#3286 = CYLINDRICAL_SURFACE ( 'NONE', #4064, 0.1499999999999997446 ) ;
#3288 = VECTOR ( 'NONE', #3311, 1000.000000000000000 ) ;
#3287 = CARTESIAN_POINT ( 'NONE',  ( -0.9700000000000004174, 1.100000000000000089, 1.450000000000001288 ) ) ;
#3289 = AXIS2_PLACEMENT_3D ( 'NONE', #988, #557, #4370 ) ;
#3290 = VECTOR ( 'NONE', #2700, 1000.000000000000000 ) ;
#3291 = LINE ( 'NONE', #3732, #1261 ) ;
#3292 = ORIENTED_EDGE ( 'NONE', *, *, #4802, .F. ) ;
#3293 = DIRECTION ( 'NONE',  ( 0.000000000000000000, 0.000000000000000000, -1.000000000000000000 ) ) ;
#3294 = CARTESIAN_POINT ( 'NONE',  ( 0.8200000000000003952, 0.5000000000000000000, -1.600000000000000311 ) ) ;
#3295 = ADVANCED_FACE ( 'NONE', ( #4805 ), #1331, .F. ) ;
#3296 = DIRECTION ( 'NONE',  ( 0.000000000000000000, 0.000000000000000000, 1.000000000000000000 ) ) ;
#3297 = ORIENTED_EDGE ( 'NONE', *, *, #4658, .T. ) ;
#3298 = PLANE ( 'NONE',  #4085 ) ;
#3299 = ADVANCED_FACE ( 'NONE', ( #3646 ), #473, .F. ) ;
#3300 = DIRECTION ( 'NONE',  ( 0.000000000000000000, 0.000000000000000000, -1.000000000000000000 ) ) ;
#3301 = ORIENTED_EDGE ( 'NONE', *, *, #4777, .F. ) ;
#3302 = VECTOR ( 'NONE', #674, 1000.000000000000000 ) ;
#3303 = CARTESIAN_POINT ( 'NONE',  ( 1.719999999999999973, 1.100000000000000089, -1.600000000000000533 ) ) ;
#3304 = DIRECTION ( 'NONE',  ( 1.000000000000000000, 0.000000000000000000, -0.000000000000000000 ) ) ;
#3305 = EDGE_CURVE ( 'NONE', #2641, #776, #1670, .T. ) ;
#3306 = FACE_OUTER_BOUND ( 'NONE', #1164, .T. ) ;
#3307 = DIRECTION ( 'NONE',  ( -1.000000000000000000, -0.000000000000000000, 0.000000000000000000 ) ) ;
#3308 = VECTOR ( 'NONE', #2679, 1000.000000000000000 ) ;
#3309 = ORIENTED_EDGE ( 'NONE', *, *, #790, .F. ) ;
#3310 = VERTEX_POINT ( 'NONE', #4410 ) ;
#3311 = DIRECTION ( 'NONE',  ( -0.000000000000000000, -1.000000000000000000, -0.000000000000000000 ) ) ;
#3312 = CARTESIAN_POINT ( 'NONE',  ( -2.500000000000000000, 1.100000000000000089, 1.600000000000000311 ) ) ;
#3313 = DIRECTION ( 'NONE',  ( 0.000000000000000000, 0.000000000000000000, -1.000000000000000000 ) ) ;
#3314 = DIRECTION ( 'NONE',  ( 1.000000000000000000, 0.000000000000000000, -3.614007241618346306E-16 ) ) ;
#3315 = ORIENTED_EDGE ( 'NONE', *, *, #4055, .F. ) ;
#3316 = CARTESIAN_POINT ( 'NONE',  ( 0.000000000000000000, 0.000000000000000000, 0.6000000000000007550 ) ) ;
#3317 = DIRECTION ( 'NONE',  ( 0.000000000000000000, 1.000000000000000000, 0.000000000000000000 ) ) ;
#3318 = DIRECTION ( 'NONE',  ( 0.000000000000000000, 0.000000000000000000, 1.000000000000000000 ) ) ;
#3319 = ORIENTED_EDGE ( 'NONE', *, *, #2200, .T. ) ;
#3320 = EDGE_CURVE ( 'NONE', #4976, #3387, #2073, .T. ) ;
#3321 = CARTESIAN_POINT ( 'NONE',  ( -0.8200000000000006173, -1.562049935181331506, 1.599999999999999867 ) ) ;
#3322 = LINE ( 'NONE', #286, #3760 ) ;
#3323 = ORIENTED_EDGE ( 'NONE', *, *, #2198, .F. ) ;
#3324 = EDGE_CURVE ( 'NONE', #2900, #1320, #2849, .T. ) ;
#3325 = DIRECTION ( 'NONE',  ( 0.7071067811865391350, -0.000000000000000000, 0.7071067811865560104 ) ) ;
#3326 = CARTESIAN_POINT ( 'NONE',  ( -1.523743748587508273, 0.5000000000000000000, 0.6000000000000007550 ) ) ;
#3327 = LINE ( 'NONE', #982, #3452 ) ;
#3328 = DIRECTION ( 'NONE',  ( 0.000000000000000000, 0.000000000000000000, -1.000000000000000000 ) ) ;
#3329 = ORIENTED_EDGE ( 'NONE', *, *, #4179, .T. ) ;
#3330 = EDGE_CURVE ( 'NONE', #4577, #109, #4381, .T. ) ;
#3331 = CARTESIAN_POINT ( 'NONE',  ( -0.6700000000000001510, 0.000000000000000000, -0.6000000000000006439 ) ) ;
#3332 = CARTESIAN_POINT ( 'NONE',  ( 0.8200000000000005063, 0.5000000000000000000, 0.6000000000000003109 ) ) ;
#3333 = DIRECTION ( 'NONE',  ( 0.000000000000000000, -1.000000000000000000, 0.000000000000000000 ) ) ;
#3334 = ADVANCED_FACE ( 'NONE', ( #3553 ), #4728, .F. ) ;
#3335 = CARTESIAN_POINT ( 'NONE',  ( 2.300000000000000711, 0.000000000000000000, -1.600000000000000533 ) ) ;
#3336 = AXIS2_PLACEMENT_3D ( 'NONE', #3516, #1224, #485 ) ;
#3337 = EDGE_LOOP ( 'NONE', ( #2178, #3521, #1507, #2382 ) ) ;
#3338 = PLANE ( 'NONE',  #1512 ) ;
#3339 = CARTESIAN_POINT ( 'NONE',  ( 0.000000000000000000, 1.300000000000000266, -1.400000000000000133 ) ) ;
#3340 = LINE ( 'NONE', #2539, #4750 ) ;
#3341 = VECTOR ( 'NONE', #1297, 1000.000000000000000 ) ;
#3342 = ORIENTED_EDGE ( 'NONE', *, *, #4042, .F. ) ;
#3343 = LINE ( 'NONE', #2942, #761 ) ;
#3344 = CARTESIAN_POINT ( 'NONE',  ( -1.719999999999999973, 0.01000000000000002623, 1.600000000000000089 ) ) ;
#3345 = PLANE ( 'NONE',  #2703 ) ;
#3346 = CARTESIAN_POINT ( 'NONE',  ( 1.570000000000000284, 1.109999999999999876, -1.450000000000000844 ) ) ;
#3347 = DIRECTION ( 'NONE',  ( 1.000000000000000000, -0.000000000000000000, -1.445602896647333395E-15 ) ) ;
#3348 = FILL_AREA_STYLE_COLOUR ( '', #236 ) ;
#3349 = ORIENTED_EDGE ( 'NONE', *, *, #2596, .T. ) ;
#3350 = AXIS2_PLACEMENT_3D ( 'NONE', #4860, #1004, #3704 ) ;
#3351 = EDGE_LOOP ( 'NONE', ( #1738, #4002, #3011, #364, #4652 ) ) ;
#3352 = ADVANCED_BREP_SHAPE_REPRESENTATION ( 'ECS-3961-160-AU-TR', ( #1496, #3375, #3161, #4847, #1561, #1702, #15, #4605 ), #3624 ) ;
#3353 = DIRECTION ( 'NONE',  ( -1.000000000000000000, 0.000000000000000000, -7.228014483236692611E-16 ) ) ;
#3354 = DIRECTION ( 'NONE',  ( 0.000000000000000000, -0.000000000000000000, 1.000000000000000000 ) ) ;
#3355 = DIRECTION ( 'NONE',  ( -0.000000000000000000, 0.000000000000000000, -1.000000000000000000 ) ) ;
#3356 = ADVANCED_FACE ( 'NONE', ( #1054 ), #4857, .F. ) ;
#3357 = AXIS2_PLACEMENT_3D ( 'NONE', #114, #898, #1648 ) ;
#3358 = CIRCLE ( 'NONE', #616, 0.3999999999999999667 ) ;
#3359 = UNCERTAINTY_MEASURE_WITH_UNIT (LENGTH_MEASURE( 1.000000000000000082E-05 ), #2758, 'distance_accuracy_value', 'NONE');
#3360 = CARTESIAN_POINT ( 'NONE',  ( -1.870000000000000329, 0.000000000000000000, -1.600000000000000089 ) ) ;
#3361 = VECTOR ( 'NONE', #4701, 1000.000000000000000 ) ;
#3362 = VECTOR ( 'NONE', #2436, 1000.000000000000000 ) ;
#3363 = ORIENTED_EDGE ( 'NONE', *, *, #910, .F. ) ;
#3364 = CARTESIAN_POINT ( 'NONE',  ( -0.9700000000000006395, 10.00000000000000000, 1.600000000000000311 ) ) ;
#3365 = CARTESIAN_POINT ( 'NONE',  ( -2.299999999999999822, 0.000000000000000000, -1.599999999999999867 ) ) ;
#3366 = LINE ( 'NONE', #1047, #4083 ) ;
#3367 = EDGE_CURVE ( 'NONE', #2764, #2116, #210, .T. ) ;
#3368 = VECTOR ( 'NONE', #499, 1000.000000000000000 ) ;
#3369 = ORIENTED_EDGE ( 'NONE', *, *, #1228, .T. ) ;
#3370 = DIRECTION ( 'NONE',  ( 0.000000000000000000, 0.000000000000000000, 1.000000000000000000 ) ) ;
#3371 = ORIENTED_EDGE ( 'NONE', *, *, #2621, .T. ) ;
#3372 = AXIS2_PLACEMENT_3D ( 'NONE', #3040, #4957, #1478 ) ;
#3373 = DIRECTION ( 'NONE',  ( 0.000000000000000000, -0.000000000000000000, 1.000000000000000000 ) ) ;
#3374 = VERTEX_POINT ( 'NONE', #2971 ) ;
#3375 = MANIFOLD_SOLID_BREP ( 'Cut-Extrude4[2]', #591 ) ;
#3376 = DIRECTION ( 'NONE',  ( 0.000000000000000000, 1.000000000000000000, 0.000000000000000000 ) ) ;
#3377 = CARTESIAN_POINT ( 'NONE',  ( -1.570000000000000506, 1.100000000000000089, -1.450000000000001288 ) ) ;
#3378 = DIRECTION ( 'NONE',  ( 0.000000000000000000, 0.000000000000000000, 1.000000000000000000 ) ) ;
#3379 = CARTESIAN_POINT ( 'NONE',  ( 1.570000000000000284, 10.00000000000000000, -1.600000000000000533 ) ) ;
#3380 = VECTOR ( 'NONE', #4449, 1000.000000000000000 ) ;
#3381 = ORIENTED_EDGE ( 'NONE', *, *, #2127, .F. ) ;
#3382 = EDGE_CURVE ( 'NONE', #1887, #1190, #4541, .T. ) ;
#3383 = ORIENTED_EDGE ( 'NONE', *, *, #2234, .T. ) ;
#3384 = VECTOR ( 'NONE', #4987, 1000.000000000000000 ) ;
#3385 = CARTESIAN_POINT ( 'NONE',  ( 0.9700000000000006395, 0.000000000000000000, -1.450000000000000622 ) ) ;
#3386 = DIRECTION ( 'NONE',  ( 0.000000000000000000, 0.000000000000000000, -1.000000000000000000 ) ) ;
#3387 = VERTEX_POINT ( 'NONE', #2924 ) ;
#3388 = ADVANCED_FACE ( 'NONE', ( #1794 ), #662, .F. ) ;
#3389 = CARTESIAN_POINT ( 'NONE',  ( 2.099999999999999201, 1.300000000000000044, 1.400000000000000577 ) ) ;
#3390 = ORIENTED_EDGE ( 'NONE', *, *, #2173, .T. ) ;
#3391 = CARTESIAN_POINT ( 'NONE',  ( 1.719999999999999973, 0.01000000000000001756, -1.600000000000000533 ) ) ;
#3392 = CARTESIAN_POINT ( 'NONE',  ( -0.9700000000000006395, 0.000000000000000000, -1.600000000000000311 ) ) ;
#3393 = DIRECTION ( 'NONE',  ( 0.000000000000000000, 1.000000000000000000, 0.000000000000000000 ) ) ;
#3394 = ORIENTED_EDGE ( 'NONE', *, *, #4802, .T. ) ;
#3395 = EDGE_CURVE ( 'NONE', #2458, #4365, #3322, .T. ) ;
#3396 = LINE ( 'NONE', #2169, #1751 ) ;
#3397 = VERTEX_POINT ( 'NONE', #614 ) ;
#3398 = CARTESIAN_POINT ( 'NONE',  ( -2.500000000000000000, 1.110000000000000098, 1.200000000000000844 ) ) ;
#3399 = ORIENTED_EDGE ( 'NONE', *, *, #1230, .T. ) ;
#3400 = LINE ( 'NONE', #291, #4727 ) ;
#3401 = FILL_AREA_STYLE ('',( #642 ) ) ;
#3402 = DIRECTION ( 'NONE',  ( -1.000000000000000000, 0.000000000000000000, 1.301042606982605321E-16 ) ) ;
#3403 = CARTESIAN_POINT ( 'NONE',  ( 0.6700000000000001510, 0.01000000000000001756, 0.5999999999999995337 ) ) ;
#3404 = ORIENTED_EDGE ( 'NONE', *, *, #3571, .F. ) ;
#3405 = PRODUCT_DEFINITION_SHAPE ( 'NONE', 'NONE',  #228 ) ;
#3406 = ORIENTED_EDGE ( 'NONE', *, *, #3964, .F. ) ;
#3407 = DIRECTION ( 'NONE',  ( 0.000000000000000000, 0.000000000000000000, 1.000000000000000000 ) ) ;
#3408 = CARTESIAN_POINT ( 'NONE',  ( -1.719999999999999973, -1.562049935181331506, -1.600000000000000089 ) ) ;
#3409 = ADVANCED_FACE ( 'NONE', ( #976 ), #686, .F. ) ;
#3410 = ORIENTED_EDGE ( 'NONE', *, *, #1698, .T. ) ;
#3411 = CARTESIAN_POINT ( 'NONE',  ( 1.870000000000000107, -1.562049935181331506, 0.6000000000000006439 ) ) ;
#3412 = ORIENTED_EDGE ( 'NONE', *, *, #87, .T. ) ;
#3413 = CARTESIAN_POINT ( 'NONE',  ( 2.299999999999998046, 7.985164807134504272, 1.200000000000000844 ) ) ;
#3414 = CARTESIAN_POINT ( 'NONE',  ( 0.000000000000000000, 0.000000000000000000, 0.000000000000000000 ) ) ;
#3415 = ADVANCED_FACE ( 'NONE', ( #4907 ), #3720, .T. ) ;
#3416 = ORIENTED_EDGE ( 'NONE', *, *, #910, .T. ) ;
#3417 = LINE ( 'NONE', #2196, #2624 ) ;
#3418 = FACE_OUTER_BOUND ( 'NONE', #3537, .T. ) ;
#3419 = VECTOR ( 'NONE', #2851, 1000.000000000000000 ) ;
#3420 = ORIENTED_EDGE ( 'NONE', *, *, #1173, .F. ) ;
#3421 = EDGE_CURVE ( 'NONE', #2606, #2573, #1402, .T. ) ;
#3422 = PLANE ( 'NONE',  #3816 ) ;
#3423 = VECTOR ( 'NONE', #3228, 1000.000000000000000 ) ;
#3424 =( NAMED_UNIT ( * ) SI_UNIT ( $, .STERADIAN. ) SOLID_ANGLE_UNIT ( ) );
#3425 = LINE ( 'NONE', #4986, #955 ) ;
#3426 = EDGE_CURVE ( 'NONE', #1717, #480, #1457, .T. ) ;
#3427 = AXIS2_PLACEMENT_3D ( 'NONE', #2593, #1840, #2242 ) ;
#3428 = VERTEX_POINT ( 'NONE', #2614 ) ;
#3429 = VERTEX_POINT ( 'NONE', #2520 ) ;
#3430 = CARTESIAN_POINT ( 'NONE',  ( -1.570000000000000284, 1.109999999999999876, -1.600000000000000533 ) ) ;
#3431 = DIRECTION ( 'NONE',  ( -0.000000000000000000, -1.000000000000000000, -0.000000000000000000 ) ) ;
#3432 = DIRECTION ( 'NONE',  ( 0.000000000000000000, -1.000000000000000000, 0.000000000000000000 ) ) ;
#3433 = ORIENTED_EDGE ( 'NONE', *, *, #1946, .F. ) ;
#3434 = DIRECTION ( 'NONE',  ( 0.000000000000000000, 1.000000000000000000, 0.000000000000000000 ) ) ;
#3435 = ORIENTED_EDGE ( 'NONE', *, *, #1474, .F. ) ;
#3436 = EDGE_CURVE ( 'NONE', #4534, #3043, #4147, .T. ) ;
#3437 = DIRECTION ( 'NONE',  ( 0.000000000000000000, 0.000000000000000000, 1.000000000000000000 ) ) ;
#3439 = AXIS2_PLACEMENT_3D ( 'NONE', #1904, #2663, #3862 ) ;
#3438 = DIRECTION ( 'NONE',  ( 1.000000000000000000, -0.000000000000000000, 7.228014483236692611E-16 ) ) ;
#3440 = AXIS2_PLACEMENT_3D ( 'NONE', #3063, #2690, #1836 ) ;
#3441 = ORIENTED_EDGE ( 'NONE', *, *, #1486, .T. ) ;
#3442 = VECTOR ( 'NONE', #3992, 1000.000000000000000 ) ;
#3443 = CARTESIAN_POINT ( 'NONE',  ( 1.870000000000000107, 0.5000000000000000000, -0.6000000000000007550 ) ) ;
#3444 = ADVANCED_FACE ( 'NONE', ( #2902 ), #4051, .F. ) ;
#3445 = ORIENTED_EDGE ( 'NONE', *, *, #1042, .F. ) ;
#3446 = CARTESIAN_POINT ( 'NONE',  ( 1.719999999999999973, 0.5000000000000000000, 1.600000000000000533 ) ) ;
#3447 = AXIS2_PLACEMENT_3D ( 'NONE', #3986, #4769, #1393 ) ;
#3448 = CIRCLE ( 'NONE', #620, 0.4000000000000000777 ) ;
#3449 = EDGE_LOOP ( 'NONE', ( #1430, #2870, #464, #3639, #2792, #754, #1314, #4400 ) ) ;
#3450 = ORIENTED_EDGE ( 'NONE', *, *, #482, .F. ) ;
#3451 = LINE ( 'NONE', #5011, #3820 ) ;
#3452 = VECTOR ( 'NONE', #3402, 1000.000000000000000 ) ;
#3453 = DIRECTION ( 'NONE',  ( 0.000000000000000000, 0.000000000000000000, -1.000000000000000000 ) ) ;
#3454 = ADVANCED_FACE ( 'NONE', ( #3418 ), #2751, .F. ) ;
#3455 = DIRECTION ( 'NONE',  ( 0.000000000000000000, 1.000000000000000000, 0.000000000000000000 ) ) ;
#3456 = DIRECTION ( 'NONE',  ( -0.000000000000000000, -1.000000000000000000, -0.000000000000000000 ) ) ;
#3457 = ORIENTED_EDGE ( 'NONE', *, *, #4128, .F. ) ;
#3458 = EDGE_CURVE ( 'NONE', #2994, #122, #393, .T. ) ;
#3459 = EDGE_LOOP ( 'NONE', ( #2220, #2188, #1220, #2705, #843, #1264, #4621, #2921 ) ) ;
#3460 = DIRECTION ( 'NONE',  ( -0.000000000000000000, -1.000000000000000000, -0.000000000000000000 ) ) ;
#3461 = DIRECTION ( 'NONE',  ( 3.316902608485481668E-16, 0.000000000000000000, -1.000000000000000000 ) ) ;
#3462 = DIRECTION ( 'NONE',  ( 0.000000000000000000, 0.000000000000000000, -1.000000000000000000 ) ) ;
#3463 = ORIENTED_EDGE ( 'NONE', *, *, #1112, .T. ) ;
#3464 = DIRECTION ( 'NONE',  ( 1.000000000000000000, -0.000000000000000000, -1.445602896647333395E-15 ) ) ;
#3465 = ORIENTED_EDGE ( 'NONE', *, *, #1454, .F. ) ;
#3466 = CARTESIAN_POINT ( 'NONE',  ( 2.500000000000000000, 0.01000000000000002623, -1.600000000000000533 ) ) ;
#3467 = DIRECTION ( 'NONE',  ( 0.000000000000000000, -0.000000000000000000, 1.000000000000000000 ) ) ;
#3468 = VERTEX_POINT ( 'NONE', #3471 ) ;
#3469 = DIRECTION ( 'NONE',  ( 1.000000000000000000, 0.000000000000000000, 0.000000000000000000 ) ) ;
#3470 = ORIENTED_EDGE ( 'NONE', *, *, #260, .T. ) ;
#3471 = CARTESIAN_POINT ( 'NONE',  ( 1.570000000000000284, 1.100000000000000089, -1.450000000000000844 ) ) ;
#3472 = ORIENTED_EDGE ( 'NONE', *, *, #2355, .F. ) ;
#3473 = ADVANCED_FACE ( 'NONE', ( #4673 ), #1506, .F. ) ;
#3474 = ORIENTED_EDGE ( 'NONE', *, *, #1344, .F. ) ;
#3475 = CARTESIAN_POINT ( 'NONE',  ( -1.719999999999999973, 0.5000000000000000000, 1.600000000000000311 ) ) ;
#3476 = FACE_OUTER_BOUND ( 'NONE', #300, .T. ) ;
#3477 = LINE ( 'NONE', #1894, #1609 ) ;
#3478 = CARTESIAN_POINT ( 'NONE',  ( 0.000000000000000000, 0.000000000000000000, -1.600000000000000089 ) ) ;
#3479 = EDGE_CURVE ( 'NONE', #315, #5010, #1559, .T. ) ;
#3480 = ORIENTED_EDGE ( 'NONE', *, *, #3421, .F. ) ;
#3481 = LINE ( 'NONE', #830, #4306 ) ;
#3482 = LINE ( 'NONE', #3506, #1436 ) ;
#3483 = DIRECTION ( 'NONE',  ( 0.000000000000000000, 0.000000000000000000, -1.000000000000000000 ) ) ;
#3484 = ORIENTED_EDGE ( 'NONE', *, *, #4323, .T. ) ;
#3485 = EDGE_CURVE ( 'NONE', #4178, #3970, #9, .T. ) ;
#3486 = ORIENTED_EDGE ( 'NONE', *, *, #1946, .T. ) ;
#3487 = DIRECTION ( 'NONE',  ( 0.000000000000000000, 0.000000000000000000, -1.000000000000000000 ) ) ;
#3488 = EDGE_LOOP ( 'NONE', ( #2739, #116, #2055, #3574 ) ) ;
#3489 = CARTESIAN_POINT ( 'NONE',  ( 2.500000000000000888, 0.000000000000000000, -1.599999999999998312 ) ) ;
#3490 = CARTESIAN_POINT ( 'NONE',  ( 1.570000000000000284, 0.000000000000000000, -1.600000000000000533 ) ) ;
#3491 = ADVANCED_FACE ( 'NONE', ( #2270 ), #1151, .F. ) ;
#3492 = ORIENTED_EDGE ( 'NONE', *, *, #688, .T. ) ;
#3493 = DIRECTION ( 'NONE',  ( 1.000000000000000000, 0.000000000000000000, -0.000000000000000000 ) ) ;
#3494 = VERTEX_POINT ( 'NONE', #2319 ) ;
#3495 = CARTESIAN_POINT ( 'NONE',  ( -2.100000000000000089, 1.100000000000000089, 1.600000000000000755 ) ) ;
#3496 = ORIENTED_EDGE ( 'NONE', *, *, #2710, .T. ) ;
#3497 = VERTEX_POINT ( 'NONE', #1176 ) ;
#3498 = CARTESIAN_POINT ( 'NONE',  ( 1.570000000000000506, 1.100000000000000089, 1.450000000000000844 ) ) ;
#3499 = CARTESIAN_POINT ( 'NONE',  ( 2.099999999999999201, 1.110000000000000098, 1.200000000000000844 ) ) ;
#3500 = CLOSED_SHELL ( 'NONE', ( #3843, #1642, #1438, #2003, #1018, #3747, #924, #2128, #2044, #3151, #403, #3875, #1332, #2167, #4549, #3444, #3139, #2278, #3969, #3491, #2551, #963, #1793, #4927, #2434, #4879 ) ) ;
#3501 = DIRECTION ( 'NONE',  ( 0.000000000000000000, 0.000000000000000000, -1.000000000000000000 ) ) ;
#3502 = LINE ( 'NONE', #1514, #3308 ) ;
#3503 = ORIENTED_EDGE ( 'NONE', *, *, #4341, .F. ) ;
#3504 = VECTOR ( 'NONE', #1180, 1000.000000000000000 ) ;
#3505 = ORIENTED_EDGE ( 'NONE', *, *, #4336, .T. ) ;
#3506 = CARTESIAN_POINT ( 'NONE',  ( -0.9700000000000005285, 10.00000000000000000, 1.450000000000000622 ) ) ;
#3507 = DIRECTION ( 'NONE',  ( 0.000000000000000000, -1.000000000000000000, 0.000000000000000000 ) ) ;
#3508 = VECTOR ( 'NONE', #3174, 1000.000000000000000 ) ;
#3509 = VERTEX_POINT ( 'NONE', #767 ) ;
#3510 = UNCERTAINTY_MEASURE_WITH_UNIT (LENGTH_MEASURE( 1.000000000000000082E-05 ), #1383, 'distance_accuracy_value', 'NONE');
#3511 = ORIENTED_EDGE ( 'NONE', *, *, #1404, .F. ) ;
#3512 = CARTESIAN_POINT ( 'NONE',  ( -2.500000000000000000, 0.000000000000000000, -1.599999999999998979 ) ) ;
#3513 = ORIENTED_EDGE ( 'NONE', *, *, #2591, .T. ) ;
#3514 = ADVANCED_FACE ( 'NONE', ( #4278 ), #2721, .T. ) ;
#3515 = DIRECTION ( 'NONE',  ( -1.000000000000000000, -0.000000000000000000, -2.710505431213761085E-16 ) ) ;
#3516 = CARTESIAN_POINT ( 'NONE',  ( 1.570000000000000284, 0.5000000000000000000, 1.600000000000000533 ) ) ;
#3517 = LINE ( 'NONE', #3144, #2732 ) ;
#3518 = VERTEX_POINT ( 'NONE', #4594 ) ;
#3519 = LINE ( 'NONE', #1532, #2068 ) ;
#3520 = STYLED_ITEM ( 'NONE', ( #2547 ), #1561 ) ;
#3521 = ORIENTED_EDGE ( 'NONE', *, *, #3102, .T. ) ;
#3522 = EDGE_CURVE ( 'NONE', #506, #4119, #2350, .T. ) ;
#3523 = CARTESIAN_POINT ( 'NONE',  ( 0.6700000000000000400, 0.000000000000000000, 0.000000000000000000 ) ) ;
#3524 = VECTOR ( 'NONE', #4177, 1000.000000000000000 ) ;
#3525 = VECTOR ( 'NONE', #1691, 1000.000000000000000 ) ;
#3526 = ORIENTED_EDGE ( 'NONE', *, *, #4979, .T. ) ;
#3527 = CARTESIAN_POINT ( 'NONE',  ( 2.500000000000000000, 0.01000000000000002623, 1.599999999999999645 ) ) ;
#3528 = CARTESIAN_POINT ( 'NONE',  ( 1.719999999999999973, 0.5000000000000000000, 1.600000000000000533 ) ) ;
#3529 = AXIS2_PLACEMENT_3D ( 'NONE', #4048, #3296, #258 ) ;
#3530 = VECTOR ( 'NONE', #3215, 1000.000000000000000 ) ;
#3531 = CARTESIAN_POINT ( 'NONE',  ( -1.870000000000000107, 0.5000000000000000000, -0.6000000000000007550 ) ) ;
#3532 = VECTOR ( 'NONE', #3584, 1000.000000000000000 ) ;
#3533 = ORIENTED_EDGE ( 'NONE', *, *, #2229, .T. ) ;
#3534 = VECTOR ( 'NONE', #2079, 1000.000000000000000 ) ;
#3535 = CARTESIAN_POINT ( 'NONE',  ( 0.6700000000000000400, 0.01000000000000001235, 1.599999999999999867 ) ) ;
#3536 = VERTEX_POINT ( 'NONE', #1913 ) ;
#3537 = EDGE_LOOP ( 'NONE', ( #1339, #2789, #342, #2245, #2824, #3644, #658, #1175, #78, #2541 ) ) ;
#3538 = EDGE_CURVE ( 'NONE', #3581, #1029, #1206, .T. ) ;
#3539 = CARTESIAN_POINT ( 'NONE',  ( -1.719999999999999973, 0.5000000000000000000, 1.600000000000000311 ) ) ;
#3540 = ORIENTED_EDGE ( 'NONE', *, *, #87, .F. ) ;
#3541 = CARTESIAN_POINT ( 'NONE',  ( -2.299999999999999822, 1.109999999999999876, 1.200000000000000622 ) ) ;
#3542 = DIRECTION ( 'NONE',  ( 0.000000000000000000, 0.000000000000000000, 1.000000000000000000 ) ) ;
#3543 = VECTOR ( 'NONE', #2810, 1000.000000000000000 ) ;
#3544 = EDGE_CURVE ( 'NONE', #4059, #2603, #821, .T. ) ;
#3545 = ORIENTED_EDGE ( 'NONE', *, *, #1762, .T. ) ;
#3546 = DIRECTION ( 'NONE',  ( -1.000000000000000000, 0.000000000000000000, 0.000000000000000000 ) ) ;
#3547 = VERTEX_POINT ( 'NONE', #3446 ) ;
#3548 = CARTESIAN_POINT ( 'NONE',  ( -1.719999999999999973, 0.5000000000000000000, -1.600000000000000311 ) ) ;
#3549 = EDGE_CURVE ( 'NONE', #778, #586, #1587, .T. ) ;
#3550 = EDGE_LOOP ( 'NONE', ( #3239, #698, #3005, #138 ) ) ;
#3551 = DIRECTION ( 'NONE',  ( -0.000000000000000000, -1.000000000000000000, -0.000000000000000000 ) ) ;
#3552 = DIRECTION ( 'NONE',  ( -0.000000000000000000, -1.000000000000000000, -0.000000000000000000 ) ) ;
#3553 = FACE_OUTER_BOUND ( 'NONE', #551, .T. ) ;
#3554 = ORIENTED_EDGE ( 'NONE', *, *, #2442, .T. ) ;
#3555 = CARTESIAN_POINT ( 'NONE',  ( -2.299999999999999822, 1.100000000000000089, -1.599999999999999867 ) ) ;
#3556 = DIRECTION ( 'NONE',  ( 1.084202172485504927E-16, 0.000000000000000000, 1.000000000000000000 ) ) ;
#3557 = EDGE_LOOP ( 'NONE', ( #1968, #3093, #4712, #2501 ) ) ;
#3558 = ORIENTED_EDGE ( 'NONE', *, *, #1214, .F. ) ;
#3559 = CARTESIAN_POINT ( 'NONE',  ( 2.099999999999999201, 7.985164807134504272, -1.200000000000000400 ) ) ;
#3560 = CARTESIAN_POINT ( 'NONE',  ( -1.719999999999999973, 1.109999999999999876, -1.600000000000000089 ) ) ;
#3561 = DIRECTION ( 'NONE',  ( -1.445602896647334381E-15, 0.000000000000000000, -1.000000000000000000 ) ) ;
#3562 = CARTESIAN_POINT ( 'NONE',  ( -2.100000000000000089, 1.110000000000000098, -1.200000000000000622 ) ) ;
#3563 = EDGE_CURVE ( 'NONE', #4669, #4364, #1869, .T. ) ;
#3564 = ORIENTED_EDGE ( 'NONE', *, *, #2775, .F. ) ;
#3565 = FACE_OUTER_BOUND ( 'NONE', #4772, .T. ) ;
#3566 = ORIENTED_EDGE ( 'NONE', *, *, #580, .T. ) ;
#3567 = EDGE_CURVE ( 'NONE', #408, #1127, #3014, .T. ) ;
#3568 = CARTESIAN_POINT ( 'NONE',  ( -0.9700000000000006395, 1.100000000000000311, 1.600000000000000311 ) ) ;
#3569 = LINE ( 'NONE', #4379, #2943 ) ;
#3570 = FACE_OUTER_BOUND ( 'NONE', #1401, .T. ) ;
#3571 = EDGE_CURVE ( 'NONE', #2764, #4752, #740, .T. ) ;
#3572 = DIRECTION ( 'NONE',  ( 0.000000000000000000, -0.000000000000000000, -1.000000000000000000 ) ) ;
#3573 = SHAPE_DEFINITION_REPRESENTATION ( #3405, #3352 ) ;
#3574 = ORIENTED_EDGE ( 'NONE', *, *, #1774, .F. ) ;
#3575 = MECHANICAL_DESIGN_GEOMETRIC_PRESENTATION_REPRESENTATION (  '', ( #1163 ), #4638 ) ;
#3576 = ADVANCED_FACE ( 'NONE', ( #3796 ), #340, .F. ) ;
#3577 = DIRECTION ( 'NONE',  ( -0.000000000000000000, -1.000000000000000000, -0.000000000000000000 ) ) ;
#3578 = LINE ( 'NONE', #4363, #1446 ) ;
#3579 = VERTEX_POINT ( 'NONE', #536 ) ;
#3580 = AXIS2_PLACEMENT_3D ( 'NONE', #721, #1872, #4937 ) ;
#3581 = VERTEX_POINT ( 'NONE', #510 ) ;
#3582 = AXIS2_PLACEMENT_3D ( 'NONE', #2063, #968, #2490 ) ;
#3583 = LINE ( 'NONE', #888, #4250 ) ;
#3584 = DIRECTION ( 'NONE',  ( -0.000000000000000000, -1.000000000000000000, -0.000000000000000000 ) ) ;
#3585 = VERTEX_POINT ( 'NONE', #1721 ) ;
#3586 = EDGE_CURVE ( 'NONE', #3588, #3100, #1665, .T. ) ;
#3587 = DIRECTION ( 'NONE',  ( 0.000000000000000000, 1.000000000000000000, 0.000000000000000000 ) ) ;
#3588 = VERTEX_POINT ( 'NONE', #3172 ) ;
#3589 = CARTESIAN_POINT ( 'NONE',  ( 2.500000000000000000, 1.100000000000000089, 1.599999999999999645 ) ) ;
#3590 = CARTESIAN_POINT ( 'NONE',  ( 1.719999999999999973, 0.01000000000000000021, 0.000000000000000000 ) ) ;
#3591 = VERTEX_POINT ( 'NONE', #916 ) ;
#3592 = CIRCLE ( 'NONE', #1425, 0.2000000000000003164 ) ;
#3593 = EDGE_CURVE ( 'NONE', #4714, #3581, #946, .T. ) ;
#3594 = CARTESIAN_POINT ( 'NONE',  ( -0.8200000000000006173, 0.01000000000000002623, -1.600000000000000089 ) ) ;
#3595 = DIRECTION ( 'NONE',  ( -0.000000000000000000, -1.000000000000000000, -0.000000000000000000 ) ) ;
#3596 = VECTOR ( 'NONE', #1547, 1000.000000000000000 ) ;
#3597 = ORIENTED_EDGE ( 'NONE', *, *, #2050, .T. ) ;
#3598 = EDGE_CURVE ( 'NONE', #2882, #1941, #4356, .T. ) ;
#3599 = DIRECTION ( 'NONE',  ( -0.000000000000000000, -1.000000000000000000, -0.000000000000000000 ) ) ;
#3600 = AXIS2_PLACEMENT_3D ( 'NONE', #4404, #2423, #1992 ) ;
#3601 = AXIS2_PLACEMENT_3D ( 'NONE', #1084, #2628, #2736 ) ;
#3602 = LINE ( 'NONE', #4312, #2297 ) ;
#3603 = CARTESIAN_POINT ( 'NONE',  ( 2.500000000000000000, 1.100000000000000089, 0.6999999999999999556 ) ) ;
#3604 = DIRECTION ( 'NONE',  ( 0.000000000000000000, 0.000000000000000000, 1.000000000000000000 ) ) ;
#3605 = VERTEX_POINT ( 'NONE', #3245 ) ;
#3606 = AXIS2_PLACEMENT_3D ( 'NONE', #4945, #2232, #3027 ) ;
#3607 = ORIENTED_EDGE ( 'NONE', *, *, #154, .F. ) ;
#3608 = EDGE_CURVE ( 'NONE', #2300, #2894, #2097, .T. ) ;
#3609 = DIRECTION ( 'NONE',  ( 0.000000000000000000, 1.000000000000000000, 0.000000000000000000 ) ) ;
#3610 = CARTESIAN_POINT ( 'NONE',  ( 1.870000000000000551, 0.000000000000000000, 0.000000000000000000 ) ) ;
#3611 = DIRECTION ( 'NONE',  ( -0.000000000000000000, -1.000000000000000000, -0.000000000000000000 ) ) ;
#3612 = ORIENTED_EDGE ( 'NONE', *, *, #2133, .T. ) ;
#3613 = LINE ( 'NONE', #157, #199 ) ;
#3614 = ORIENTED_EDGE ( 'NONE', *, *, #59, .F. ) ;
#3615 = LINE ( 'NONE', #2066, #3442 ) ;
#3616 = DIRECTION ( 'NONE',  ( 1.000000000000000000, -0.000000000000000000, 0.000000000000000000 ) ) ;
#3617 = DIRECTION ( 'NONE',  ( -0.000000000000000000, -0.000000000000000000, 1.000000000000000000 ) ) ;
#3618 = VECTOR ( 'NONE', #1291, 1000.000000000000000 ) ;
#3619 = ORIENTED_EDGE ( 'NONE', *, *, #661, .T. ) ;
#3620 = DIRECTION ( 'NONE',  ( -1.000000000000000000, 0.000000000000000000, 0.000000000000000000 ) ) ;
#3621 = AXIS2_PLACEMENT_3D ( 'NONE', #3883, #1955, #1979 ) ;
#3622 = DIRECTION ( 'NONE',  ( -0.000000000000000000, 0.000000000000000000, -1.000000000000000000 ) ) ;
#3623 = EDGE_CURVE ( 'NONE', #3043, #2603, #3280, .T. ) ;
#3624 =( GEOMETRIC_REPRESENTATION_CONTEXT ( 3 ) GLOBAL_UNCERTAINTY_ASSIGNED_CONTEXT ( ( #3359 ) ) GLOBAL_UNIT_ASSIGNED_CONTEXT ( ( #2758, #1183, #3130 ) ) REPRESENTATION_CONTEXT ( 'NONE', 'WORKASPACE' ) );
#3625 = VERTEX_POINT ( 'NONE', #3193 ) ;
#3626 = DIRECTION ( 'NONE',  ( 0.000000000000000000, 1.000000000000000000, 0.000000000000000000 ) ) ;
#3627 = DIRECTION ( 'NONE',  ( -0.000000000000000000, -1.000000000000000000, -0.000000000000000000 ) ) ;
#3628 = DIRECTION ( 'NONE',  ( -0.000000000000000000, -1.000000000000000000, -0.000000000000000000 ) ) ;
#3629 = DIRECTION ( 'NONE',  ( -0.000000000000000000, -1.000000000000000000, -0.000000000000000000 ) ) ;
#3630 = ORIENTED_EDGE ( 'NONE', *, *, #4013, .F. ) ;
#3631 = EDGE_CURVE ( 'NONE', #4365, #1641, #4328, .T. ) ;
#3632 = ORIENTED_EDGE ( 'NONE', *, *, #1510, .F. ) ;
#3633 = CARTESIAN_POINT ( 'NONE',  ( 1.719999999999999973, 0.01000000000000000715, -0.6000000000000007550 ) ) ;
#3634 = CARTESIAN_POINT ( 'NONE',  ( -0.9700000000000006395, 1.100000000000000089, -1.600000000000000533 ) ) ;
#3635 = PLANE ( 'NONE',  #1358 ) ;
#3636 = EDGE_CURVE ( 'NONE', #2752, #4814, #2776, .T. ) ;
#3637 = ORIENTED_EDGE ( 'NONE', *, *, #3421, .T. ) ;
#3638 = CARTESIAN_POINT ( 'NONE',  ( -0.6700000000000000400, 0.01000000000000001235, 1.599999999999999867 ) ) ;
#3639 = ORIENTED_EDGE ( 'NONE', *, *, #2951, .T. ) ;
#3640 = DIRECTION ( 'NONE',  ( 0.000000000000000000, 0.000000000000000000, -1.000000000000000000 ) ) ;
#3641 = FACE_OUTER_BOUND ( 'NONE', #4077, .T. ) ;
#3642 = EDGE_CURVE ( 'NONE', #1731, #4577, #2395, .T. ) ;
#3643 = CARTESIAN_POINT ( 'NONE',  ( -0.9700000000000006395, -1.562049935181331506, -1.600000000000000311 ) ) ;
#3644 = ORIENTED_EDGE ( 'NONE', *, *, #1173, .T. ) ;
#3645 = DIRECTION ( 'NONE',  ( 1.445602896647343847E-15, 0.000000000000000000, -1.000000000000000000 ) ) ;
#3646 = FACE_OUTER_BOUND ( 'NONE', #3996, .T. ) ;
#3647 = VERTEX_POINT ( 'NONE', #3968 ) ;
#3648 = CARTESIAN_POINT ( 'NONE',  ( 2.500000000000000888, 1.100000000000000089, -1.599999999999998312 ) ) ;
#3649 = EDGE_CURVE ( 'NONE', #1834, #2726, #4749, .T. ) ;
#3650 = CARTESIAN_POINT ( 'NONE',  ( -2.500000000000000000, 0.000000000000000000, -0.2999999999999986566 ) ) ;
#3651 = CARTESIAN_POINT ( 'NONE',  ( -1.719999999999999751, 0.5000000000000000000, -1.600000000000000311 ) ) ;
#3652 = ORIENTED_EDGE ( 'NONE', *, *, #2969, .F. ) ;
#3653 = ORIENTED_EDGE ( 'NONE', *, *, #2805, .T. ) ;
#3654 = EDGE_LOOP ( 'NONE', ( #2986, #2228, #1215, #3186 ) ) ;
#3655 = PLANE ( 'NONE',  #2244 ) ;
#3656 = CARTESIAN_POINT ( 'NONE',  ( 1.719999999999999973, 3.703513695928269733, -1.600000000000000311 ) ) ;
#3657 = LINE ( 'NONE', #2914, #381 ) ;
#3658 = AXIS2_PLACEMENT_3D ( 'NONE', #1106, #491, #4152 ) ;
#3659 = VECTOR ( 'NONE', #2629, 1000.000000000000000 ) ;
#3660 = EDGE_CURVE ( 'NONE', #1178, #4178, #4376, .T. ) ;
#3661 = LINE ( 'NONE', #4372, #3987 ) ;
#3662 = VERTEX_POINT ( 'NONE', #894 ) ;
#3663 = CARTESIAN_POINT ( 'NONE',  ( -1.720000000000000195, 0.01000000000000001756, -0.6000000000000006439 ) ) ;
#3664 = DIRECTION ( 'NONE',  ( -5.162867488026213586E-17, 0.000000000000000000, -1.000000000000000000 ) ) ;
#3665 = CARTESIAN_POINT ( 'NONE',  ( 2.099999999999999201, 1.110000000000000098, 1.600000000000000755 ) ) ;
#3666 = AXIS2_PLACEMENT_3D ( 'NONE', #920, #1476, #2613 ) ;
#3667 = VERTEX_POINT ( 'NONE', #4722 ) ;
#3668 = EDGE_CURVE ( 'NONE', #1029, #4288, #161, .T. ) ;
#3669 = VECTOR ( 'NONE', #3219, 1000.000000000000000 ) ;
#3670 = CARTESIAN_POINT ( 'NONE',  ( 2.499999999999998668, 1.110000000000000098, 1.200000000000000844 ) ) ;
#3671 = CARTESIAN_POINT ( 'NONE',  ( 0.6700000000000001510, -1.562049935181331506, -0.6000000000000003109 ) ) ;
#3672 = CIRCLE ( 'NONE', #367, 0.1499999999999997446 ) ;
#3673 = ORIENTED_EDGE ( 'NONE', *, *, #3235, .F. ) ;
#3674 = LINE ( 'NONE', #1310, #3419 ) ;
#3675 =( GEOMETRIC_REPRESENTATION_CONTEXT ( 3 ) GLOBAL_UNCERTAINTY_ASSIGNED_CONTEXT ( ( #4631 ) ) GLOBAL_UNIT_ASSIGNED_CONTEXT ( ( #2056, #1797, #3960 ) ) REPRESENTATION_CONTEXT ( 'NONE', 'WORKASPACE' ) );
#3676 = CARTESIAN_POINT ( 'NONE',  ( -2.100000000000000089, 7.985164807134504272, 1.400000000000000799 ) ) ;
#3677 = LINE ( 'NONE', #572, #2662 ) ;
#3678 = COLOUR_RGB ( '',0.9686274509803921573, 0.8784313725490195957, 0.5999999999999999778 ) ;
#3679 = ORIENTED_EDGE ( 'NONE', *, *, #3803, .T. ) ;
#3680 = VECTOR ( 'NONE', #3437, 1000.000000000000000 ) ;
#3681 = ORIENTED_EDGE ( 'NONE', *, *, #3900, .T. ) ;
#3682 = AXIS2_PLACEMENT_3D ( 'NONE', #2844, #492, #1305 ) ;
#3683 = CARTESIAN_POINT ( 'NONE',  ( -0.6700000000000000400, 0.01000000000000002623, -1.599999999999999867 ) ) ;
#3684 = FACE_OUTER_BOUND ( 'NONE', #4698, .T. ) ;
#3686 = VECTOR ( 'NONE', #1781, 1000.000000000000000 ) ;
#3685 = CARTESIAN_POINT ( 'NONE',  ( 2.299999999999998490, 1.109999999999999876, -1.200000000000000400 ) ) ;
#3687 = ADVANCED_FACE ( 'NONE', ( #1325 ), #2021, .F. ) ;
#3688 = VECTOR ( 'NONE', #3438, 1000.000000000000000 ) ;
#3689 = VECTOR ( 'NONE', #2477, 1000.000000000000000 ) ;
#3690 = DIRECTION ( 'NONE',  ( -0.000000000000000000, -1.000000000000000000, -0.000000000000000000 ) ) ;
#3691 = EDGE_LOOP ( 'NONE', ( #1471, #4180, #3842, #1632 ) ) ;
#3692 = LINE ( 'NONE', #3316, #2560 ) ;
#3693 = FACE_OUTER_BOUND ( 'NONE', #4956, .T. ) ;
#3694 = CARTESIAN_POINT ( 'NONE',  ( 2.500000000000000000, 0.000000000000000000, 0.4999999999999997780 ) ) ;
#3695 = EDGE_CURVE ( 'NONE', #3847, #1845, #2868, .T. ) ;
#3696 = ORIENTED_EDGE ( 'NONE', *, *, #4283, .F. ) ;
#3697 = DIRECTION ( 'NONE',  ( 0.000000000000000000, 0.000000000000000000, 1.000000000000000000 ) ) ;
#3698 = CARTESIAN_POINT ( 'NONE',  ( 2.299999999999998046, 1.300000000000000044, 1.200000000000000844 ) ) ;
#3699 = DIRECTION ( 'NONE',  ( 0.000000000000000000, 0.000000000000000000, 1.000000000000000000 ) ) ;
#3700 = ADVANCED_FACE ( 'NONE', ( #1643 ), #1231, .F. ) ;
#3701 = ORIENTED_EDGE ( 'NONE', *, *, #2725, .F. ) ;
#3702 = VECTOR ( 'NONE', #1491, 1000.000000000000000 ) ;
#3703 = LINE ( 'NONE', #2105, #515 ) ;
#3704 = DIRECTION ( 'NONE',  ( 0.000000000000000000, 0.000000000000000000, 1.000000000000000000 ) ) ;
#3705 = CYLINDRICAL_SURFACE ( 'NONE', #2651, 0.1999999999999996503 ) ;
#3706 = DIRECTION ( 'NONE',  ( 0.000000000000000000, 0.000000000000000000, -1.000000000000000000 ) ) ;
#3707 = EDGE_CURVE ( 'NONE', #4276, #4214, #3995, .T. ) ;
#3708 = ORIENTED_EDGE ( 'NONE', *, *, #1762, .F. ) ;
#3709 = FACE_OUTER_BOUND ( 'NONE', #3138, .T. ) ;
#3710 = DIRECTION ( 'NONE',  ( -0.000000000000000000, -1.000000000000000000, 0.000000000000000000 ) ) ;
#3711 = LINE ( 'NONE', #1445, #3302 ) ;
#3712 = CARTESIAN_POINT ( 'NONE',  ( 0.000000000000000000, 0.01000000000000000021, 0.6000000000000003109 ) ) ;
#3713 = ORIENTED_EDGE ( 'NONE', *, *, #1769, .F. ) ;
#3714 = EDGE_CURVE ( 'NONE', #1527, #64, #1619, .T. ) ;
#3715 = LINE ( 'NONE', #4114, #131 ) ;
#3716 = FACE_OUTER_BOUND ( 'NONE', #4354, .T. ) ;
#3717 = CARTESIAN_POINT ( 'NONE',  ( 1.570000000000000506, -1.562049935181331506, 1.450000000000000844 ) ) ;
#3718 = VERTEX_POINT ( 'NONE', #2799 ) ;
#3719 = DIRECTION ( 'NONE',  ( -0.000000000000000000, -1.000000000000000000, -0.000000000000000000 ) ) ;
#3720 = PLANE ( 'NONE',  #4411 ) ;
#3721 = DIRECTION ( 'NONE',  ( -2.710505431213761085E-16, 0.000000000000000000, 1.000000000000000000 ) ) ;
#3722 = PLANE ( 'NONE',  #1999 ) ;
#3723 = EDGE_CURVE ( 'NONE', #3468, #2472, #3948, .T. ) ;
#3724 = CARTESIAN_POINT ( 'NONE',  ( -0.8200000000000005063, 0.01000000000000002623, -1.600000000000000311 ) ) ;
#3725 = FACE_OUTER_BOUND ( 'NONE', #5021, .T. ) ;
#3726 = EDGE_LOOP ( 'NONE', ( #2491, #1248, #1162, #919 ) ) ;
#3727 = EDGE_CURVE ( 'NONE', #1731, #1808, #2898, .T. ) ;
#3728 = ORIENTED_EDGE ( 'NONE', *, *, #482, .T. ) ;
#3729 = DIRECTION ( 'NONE',  ( 0.000000000000000000, 0.000000000000000000, -1.000000000000000000 ) ) ;
#3730 = CARTESIAN_POINT ( 'NONE',  ( 2.299999999999999822, 0.000000000000000000, 1.599999999999999645 ) ) ;
#3731 = DIRECTION ( 'NONE',  ( 0.000000000000000000, 1.000000000000000000, 0.000000000000000000 ) ) ;
#3732 = CARTESIAN_POINT ( 'NONE',  ( 1.719999999999999973, -1.562049935181331506, 1.600000000000000533 ) ) ;
#3733 = CLOSED_SHELL ( 'NONE', ( #2985, #3700, #2265, #3356, #1812, #4111, #3045, #2321, #2390, #2307, #3818, #4117, #1928, #2907 ) ) ;
#3734 = ORIENTED_EDGE ( 'NONE', *, *, #4221, .T. ) ;
#3735 = DIRECTION ( 'NONE',  ( 0.000000000000000000, 1.000000000000000000, -0.000000000000000000 ) ) ;
#3736 = CARTESIAN_POINT ( 'NONE',  ( -1.719999999999999973, 0.000000000000000000, 1.600000000000000311 ) ) ;
#3737 = CARTESIAN_POINT ( 'NONE',  ( 1.719999999999999973, 0.5000000000000000000, 0.6000000000000006439 ) ) ;
#3738 = VECTOR ( 'NONE', #4150, 1000.000000000000000 ) ;
#3739 = EDGE_CURVE ( 'NONE', #1813, #895, #4118, .T. ) ;
#3740 = ORIENTED_EDGE ( 'NONE', *, *, #3593, .T. ) ;
#3741 = CARTESIAN_POINT ( 'NONE',  ( -1.870000000000000329, 0.01000000000000002623, 0.9462562514124841506 ) ) ;
#3742 = ORIENTED_EDGE ( 'NONE', *, *, #1615, .F. ) ;
#3743 = AXIS2_PLACEMENT_3D ( 'NONE', #975, #2046, #1695 ) ;
#3744 = DIRECTION ( 'NONE',  ( 1.000000000000000000, 0.000000000000000000, -1.084202172485504927E-16 ) ) ;
#3745 = ORIENTED_EDGE ( 'NONE', *, *, #973, .T. ) ;
#3746 = EDGE_CURVE ( 'NONE', #3939, #2671, #4853, .T. ) ;
#3747 = ADVANCED_FACE ( 'NONE', ( #1353 ), #4873, .F. ) ;
#3748 = VERTEX_POINT ( 'NONE', #2164 ) ;
#3749 = VECTOR ( 'NONE', #1090, 1000.000000000000000 ) ;
#3750 = CARTESIAN_POINT ( 'NONE',  ( 0.6700000000000000400, 0.000000000000000000, 1.599999999999999867 ) ) ;
#3751 = PRESENTATION_STYLE_ASSIGNMENT (( #665 ) ) ;
#3752 = DIRECTION ( 'NONE',  ( -1.000000000000000000, 0.000000000000000000, 0.000000000000000000 ) ) ;
#3753 = PLANE ( 'NONE',  #806 ) ;
#3754 = VECTOR ( 'NONE', #678, 1000.000000000000000 ) ;
#3755 = EDGE_CURVE ( 'NONE', #3813, #1834, #656, .T. ) ;
#3756 = PRESENTATION_LAYER_ASSIGNMENT (  '', '', ( #3520 ) ) ;
#3757 = CARTESIAN_POINT ( 'NONE',  ( -0.8200000000000006173, 1.100000000000000089, -1.600000000000000533 ) ) ;
#3758 = PLANE ( 'NONE',  #845 ) ;
#3759 = CARTESIAN_POINT ( 'NONE',  ( 0.6700000000000000400, 0.01000000000000000021, 0.000000000000000000 ) ) ;
#3760 = VECTOR ( 'NONE', #4877, 1000.000000000000000 ) ;
#3761 = CIRCLE ( 'NONE', #2724, 0.1499999999999997446 ) ;
#3762 = EDGE_CURVE ( 'NONE', #4828, #1525, #1028, .T. ) ;
#3763 = ORIENTED_EDGE ( 'NONE', *, *, #1050, .T. ) ;
#3764 = DIRECTION ( 'NONE',  ( 0.000000000000000000, 0.000000000000000000, -1.000000000000000000 ) ) ;
#3765 = AXIS2_PLACEMENT_3D ( 'NONE', #2238, #1071, #2589 ) ;
#3766 = ORIENTED_EDGE ( 'NONE', *, *, #3052, .F. ) ;
#3767 = LINE ( 'NONE', #255, #1105 ) ;
#3768 = CARTESIAN_POINT ( 'NONE',  ( 2.500000000000000000, 0.000000000000000000, -0.4999999999999997780 ) ) ;
#3769 = VECTOR ( 'NONE', #4245, 1000.000000000000000 ) ;
#3770 = AXIS2_PLACEMENT_3D ( 'NONE', #548, #3577, #477 ) ;
#3771 = ORIENTED_EDGE ( 'NONE', *, *, #4757, .F. ) ;
#3772 = DIRECTION ( 'NONE',  ( 0.000000000000000000, 0.000000000000000000, -1.000000000000000000 ) ) ;
#3773 = ORIENTED_EDGE ( 'NONE', *, *, #747, .F. ) ;
#3774 = VECTOR ( 'NONE', #543, 1000.000000000000000 ) ;
#3775 = ORIENTED_EDGE ( 'NONE', *, *, #4451, .T. ) ;
#3776 = EDGE_LOOP ( 'NONE', ( #2929, #4563, #700, #307, #1634, #2208 ) ) ;
#3777 = CARTESIAN_POINT ( 'NONE',  ( 0.6700000000000000400, -1.562049935181331506, -1.599999999999999867 ) ) ;
#3778 = DIRECTION ( 'NONE',  ( -3.614007241618346306E-16, 0.000000000000000000, 1.000000000000000000 ) ) ;
#3779 = EDGE_CURVE ( 'NONE', #1219, #223, #2243, .T. ) ;
#3780 = CARTESIAN_POINT ( 'NONE',  ( -2.500000000000000444, 1.110000000000000098, -1.200000000000000622 ) ) ;
#3781 = VECTOR ( 'NONE', #4527, 1000.000000000000000 ) ;
#3782 = ADVANCED_FACE ( 'NONE', ( #634 ), #1378, .F. ) ;
#3783 = CARTESIAN_POINT ( 'NONE',  ( 1.570000000000000284, -1.562049935181331506, 1.600000000000000533 ) ) ;
#3784 = DIRECTION ( 'NONE',  ( 1.000000000000000000, -0.000000000000000000, 0.000000000000000000 ) ) ;
#3785 = DIRECTION ( 'NONE',  ( -0.000000000000000000, -1.000000000000000000, -0.000000000000000000 ) ) ;
#3786 = ORIENTED_EDGE ( 'NONE', *, *, #1538, .F. ) ;
#3787 = FACE_OUTER_BOUND ( 'NONE', #3265, .T. ) ;
#3788 = VERTEX_POINT ( 'NONE', #2194 ) ;
#3789 = EDGE_CURVE ( 'NONE', #4320, #4429, #3340, .T. ) ;
#3790 = CARTESIAN_POINT ( 'NONE',  ( 1.570000000000000284, 0.5000000000000000000, 1.450000000000000844 ) ) ;
#3791 = CARTESIAN_POINT ( 'NONE',  ( 1.870000000000000551, 0.5000000000000000000, -1.600000000000000311 ) ) ;
#3792 = ORIENTED_EDGE ( 'NONE', *, *, #112, .F. ) ;
#3793 = FACE_OUTER_BOUND ( 'NONE', #418, .T. ) ;
#3794 = ORIENTED_EDGE ( 'NONE', *, *, #3305, .T. ) ;
#3795 = EDGE_CURVE ( 'NONE', #2900, #3007, #2483, .T. ) ;
#3796 = FACE_OUTER_BOUND ( 'NONE', #1516, .T. ) ;
#3797 = ORIENTED_EDGE ( 'NONE', *, *, #1302, .F. ) ;
#3798 = DIRECTION ( 'NONE',  ( 0.000000000000000000, 1.000000000000000000, 0.000000000000000000 ) ) ;
#3799 = PLANE ( 'NONE',  #4326 ) ;
#3800 = DIRECTION ( 'NONE',  ( -0.000000000000000000, -1.000000000000000000, -0.000000000000000000 ) ) ;
#3801 = DIRECTION ( 'NONE',  ( 0.000000000000000000, 1.000000000000000000, 0.000000000000000000 ) ) ;
#3802 = VERTEX_POINT ( 'NONE', #1524 ) ;
#3803 = EDGE_CURVE ( 'NONE', #3509, #3028, #1354, .T. ) ;
#3804 = SURFACE_SIDE_STYLE ('',( #4210 ) ) ;
#3805 = CARTESIAN_POINT ( 'NONE',  ( 2.500000000000000000, 1.100000000000000089, 1.599999999999999645 ) ) ;
#3806 = DIRECTION ( 'NONE',  ( 0.000000000000000000, 1.000000000000000000, 0.000000000000000000 ) ) ;
#3807 = VERTEX_POINT ( 'NONE', #2121 ) ;
#3808 = CARTESIAN_POINT ( 'NONE',  ( 0.8200000000000006173, 1.109999999999999876, 1.599999999999999867 ) ) ;
#3809 = VERTEX_POINT ( 'NONE', #3268 ) ;
#3810 = PLANE ( 'NONE',  #4496 ) ;
#3811 = DIRECTION ( 'NONE',  ( -0.000000000000000000, -1.000000000000000000, -0.000000000000000000 ) ) ;
#3812 = EDGE_CURVE ( 'NONE', #2443, #5016, #585, .T. ) ;
#3813 = VERTEX_POINT ( 'NONE', #3737 ) ;
#3814 = DIRECTION ( 'NONE',  ( -0.000000000000000000, -1.000000000000000000, -0.000000000000000000 ) ) ;
#3815 = CARTESIAN_POINT ( 'NONE',  ( -1.570000000000000284, 10.00000000000000000, 1.600000000000000533 ) ) ;
#3816 = AXIS2_PLACEMENT_3D ( 'NONE', #3046, #3721, #4493 ) ;
#3817 = ORIENTED_EDGE ( 'NONE', *, *, #2995, .T. ) ;
#3818 = ADVANCED_FACE ( 'NONE', ( #4517 ), #2494, .F. ) ;
#3819 = CARTESIAN_POINT ( 'NONE',  ( -1.870000000000000551, 0.01000000000000001929, 0.9462562514124843727 ) ) ;
#3820 = VECTOR ( 'NONE', #3125, 1000.000000000000000 ) ;
#3821 = LINE ( 'NONE', #370, #4675 ) ;
#3822 = DIRECTION ( 'NONE',  ( 0.000000000000000000, 0.000000000000000000, -1.000000000000000000 ) ) ;
#3823 = VECTOR ( 'NONE', #4822, 1000.000000000000000 ) ;
#3824 = ORIENTED_EDGE ( 'NONE', *, *, #234, .T. ) ;
#3825 = ORIENTED_EDGE ( 'NONE', *, *, #1454, .T. ) ;
#3826 = DIRECTION ( 'NONE',  ( 0.000000000000000000, -1.000000000000000000, 0.000000000000000000 ) ) ;
#3827 = DIRECTION ( 'NONE',  ( 0.000000000000000000, 0.000000000000000000, -1.000000000000000000 ) ) ;
#3828 = PLANE ( 'NONE',  #4751 ) ;
#3829 = ORIENTED_EDGE ( 'NONE', *, *, #4623, .F. ) ;
#3830 = VECTOR ( 'NONE', #2425, 1000.000000000000000 ) ;
#3831 = CARTESIAN_POINT ( 'NONE',  ( -0.8200000000000006173, 1.109999999999999876, 1.600000000000000089 ) ) ;
#3832 = ORIENTED_EDGE ( 'NONE', *, *, #520, .F. ) ;
#3833 = DIRECTION ( 'NONE',  ( 1.445602896647333395E-15, -0.000000000000000000, 1.000000000000000000 ) ) ;
#3834 = CARTESIAN_POINT ( 'NONE',  ( -0.6700000000000000400, -1.562049935181331506, 1.599999999999999867 ) ) ;
#3836 = MECHANICAL_DESIGN_GEOMETRIC_PRESENTATION_REPRESENTATION (  '', ( #1267 ), #1837 ) ;
#3835 = CARTESIAN_POINT ( 'NONE',  ( 0.8200000000000008393, 1.100000000000000089, 1.600000000000000755 ) ) ;
#3837 = ADVANCED_FACE ( 'NONE', ( #564 ), #4023, .F. ) ;
#3838 = VECTOR ( 'NONE', #2517, 1000.000000000000000 ) ;
#3839 = ORIENTED_EDGE ( 'NONE', *, *, #3145, .T. ) ;
#3840 = VECTOR ( 'NONE', #203, 1000.000000000000000 ) ;
#3841 = CARTESIAN_POINT ( 'NONE',  ( 0.8200000000000006173, 1.100000000000000089, 1.600000000000000089 ) ) ;
#3842 = ORIENTED_EDGE ( 'NONE', *, *, #4659, .F. ) ;
#3843 = ADVANCED_FACE ( 'NONE', ( #4826 ), #1768, .F. ) ;
#3844 = DIRECTION ( 'NONE',  ( 0.000000000000000000, 0.000000000000000000, -1.000000000000000000 ) ) ;
#3845 = AXIS2_PLACEMENT_3D ( 'NONE', #3414, #1907, #2667 ) ;
#3846 = VECTOR ( 'NONE', #1683, 1000.000000000000000 ) ;
#3847 = VERTEX_POINT ( 'NONE', #3294 ) ;
#3848 = ORIENTED_EDGE ( 'NONE', *, *, #1868, .T. ) ;
#3849 = DIRECTION ( 'NONE',  ( 7.228014483236692611E-16, 0.000000000000000000, -1.000000000000000000 ) ) ;
#3850 = PRESENTATION_LAYER_ASSIGNMENT (  '', '', ( #5003 ) ) ;
#3851 = DIRECTION ( 'NONE',  ( 1.000000000000000000, -0.000000000000000000, 2.710505431213761085E-16 ) ) ;
#3852 = EDGE_CURVE ( 'NONE', #586, #4789, #2140, .T. ) ;
#3853 = SURFACE_SIDE_STYLE ('',( #744 ) ) ;
#3854 = DIRECTION ( 'NONE',  ( -1.000000000000000000, -0.000000000000000000, 0.000000000000000000 ) ) ;
#3855 = EDGE_LOOP ( 'NONE', ( #3786, #11, #1315, #2550, #3319, #879, #1469 ) ) ;
#3856 = EDGE_LOOP ( 'NONE', ( #2592, #25, #3077, #1905 ) ) ;
#3857 = ADVANCED_FACE ( 'NONE', ( #3693 ), #1719, .F. ) ;
#3858 = LINE ( 'NONE', #71, #1931 ) ;
#3859 = ORIENTED_EDGE ( 'NONE', *, *, #2846, .T. ) ;
#3860 = ORIENTED_EDGE ( 'NONE', *, *, #3436, .F. ) ;
#3861 = VECTOR ( 'NONE', #2304, 1000.000000000000000 ) ;
#3862 = DIRECTION ( 'NONE',  ( 0.000000000000000000, 0.000000000000000000, -1.000000000000000000 ) ) ;
#3863 = ORIENTED_EDGE ( 'NONE', *, *, #2660, .F. ) ;
#3864 = CARTESIAN_POINT ( 'NONE',  ( 0.000000000000000000, 0.000000000000000000, 1.599999999999999867 ) ) ;
#3865 = DIRECTION ( 'NONE',  ( 0.000000000000000000, 0.000000000000000000, 1.000000000000000000 ) ) ;
#3866 = AXIS2_PLACEMENT_3D ( 'NONE', #3050, #1625, #1543 ) ;
#3867 = ORIENTED_EDGE ( 'NONE', *, *, #4256, .T. ) ;
#3868 = EDGE_CURVE ( 'NONE', #1885, #1870, #1740, .T. ) ;
#3869 = CARTESIAN_POINT ( 'NONE',  ( -2.299999999999999378, 1.300000000000000266, 0.000000000000000000 ) ) ;
#3870 = VERTEX_POINT ( 'NONE', #4070 ) ;
#3871 = PRODUCT_RELATED_PRODUCT_CATEGORY ( 'part', '', ( #4676 ) ) ;
#3872 = CARTESIAN_POINT ( 'NONE',  ( 0.8200000000000003952, 1.100000000000000089, 1.599999999999999867 ) ) ;
#3873 = ORIENTED_EDGE ( 'NONE', *, *, #2846, .F. ) ;
#3874 = ORIENTED_EDGE ( 'NONE', *, *, #2951, .F. ) ;
#3875 = ADVANCED_FACE ( 'NONE', ( #3641 ), #607, .F. ) ;
#3876 = CARTESIAN_POINT ( 'NONE',  ( -0.9700000000000006395, 0.000000000000000000, -1.450000000000000400 ) ) ;
#3877 = CARTESIAN_POINT ( 'NONE',  ( 1.570000000000000506, -1.562049935181331506, 1.450000000000000844 ) ) ;
#3878 = CARTESIAN_POINT ( 'NONE',  ( -0.8200000000000006173, 0.5000000000000000000, -1.600000000000000311 ) ) ;
#3879 = EDGE_LOOP ( 'NONE', ( #4357, #1755, #1610, #2597 ) ) ;
#3880 = ADVANCED_FACE ( 'NONE', ( #4096 ), #232, .F. ) ;
#3881 = ORIENTED_EDGE ( 'NONE', *, *, #1744, .T. ) ;
#3882 = DIRECTION ( 'NONE',  ( 0.000000000000000000, 1.000000000000000000, 0.000000000000000000 ) ) ;
#3883 = CARTESIAN_POINT ( 'NONE',  ( -2.500000000000000000, 1.100000000000000089, 0.4999999999999989453 ) ) ;
#3884 = ORIENTED_EDGE ( 'NONE', *, *, #4658, .F. ) ;
#3885 = ORIENTED_EDGE ( 'NONE', *, *, #227, .F. ) ;
#3886 = EDGE_CURVE ( 'NONE', #2894, #5010, #3925, .T. ) ;
#3887 = DIRECTION ( 'NONE',  ( 0.000000000000000000, 1.000000000000000000, -0.000000000000000000 ) ) ;
#3888 = ORIENTED_EDGE ( 'NONE', *, *, #4438, .F. ) ;
#3889 = CARTESIAN_POINT ( 'NONE',  ( -0.8200000000000005063, 0.01000000000000000715, 0.6000000000000003109 ) ) ;
#3890 = DIRECTION ( 'NONE',  ( 1.000000000000000000, 0.000000000000000000, -0.000000000000000000 ) ) ;
#3891 = CARTESIAN_POINT ( 'NONE',  ( -1.719999999999999973, -1.562049935181331506, -1.600000000000000311 ) ) ;
#3892 = VERTEX_POINT ( 'NONE', #1788 ) ;
#3893 = DIRECTION ( 'NONE',  ( -0.000000000000000000, -1.000000000000000000, -0.000000000000000000 ) ) ;
#3894 = ORIENTED_EDGE ( 'NONE', *, *, #3852, .T. ) ;
#3895 = CARTESIAN_POINT ( 'NONE',  ( -1.870000000000000107, 0.01000000000000002623, -0.6000000000000007550 ) ) ;
#3896 = DIRECTION ( 'NONE',  ( 0.000000000000000000, -0.000000000000000000, 1.000000000000000000 ) ) ;
#3897 = CARTESIAN_POINT ( 'NONE',  ( 0.6700000000000001510, -1.562049935181331506, 0.6000000000000003109 ) ) ;
#3898 = DIRECTION ( 'NONE',  ( -0.000000000000000000, -1.000000000000000000, -0.000000000000000000 ) ) ;
#3899 = DIRECTION ( 'NONE',  ( 0.000000000000000000, 1.000000000000000000, 0.000000000000000000 ) ) ;
#3900 = EDGE_CURVE ( 'NONE', #4586, #3428, #160, .T. ) ;
#3901 = VECTOR ( 'NONE', #2087, 1000.000000000000000 ) ;
#3902 =( LENGTH_UNIT ( ) NAMED_UNIT ( * ) SI_UNIT ( .MILLI., .METRE. ) );
#3903 = LINE ( 'NONE', #450, #4091 ) ;
#3904 = CARTESIAN_POINT ( 'NONE',  ( -0.8200000000000005063, 0.01000000000000002623, 1.599999999999999867 ) ) ;
#3905 = AXIS2_PLACEMENT_3D ( 'NONE', #2368, #3116, #4617 ) ;
#3906 = VERTEX_POINT ( 'NONE', #4482 ) ;
#3907 = EDGE_CURVE ( 'NONE', #2708, #833, #563, .T. ) ;
#3908 = VERTEX_POINT ( 'NONE', #4799 ) ;
#3909 = DIRECTION ( 'NONE',  ( 0.000000000000000000, 1.000000000000000000, 0.000000000000000000 ) ) ;
#3910 = ORIENTED_EDGE ( 'NONE', *, *, #4101, .T. ) ;
#3911 = DIRECTION ( 'NONE',  ( 1.000000000000000000, 0.000000000000000000, -1.301042606982605321E-16 ) ) ;
#3912 = CARTESIAN_POINT ( 'NONE',  ( -0.8200000000000008393, 1.100000000000000089, -1.600000000000000311 ) ) ;
#3913 = EDGE_CURVE ( 'NONE', #3667, #36, #4022, .T. ) ;
#3914 = VECTOR ( 'NONE', #4137, 1000.000000000000000 ) ;
#3915 = ORIENTED_EDGE ( 'NONE', *, *, #2077, .T. ) ;
#3916 = DIRECTION ( 'NONE',  ( 0.000000000000000000, 1.000000000000000000, 0.000000000000000000 ) ) ;
#3917 = VECTOR ( 'NONE', #369, 1000.000000000000000 ) ;
#3918 = ORIENTED_EDGE ( 'NONE', *, *, #4228, .T. ) ;
#3919 = DIRECTION ( 'NONE',  ( 0.000000000000000000, 0.000000000000000000, -1.000000000000000000 ) ) ;
#3920 = AXIS2_PLACEMENT_3D ( 'NONE', #3568, #107, #3919 ) ;
#3921 = AXIS2_PLACEMENT_3D ( 'NONE', #680, #2236, #4514 ) ;
#3922 = VERTEX_POINT ( 'NONE', #1352 ) ;
#3923 = CARTESIAN_POINT ( 'NONE',  ( 0.000000000000000000, 0.000000000000000000, -1.599999999999999867 ) ) ;
#3924 = DIRECTION ( 'NONE',  ( 0.000000000000000000, 0.000000000000000000, -1.000000000000000000 ) ) ;
#3925 = CIRCLE ( 'NONE', #2559, 0.1499999999999999667 ) ;
#3926 = LINE ( 'NONE', #4307, #3034 ) ;
#3927 = CARTESIAN_POINT ( 'NONE',  ( -0.9700000000000005285, 0.000000000000000000, 1.450000000000000622 ) ) ;
#3928 = VECTOR ( 'NONE', #3731, 1000.000000000000000 ) ;
#3929 = VERTEX_POINT ( 'NONE', #2563 ) ;
#3930 = VECTOR ( 'NONE', #4056, 1000.000000000000000 ) ;
#3931 = EDGE_CURVE ( 'NONE', #150, #4383, #947, .T. ) ;
#3932 = PLANE ( 'NONE',  #2383 ) ;
#3933 = LINE ( 'NONE', #1262, #3368 ) ;
#3934 = DIRECTION ( 'NONE',  ( 0.000000000000000000, 1.000000000000000000, 0.000000000000000000 ) ) ;
#3935 = ORIENTED_EDGE ( 'NONE', *, *, #2557, .F. ) ;
#3936 = VERTEX_POINT ( 'NONE', #1377 ) ;
#3937 = EDGE_CURVE ( 'NONE', #2990, #4269, #1020, .T. ) ;
#3938 = FILL_AREA_STYLE_COLOUR ( '', #2636 ) ;
#3939 = VERTEX_POINT ( 'NONE', #971 ) ;
#3940 = DIRECTION ( 'NONE',  ( -4.336808689942019708E-16, -0.000000000000000000, -1.000000000000000000 ) ) ;
#3941 = DIRECTION ( 'NONE',  ( 1.000000000000000000, 0.000000000000000000, 0.000000000000000000 ) ) ;
#3942 = VECTOR ( 'NONE', #3801, 1000.000000000000000 ) ;
#3943 = ORIENTED_EDGE ( 'NONE', *, *, #4355, .T. ) ;
#3944 = EDGE_CURVE ( 'NONE', #2219, #2509, #2918, .T. ) ;
#3945 = PLANE ( 'NONE',  #3025 ) ;
#3946 = ORIENTED_EDGE ( 'NONE', *, *, #1131, .F. ) ;
#3947 = COLOUR_RGB ( '',0.7921568627450980005, 0.8196078431372548767, 0.9333333333333333481 ) ;
#3948 = LINE ( 'NONE', #2141, #3041 ) ;
#3949 = EDGE_LOOP ( 'NONE', ( #3160, #4249, #2722, #3771 ) ) ;
#3950 = EDGE_CURVE ( 'NONE', #4472, #1275, #583, .T. ) ;
#3951 = LINE ( 'NONE', #4260, #1024 ) ;
#3952 = CARTESIAN_POINT ( 'NONE',  ( -1.523743748587508273, 0.000000000000000000, 0.6000000000000006439 ) ) ;
#3953 = PRODUCT_CONTEXT ( 'NONE', #4601, 'mechanical' ) ;
#3954 = ORIENTED_EDGE ( 'NONE', *, *, #2084, .T. ) ;
#3955 = LINE ( 'NONE', #3603, #4590 ) ;
#3956 = DIRECTION ( 'NONE',  ( 0.000000000000000000, 1.000000000000000000, -0.000000000000000000 ) ) ;
#3957 = VERTEX_POINT ( 'NONE', #633 ) ;
#3958 = EDGE_CURVE ( 'NONE', #3939, #3788, #4003, .T. ) ;
#3959 = ORIENTED_EDGE ( 'NONE', *, *, #1958, .F. ) ;
#3960 =( NAMED_UNIT ( * ) SI_UNIT ( $, .STERADIAN. ) SOLID_ANGLE_UNIT ( ) );
#3961 = DIRECTION ( 'NONE',  ( -0.000000000000000000, -1.000000000000000000, -0.000000000000000000 ) ) ;
#3962 = CARTESIAN_POINT ( 'NONE',  ( 0.9700000000000006395, -1.562049935181331506, -1.600000000000000311 ) ) ;
#3963 = ADVANCED_FACE ( 'NONE', ( #3716 ), #4375, .F. ) ;
#3964 = EDGE_CURVE ( 'NONE', #1525, #1481, #915, .T. ) ;
#3965 = ORIENTED_EDGE ( 'NONE', *, *, #2077, .F. ) ;
#3966 = EDGE_LOOP ( 'NONE', ( #3681, #3614, #3363, #2515 ) ) ;
#3967 = DIRECTION ( 'NONE',  ( -0.000000000000000000, -1.000000000000000000, -0.000000000000000000 ) ) ;
#3968 = CARTESIAN_POINT ( 'NONE',  ( 0.9700000000000006395, 0.5000000000000000000, 1.450000000000000400 ) ) ;
#3969 = ADVANCED_FACE ( 'NONE', ( #356 ), #4973, .F. ) ;
#3970 = VERTEX_POINT ( 'NONE', #4614 ) ;
#3971 = DIRECTION ( 'NONE',  ( 1.000000000000000000, -0.000000000000000000, 0.000000000000000000 ) ) ;
#3972 = CARTESIAN_POINT ( 'NONE',  ( -1.870000000000000329, 0.000000000000000000, 0.9462562514124843727 ) ) ;
#3973 = FACE_OUTER_BOUND ( 'NONE', #4187, .T. ) ;
#3974 = EDGE_CURVE ( 'NONE', #2586, #2573, #2264, .T. ) ;
#3975 = VERTEX_POINT ( 'NONE', #1530 ) ;
#3976 = CARTESIAN_POINT ( 'NONE',  ( -1.870000000000000551, 0.01000000000000000021, 0.000000000000000000 ) ) ;
#3977 = DIRECTION ( 'NONE',  ( 0.000000000000000000, 1.000000000000000000, 0.000000000000000000 ) ) ;
#3978 = DIRECTION ( 'NONE',  ( 0.000000000000000000, -0.000000000000000000, 1.000000000000000000 ) ) ;
#3979 = ORIENTED_EDGE ( 'NONE', *, *, #1380, .F. ) ;
#3980 = CIRCLE ( 'NONE', #757, 0.2000000000000003164 ) ;
#3981 = ORIENTED_EDGE ( 'NONE', *, *, #666, .F. ) ;
#3982 = AXIS2_PLACEMENT_3D ( 'NONE', #2215, #3546, #1910 ) ;
#3983 = EDGE_LOOP ( 'NONE', ( #3946, #2972, #3832, #4707, #4779, #4094, #416 ) ) ;
#3984 = CARTESIAN_POINT ( 'NONE',  ( 1.570000000000000284, 0.5000000000000000000, 1.600000000000000533 ) ) ;
#3985 = CARTESIAN_POINT ( 'NONE',  ( -0.6700000000000000400, -1.562049935181331506, 1.599999999999999867 ) ) ;
#3986 = CARTESIAN_POINT ( 'NONE',  ( -2.500000000000000000, 1.100000000000000089, 1.599999999999998979 ) ) ;
#3987 = VECTOR ( 'NONE', #4325, 1000.000000000000000 ) ;
#3988 = ORIENTED_EDGE ( 'NONE', *, *, #3194, .T. ) ;
#3989 = LINE ( 'NONE', #1321, #358 ) ;
#3990 = VERTEX_POINT ( 'NONE', #1424 ) ;
#3991 = EDGE_CURVE ( 'NONE', #4119, #2752, #2211, .T. ) ;
#3992 = DIRECTION ( 'NONE',  ( -0.000000000000000000, -1.000000000000000000, -0.000000000000000000 ) ) ;
#3994 = STYLED_ITEM ( 'NONE', ( #2339 ), #1496 ) ;
#3993 = DIRECTION ( 'NONE',  ( 0.000000000000000000, 0.000000000000000000, -1.000000000000000000 ) ) ;
#3995 = LINE ( 'NONE', #86, #4993 ) ;
#3996 = EDGE_LOOP ( 'NONE', ( #4565, #4821, #4711, #2122 ) ) ;
#3997 = PRESENTATION_LAYER_ASSIGNMENT (  '', '', ( #1267 ) ) ;
#3998 = CARTESIAN_POINT ( 'NONE',  ( 0.8200000000000003952, 1.100000000000000089, -1.600000000000000311 ) ) ;
#3999 = DIRECTION ( 'NONE',  ( -0.000000000000000000, 0.000000000000000000, -1.000000000000000000 ) ) ;
#4000 = VECTOR ( 'NONE', #2027, 1000.000000000000000 ) ;
#4001 = VECTOR ( 'NONE', #2610, 1000.000000000000000 ) ;
#4002 = ORIENTED_EDGE ( 'NONE', *, *, #835, .T. ) ;
#4003 = CIRCLE ( 'NONE', #615, 0.1499999999999999667 ) ;
#4004 = AXIS2_PLACEMENT_3D ( 'NONE', #3984, #2134, #196 ) ;
#4005 = EDGE_CURVE ( 'NONE', #3906, #1644, #655, .T. ) ;
#4006 = DIRECTION ( 'NONE',  ( 0.000000000000000000, 0.000000000000000000, -1.000000000000000000 ) ) ;
#4007 = FACE_OUTER_BOUND ( 'NONE', #4672, .T. ) ;
#4008 = CARTESIAN_POINT ( 'NONE',  ( 1.719999999999999751, -1.562049935181331506, 0.6000000000000006439 ) ) ;
#4009 = ORIENTED_EDGE ( 'NONE', *, *, #3013, .T. ) ;
#4010 = VECTOR ( 'NONE', #3216, 1000.000000000000000 ) ;
#4011 = VECTOR ( 'NONE', #1034, 1000.000000000000000 ) ;
#4012 = ORIENTED_EDGE ( 'NONE', *, *, #4678, .T. ) ;
#4013 = EDGE_CURVE ( 'NONE', #5015, #1209, #4914, .T. ) ;
#4014 = AXIS2_PLACEMENT_3D ( 'NONE', #4028, #1258, #2124 ) ;
#4015 = LINE ( 'NONE', #125, #2326 ) ;
#4016 = FACE_OUTER_BOUND ( 'NONE', #1301, .T. ) ;
#4017 = DIRECTION ( 'NONE',  ( -0.000000000000000000, 0.000000000000000000, -1.000000000000000000 ) ) ;
#4018 = ORIENTED_EDGE ( 'NONE', *, *, #4758, .T. ) ;
#4019 = FACE_OUTER_BOUND ( 'NONE', #2740, .T. ) ;
#4020 = ORIENTED_EDGE ( 'NONE', *, *, #4911, .F. ) ;
#4021 = DIRECTION ( 'NONE',  ( 0.000000000000000000, 0.000000000000000000, -1.000000000000000000 ) ) ;
#4022 = LINE ( 'NONE', #4852, #135 ) ;
#4023 = CYLINDRICAL_SURFACE ( 'NONE', #2165, 0.1499999999999999667 ) ;
#4024 = AXIS2_PLACEMENT_3D ( 'NONE', #4057, #2451, #2053 ) ;
#4025 = EDGE_CURVE ( 'NONE', #3518, #4633, #297, .T. ) ;
#4026 = ORIENTED_EDGE ( 'NONE', *, *, #4477, .T. ) ;
#4027 = DIRECTION ( 'NONE',  ( -0.000000000000000000, -1.000000000000000000, -0.000000000000000000 ) ) ;
#4028 = CARTESIAN_POINT ( 'NONE',  ( -1.570000000000000284, 0.5000000000000000000, 1.600000000000000533 ) ) ;
#4029 =( LENGTH_UNIT ( ) NAMED_UNIT ( * ) SI_UNIT ( .MILLI., .METRE. ) );
#4030 = ADVANCED_FACE ( 'NONE', ( #1094 ), #281, .F. ) ;
#4031 = ORIENTED_EDGE ( 'NONE', *, *, #4543, .F. ) ;
#4032 = FACE_OUTER_BOUND ( 'NONE', #3459, .T. ) ;
#4033 = DIRECTION ( 'NONE',  ( -1.000000000000000000, -0.000000000000000000, 2.539877274133561294E-16 ) ) ;
#4034 = FACE_OUTER_BOUND ( 'NONE', #1399, .T. ) ;
#4035 = CARTESIAN_POINT ( 'NONE',  ( 2.500000000000000000, 1.100000000000000089, -0.6999999999999998446 ) ) ;
#4036 = ORIENTED_EDGE ( 'NONE', *, *, #739, .F. ) ;
#4037 = EDGE_CURVE ( 'NONE', #2612, #4052, #3366, .T. ) ;
#4038 = VERTEX_POINT ( 'NONE', #3736 ) ;
#4039 = PLANE ( 'NONE',  #3128 ) ;
#4040 = PLANE ( 'NONE',  #1573 ) ;
#4041 = LINE ( 'NONE', #2555, #1924 ) ;
#4042 = EDGE_CURVE ( 'NONE', #4371, #404, #3284, .T. ) ;
#4043 = ORIENTED_EDGE ( 'NONE', *, *, #3010, .T. ) ;
#4044 = CARTESIAN_POINT ( 'NONE',  ( 2.500000000000000000, 0.000000000000000000, 0.2999999999999996558 ) ) ;
#4045 = ORIENTED_EDGE ( 'NONE', *, *, #3242, .T. ) ;
#4046 = DIRECTION ( 'NONE',  ( -1.000000000000000000, 0.000000000000000000, 1.445602896647333395E-15 ) ) ;
#4047 = DIRECTION ( 'NONE',  ( 0.000000000000000000, -0.000000000000000000, 1.000000000000000000 ) ) ;
#4048 = CARTESIAN_POINT ( 'NONE',  ( 2.099999999999999201, 1.110000000000000098, -1.600000000000000311 ) ) ;
#4049 = ORIENTED_EDGE ( 'NONE', *, *, #3913, .F. ) ;
#4050 = FACE_OUTER_BOUND ( 'NONE', #3726, .T. ) ;
#4051 = PLANE ( 'NONE',  #308 ) ;
#4052 = VERTEX_POINT ( 'NONE', #4929 ) ;
#4053 = DIRECTION ( 'NONE',  ( 0.000000000000000000, 0.000000000000000000, -1.000000000000000000 ) ) ;
#4054 = DIRECTION ( 'NONE',  ( 1.000000000000000000, -0.000000000000000000, 0.000000000000000000 ) ) ;
#4055 = EDGE_CURVE ( 'NONE', #4840, #1194, #4589, .T. ) ;
#4056 = DIRECTION ( 'NONE',  ( -1.000000000000000000, -0.000000000000000000, 0.000000000000000000 ) ) ;
#4057 = CARTESIAN_POINT ( 'NONE',  ( -2.500000000000000000, 1.100000000000000089, -0.4999999999999989453 ) ) ;
#4058 = ADVANCED_FACE ( 'NONE', ( #3032 ), #2313, .F. ) ;
#4059 = VERTEX_POINT ( 'NONE', #3835 ) ;
#4060 = CIRCLE ( 'NONE', #2060, 0.1499999999999997446 ) ;
#4061 = EDGE_CURVE ( 'NONE', #3, #4553, #1473, .T. ) ;
#4062 = FACE_OUTER_BOUND ( 'NONE', #249, .T. ) ;
#4063 = CARTESIAN_POINT ( 'NONE',  ( 1.719999999999999973, 1.100000000000000089, 1.599999999999999645 ) ) ;
#4064 = AXIS2_PLACEMENT_3D ( 'NONE', #556, #101, #2058 ) ;
#4065 = VECTOR ( 'NONE', #3469, 1000.000000000000000 ) ;
#4066 = CARTESIAN_POINT ( 'NONE',  ( -1.523743748587508273, 0.5000000000000000000, 0.6000000000000005329 ) ) ;
#4067 = ORIENTED_EDGE ( 'NONE', *, *, #1230, .F. ) ;
#4068 = EDGE_CURVE ( 'NONE', #290, #4367, #2635, .T. ) ;
#4069 = DIRECTION ( 'NONE',  ( -1.445602896647333395E-15, 0.000000000000000000, -1.000000000000000000 ) ) ;
#4070 = CARTESIAN_POINT ( 'NONE',  ( -0.6700000000000000400, 0.000000000000000000, -1.600000000000000089 ) ) ;
#4071 = CARTESIAN_POINT ( 'NONE',  ( -2.500000000000000000, 0.000000000000000000, -0.4999999999999989453 ) ) ;
#4072 = VECTOR ( 'NONE', #819, 1000.000000000000000 ) ;
#4073 = ORIENTED_EDGE ( 'NONE', *, *, #1042, .T. ) ;
#4074 = LINE ( 'NONE', #612, #1334 ) ;
#4075 = DIRECTION ( 'NONE',  ( 1.000000000000000000, 0.000000000000000000, -2.539877274133561294E-16 ) ) ;
#4076 = CARTESIAN_POINT ( 'NONE',  ( -0.9700000000000006395, 1.100000000000000089, -1.600000000000000533 ) ) ;
#4077 = EDGE_LOOP ( 'NONE', ( #2091, #3223, #3888, #105 ) ) ;
#4078 = DIRECTION ( 'NONE',  ( 0.000000000000000000, -0.000000000000000000, 1.000000000000000000 ) ) ;
#4079 = CARTESIAN_POINT ( 'NONE',  ( -0.6700000000000000400, 1.100000000000000089, -1.600000000000000089 ) ) ;
#4080 = AXIS2_PLACEMENT_3D ( 'NONE', #1408, #1363, #77 ) ;
#4081 = LINE ( 'NONE', #1848, #4760 ) ;
#4082 = LINE ( 'NONE', #1875, #1133 ) ;
#4083 = VECTOR ( 'NONE', #5002, 1000.000000000000000 ) ;
#4084 = ORIENTED_EDGE ( 'NONE', *, *, #4874, .F. ) ;
#4085 = AXIS2_PLACEMENT_3D ( 'NONE', #1307, #4830, #4075 ) ;
#4086 = ADVANCED_FACE ( 'NONE', ( #713 ), #1883, .F. ) ;
#4087 = VECTOR ( 'NONE', #1760, 1000.000000000000000 ) ;
#4088 = FACE_OUTER_BOUND ( 'NONE', #171, .T. ) ;
#4089 = LINE ( 'NONE', #3003, #3659 ) ;
#4091 = VECTOR ( 'NONE', #4265, 1000.000000000000000 ) ;
#4090 = DIRECTION ( 'NONE',  ( 0.000000000000000000, -0.000000000000000000, 1.000000000000000000 ) ) ;
#4092 = VECTOR ( 'NONE', #94, 1000.000000000000000 ) ;
#4093 = DIRECTION ( 'NONE',  ( 1.000000000000000000, 0.000000000000000000, -0.000000000000000000 ) ) ;
#4094 = ORIENTED_EDGE ( 'NONE', *, *, #123, .F. ) ;
#4095 = DIRECTION ( 'NONE',  ( -1.000000000000000000, 0.000000000000000000, 3.614007241618350743E-16 ) ) ;
#4096 = FACE_OUTER_BOUND ( 'NONE', #24, .T. ) ;
#4097 = DIRECTION ( 'NONE',  ( 0.000000000000000000, -0.000000000000000000, -1.000000000000000000 ) ) ;
#4098 = EDGE_CURVE ( 'NONE', #4568, #2481, #4196, .T. ) ;
#4099 = ORIENTED_EDGE ( 'NONE', *, *, #1265, .T. ) ;
#4100 = DIRECTION ( 'NONE',  ( -1.084202172485504927E-16, -0.000000000000000000, -1.000000000000000000 ) ) ;
#4101 = EDGE_CURVE ( 'NONE', #3647, #5016, #736, .T. ) ;
#4102 = CIRCLE ( 'NONE', #2349, 0.1499999999999999667 ) ;
#4103 = DIRECTION ( 'NONE',  ( -0.000000000000000000, 0.000000000000000000, -1.000000000000000000 ) ) ;
#4104 = SURFACE_SIDE_STYLE ('',( #2296 ) ) ;
#4105 = DIRECTION ( 'NONE',  ( 1.000000000000000000, 0.000000000000000000, -0.000000000000000000 ) ) ;
#4106 = DIRECTION ( 'NONE',  ( -4.336808689942019708E-16, 0.000000000000000000, -1.000000000000000000 ) ) ;
#4107 = EDGE_LOOP ( 'NONE', ( #4155, #565, #1599, #2521 ) ) ;
#4108 = FACE_OUTER_BOUND ( 'NONE', #962, .T. ) ;
#4109 = FACE_OUTER_BOUND ( 'NONE', #129, .T. ) ;
#4110 = CARTESIAN_POINT ( 'NONE',  ( -0.6700000000000001510, 0.000000000000000000, 0.6000000000000003109 ) ) ;
#4111 = ADVANCED_FACE ( 'NONE', ( #80 ), #4742, .F. ) ;
#4112 = LINE ( 'NONE', #2607, #3914 ) ;
#4113 = ORIENTED_EDGE ( 'NONE', *, *, #81, .F. ) ;
#4114 = CARTESIAN_POINT ( 'NONE',  ( 1.870000000000000551, 0.000000000000000000, 0.000000000000000000 ) ) ;
#4115 = DIRECTION ( 'NONE',  ( -0.000000000000000000, -1.000000000000000000, -0.000000000000000000 ) ) ;
#4116 = CARTESIAN_POINT ( 'NONE',  ( 1.570000000000000506, -1.562049935181331506, -1.450000000000000844 ) ) ;
#4117 = ADVANCED_FACE ( 'NONE', ( #890 ), #2770, .F. ) ;
#4118 = LINE ( 'NONE', #1901, #2729 ) ;
#4119 = VERTEX_POINT ( 'NONE', #1170 ) ;
#4120 = CARTESIAN_POINT ( 'NONE',  ( 2.099999999999999201, 1.300000000000000044, 1.200000000000000844 ) ) ;
#4121 = ORIENTED_EDGE ( 'NONE', *, *, #584, .T. ) ;
#4122 = EDGE_CURVE ( 'NONE', #4214, #4291, #1554, .T. ) ;
#4123 = CARTESIAN_POINT ( 'NONE',  ( -1.870000000000000329, 0.000000000000000000, 0.000000000000000000 ) ) ;
#4124 = ORIENTED_EDGE ( 'NONE', *, *, #2023, .F. ) ;
#4125 = ORIENTED_EDGE ( 'NONE', *, *, #1486, .F. ) ;
#4126 = DIRECTION ( 'NONE',  ( 0.000000000000000000, -0.000000000000000000, 1.000000000000000000 ) ) ;
#4127 = DIRECTION ( 'NONE',  ( -0.000000000000000000, -1.000000000000000000, -0.000000000000000000 ) ) ;
#4128 = EDGE_CURVE ( 'NONE', #3809, #1178, #1271, .T. ) ;
#4129 = DIRECTION ( 'NONE',  ( -3.316902608485481668E-16, 0.000000000000000000, 1.000000000000000000 ) ) ;
#4130 =( NAMED_UNIT ( * ) SI_UNIT ( $, .STERADIAN. ) SOLID_ANGLE_UNIT ( ) );
#4131 = ORIENTED_EDGE ( 'NONE', *, *, #4795, .T. ) ;
#4132 = ORIENTED_EDGE ( 'NONE', *, *, #2110, .F. ) ;
#4133 = DIRECTION ( 'NONE',  ( 0.000000000000000000, 0.000000000000000000, -1.000000000000000000 ) ) ;
#4134 = CARTESIAN_POINT ( 'NONE',  ( 0.9700000000000004174, 1.100000000000000089, 1.450000000000000400 ) ) ;
#4135 = CARTESIAN_POINT ( 'NONE',  ( 2.499999999999997780, 1.100000000000000089, -1.200000000000000400 ) ) ;
#4136 = ORIENTED_EDGE ( 'NONE', *, *, #75, .F. ) ;
#4137 = DIRECTION ( 'NONE',  ( 0.000000000000000000, 1.000000000000000000, 0.000000000000000000 ) ) ;
#4138 = AXIS2_PLACEMENT_3D ( 'NONE', #3158, #2879, #145 ) ;
#4139 = EDGE_LOOP ( 'NONE', ( #891, #2941, #1152, #1911 ) ) ;
#4140 = PLANE ( 'NONE',  #3921 ) ;
#4141 = CARTESIAN_POINT ( 'NONE',  ( 2.099999999999999201, 1.109999999999999876, -1.200000000000000400 ) ) ;
#4142 = VECTOR ( 'NONE', #4725, 1000.000000000000000 ) ;
#4143 = ORIENTED_EDGE ( 'NONE', *, *, #2422, .F. ) ;
#4144 = DIRECTION ( 'NONE',  ( 1.000000000000000000, 0.000000000000000000, -0.000000000000000000 ) ) ;
#4145 = ORIENTED_EDGE ( 'NONE', *, *, #2198, .T. ) ;
#4146 = CIRCLE ( 'NONE', #2544, 0.1499999999999997446 ) ;
#4147 = LINE ( 'NONE', #3273, #4909 ) ;
#4148 = ORIENTED_EDGE ( 'NONE', *, *, #29, .T. ) ;
#4149 = EDGE_CURVE ( 'NONE', #4789, #3579, #701, .T. ) ;
#4150 = DIRECTION ( 'NONE',  ( 1.000000000000000000, 0.000000000000000000, -0.000000000000000000 ) ) ;
#4151 = DIRECTION ( 'NONE',  ( 1.000000000000000000, -0.000000000000000000, 0.000000000000000000 ) ) ;
#4152 = DIRECTION ( 'NONE',  ( 0.000000000000000000, 0.000000000000000000, 1.000000000000000000 ) ) ;
#4153 = LINE ( 'NONE', #4467, #3214 ) ;
#4154 = VECTOR ( 'NONE', #1043, 1000.000000000000000 ) ;
#4155 = ORIENTED_EDGE ( 'NONE', *, *, #430, .F. ) ;
#4156 = EDGE_CURVE ( 'NONE', #1627, #3802, #4422, .T. ) ;
#4157 = LINE ( 'NONE', #2658, #2166 ) ;
#4158 = DIRECTION ( 'NONE',  ( -1.000000000000000000, 0.000000000000000000, 1.301042606982605321E-16 ) ) ;
#4159 = LINE ( 'NONE', #1899, #73 ) ;
#4160 = VECTOR ( 'NONE', #1252, 1000.000000000000000 ) ;
#4161 = AXIS2_PLACEMENT_3D ( 'NONE', #508, #3967, #4021 ) ;
#4162 = VERTEX_POINT ( 'NONE', #2745 ) ;
#4163 = EDGE_CURVE ( 'NONE', #3625, #1178, #1246, .T. ) ;
#4164 = FACE_OUTER_BOUND ( 'NONE', #1091, .T. ) ;
#4165 = AXIS2_PLACEMENT_3D ( 'NONE', #608, #2919, #235 ) ;
#4166 = CIRCLE ( 'NONE', #141, 0.2000000000000003164 ) ;
#4167 = EDGE_LOOP ( 'NONE', ( #770, #262, #4121, #2467 ) ) ;
#4168 = CARTESIAN_POINT ( 'NONE',  ( 0.000000000000000000, 0.000000000000000000, 0.6000000000000003109 ) ) ;
#4169 = CARTESIAN_POINT ( 'NONE',  ( -0.8200000000000005063, 3.703513695928269733, -1.600000000000000311 ) ) ;
#4170 = DIRECTION ( 'NONE',  ( 0.000000000000000000, 1.000000000000000000, 0.000000000000000000 ) ) ;
#4171 = AXIS2_PLACEMENT_3D ( 'NONE', #1200, #4297, #816 ) ;
#4172 = VECTOR ( 'NONE', #1600, 1000.000000000000000 ) ;
#4173 = ORIENTED_EDGE ( 'NONE', *, *, #3395, .T. ) ;
#4174 = CARTESIAN_POINT ( 'NONE',  ( 2.299999999999998046, 1.109999999999999876, 1.200000000000000844 ) ) ;
#4175 = ORIENTED_EDGE ( 'NONE', *, *, #629, .F. ) ;
#4176 = VECTOR ( 'NONE', #4443, 1000.000000000000000 ) ;
#4177 = DIRECTION ( 'NONE',  ( 0.000000000000000000, 1.000000000000000000, 0.000000000000000000 ) ) ;
#4178 = VERTEX_POINT ( 'NONE', #4717 ) ;
#4179 = EDGE_CURVE ( 'NONE', #315, #2458, #2418, .T. ) ;
#4180 = ORIENTED_EDGE ( 'NONE', *, *, #1969, .F. ) ;
#4181 = LINE ( 'NONE', #321, #2062 ) ;
#4182 = LINE ( 'NONE', #2250, #3917 ) ;
#4183 =( NAMED_UNIT ( * ) SI_UNIT ( $, .STERADIAN. ) SOLID_ANGLE_UNIT ( ) );
#4184 = DIRECTION ( 'NONE',  ( 1.000000000000000000, 0.000000000000000000, -4.336808689942019708E-16 ) ) ;
#4185 = EDGE_CURVE ( 'NONE', #4489, #3, #221, .T. ) ;
#4186 = VECTOR ( 'NONE', #644, 1000.000000000000000 ) ;
#4187 = EDGE_LOOP ( 'NONE', ( #2625, #143, #4012, #4073, #4243, #467, #4389, #1130 ) ) ;
#4188 = CIRCLE ( 'NONE', #240, 0.1999999999999996503 ) ;
#4189 = PLANE ( 'NONE',  #217 ) ;
#4190 = CARTESIAN_POINT ( 'NONE',  ( 0.9700000000000003064, 1.100000000000000089, 1.450000000000000400 ) ) ;
#4191 = EDGE_CURVE ( 'NONE', #3579, #3625, #1987, .T. ) ;
#4192 = EDGE_LOOP ( 'NONE', ( #624, #3227, #1088, #3965 ) ) ;
#4193 = DIRECTION ( 'NONE',  ( 0.000000000000000000, 0.000000000000000000, -1.000000000000000000 ) ) ;
#4194 = ORIENTED_EDGE ( 'NONE', *, *, #1538, .T. ) ;
#4195 = DIRECTION ( 'NONE',  ( 0.000000000000000000, 0.000000000000000000, -1.000000000000000000 ) ) ;
#4196 = LINE ( 'NONE', #3339, #2650 ) ;
#4197 = ADVANCED_FACE ( 'NONE', ( #2819 ), #461, .F. ) ;
#4198 = ORIENTED_EDGE ( 'NONE', *, *, #748, .T. ) ;
#4199 = DIRECTION ( 'NONE',  ( -0.000000000000000000, -1.000000000000000000, -0.000000000000000000 ) ) ;
#4200 = ORIENTED_EDGE ( 'NONE', *, *, #904, .F. ) ;
#4201 = DIRECTION ( 'NONE',  ( -0.000000000000000000, -1.000000000000000000, 0.000000000000000000 ) ) ;
#4202 = EDGE_LOOP ( 'NONE', ( #76, #494, #2831, #3118 ) ) ;
#4203 = ORIENTED_EDGE ( 'NONE', *, *, #493, .F. ) ;
#4204 = LINE ( 'NONE', #1846, #3738 ) ;
#4205 = DIRECTION ( 'NONE',  ( 0.000000000000000000, 0.000000000000000000, -1.000000000000000000 ) ) ;
#4206 = CARTESIAN_POINT ( 'NONE',  ( -1.570000000000000284, 0.5000000000000000000, -0.6000000000000003109 ) ) ;
#4207 = DIRECTION ( 'NONE',  ( 0.000000000000000000, 0.000000000000000000, 1.000000000000000000 ) ) ;
#4208 = ORIENTED_EDGE ( 'NONE', *, *, #1474, .T. ) ;
#4209 = EDGE_CURVE ( 'NONE', #617, #716, #3517, .T. ) ;
#4210 = SURFACE_STYLE_FILL_AREA ( #805 ) ;
#4211 = CARTESIAN_POINT ( 'NONE',  ( 2.099999999999999201, 1.109999999999999876, -1.400000000000000133 ) ) ;
#4212 = FACE_OUTER_BOUND ( 'NONE', #1976, .T. ) ;
#4213 = CARTESIAN_POINT ( 'NONE',  ( -1.719999999999999751, 1.100000000000000089, 1.600000000000000089 ) ) ;
#4214 = VERTEX_POINT ( 'NONE', #28 ) ;
#4215 = CARTESIAN_POINT ( 'NONE',  ( -0.9700000000000006395, 0.5000000000000000000, -1.450000000000000400 ) ) ;
#4216 = ORIENTED_EDGE ( 'NONE', *, *, #2503, .T. ) ;
#4217 = CARTESIAN_POINT ( 'NONE',  ( 0.6700000000000001510, 0.5000000000000000000, -0.6000000000000003109 ) ) ;
#4218 = DIRECTION ( 'NONE',  ( 0.000000000000000000, 0.000000000000000000, -1.000000000000000000 ) ) ;
#4219 = ORIENTED_EDGE ( 'NONE', *, *, #3762, .F. ) ;
#4220 = AXIS2_PLACEMENT_3D ( 'NONE', #958, #4386, #4006 ) ;
#4221 = EDGE_CURVE ( 'NONE', #2671, #3494, #4697, .T. ) ;
#4222 = CARTESIAN_POINT ( 'NONE',  ( -0.9700000000000006395, 0.5000000000000000000, -1.600000000000000533 ) ) ;
#4223 = ORIENTED_EDGE ( 'NONE', *, *, #2400, .T. ) ;
#4224 = DIRECTION ( 'NONE',  ( -0.000000000000000000, -1.000000000000000000, -0.000000000000000000 ) ) ;
#4225 = AXIS2_PLACEMENT_3D ( 'NONE', #664, #3376, #690 ) ;
#4226 = ORIENTED_EDGE ( 'NONE', *, *, #3522, .T. ) ;
#4227 = ORIENTED_EDGE ( 'NONE', *, *, #3944, .F. ) ;
#4228 = EDGE_CURVE ( 'NONE', #4981, #1062, #3113, .T. ) ;
#4229 = PLANE ( 'NONE',  #1824 ) ;
#4230 = CIRCLE ( 'NONE', #926, 0.3999999999999999667 ) ;
#4231 = DIRECTION ( 'NONE',  ( -0.000000000000000000, -1.000000000000000000, -0.000000000000000000 ) ) ;
#4232 = FACE_OUTER_BOUND ( 'NONE', #4637, .T. ) ;
#4233 = CARTESIAN_POINT ( 'NONE',  ( -0.8200000000000006173, 0.5000000000000000000, 1.600000000000000089 ) ) ;
#4234 = VECTOR ( 'NONE', #3764, 1000.000000000000000 ) ;
#4235 = ORIENTED_EDGE ( 'NONE', *, *, #4561, .F. ) ;
#4236 = ORIENTED_EDGE ( 'NONE', *, *, #4309, .F. ) ;
#4237 = DIRECTION ( 'NONE',  ( 0.000000000000000000, 1.000000000000000000, 0.000000000000000000 ) ) ;
#4238 = CARTESIAN_POINT ( 'NONE',  ( -1.870000000000000329, 0.000000000000000000, 0.9462562514124842616 ) ) ;
#4239 = VERTEX_POINT ( 'NONE', #3912 ) ;
#4240 = ADVANCED_FACE ( 'NONE', ( #4665 ), #2039, .F. ) ;
#4241 = ORIENTED_EDGE ( 'NONE', *, *, #584, .F. ) ;
#4242 = FACE_OUTER_BOUND ( 'NONE', #3069, .T. ) ;
#4243 = ORIENTED_EDGE ( 'NONE', *, *, #1620, .T. ) ;
#4244 = DIRECTION ( 'NONE',  ( 0.000000000000000000, 0.000000000000000000, 1.000000000000000000 ) ) ;
#4246 = AXIS2_PLACEMENT_3D ( 'NONE', #2665, #3008, #4195 ) ;
#4245 = DIRECTION ( 'NONE',  ( -1.000000000000000000, -0.000000000000000000, 2.539877274133561294E-16 ) ) ;
#4247 = EDGE_CURVE ( 'NONE', #1881, #1618, #1938, .T. ) ;
#4248 = VECTOR ( 'NONE', #1124, 1000.000000000000000 ) ;
#4249 = ORIENTED_EDGE ( 'NONE', *, *, #540, .F. ) ;
#4250 = VECTOR ( 'NONE', #3285, 1000.000000000000000 ) ;
#4251 = CARTESIAN_POINT ( 'NONE',  ( 1.870000000000000551, 1.100000000000000089, -1.600000000000000533 ) ) ;
#4252 = ORIENTED_EDGE ( 'NONE', *, *, #1921, .T. ) ;
#4253 = DIRECTION ( 'NONE',  ( -0.000000000000000000, -1.000000000000000000, -0.000000000000000000 ) ) ;
#4254 = AXIS2_PLACEMENT_3D ( 'NONE', #3962, #1581, #3542 ) ;
#4255 = ORIENTED_EDGE ( 'NONE', *, *, #3124, .F. ) ;
#4256 = EDGE_CURVE ( 'NONE', #3281, #4783, #5, .T. ) ;
#4257 = ORIENTED_EDGE ( 'NONE', *, *, #4377, .F. ) ;
#4258 = DIRECTION ( 'NONE',  ( 0.000000000000000000, 0.000000000000000000, -1.000000000000000000 ) ) ;
#4259 = VECTOR ( 'NONE', #2292, 1000.000000000000000 ) ;
#4260 = CARTESIAN_POINT ( 'NONE',  ( -0.6700000000000001510, 0.01000000000000002623, -0.6000000000000003109 ) ) ;
#4261 =( LENGTH_UNIT ( ) NAMED_UNIT ( * ) SI_UNIT ( .MILLI., .METRE. ) );
#4262 = EDGE_CURVE ( 'NONE', #2671, #804, #2891, .T. ) ;
#4263 = ORIENTED_EDGE ( 'NONE', *, *, #3746, .F. ) ;
#4264 = FILL_AREA_STYLE_COLOUR ( '', #1816 ) ;
#4265 = DIRECTION ( 'NONE',  ( 1.000000000000000000, -0.000000000000000000, 2.710505431213761085E-16 ) ) ;
#4266 = FACE_OUTER_BOUND ( 'NONE', #2126, .T. ) ;
#4267 = VECTOR ( 'NONE', #4607, 1000.000000000000000 ) ;
#4268 = EDGE_LOOP ( 'NONE', ( #2453, #4274, #1588, #33 ) ) ;
#4269 = VERTEX_POINT ( 'NONE', #1343 ) ;
#4270 = ORIENTED_EDGE ( 'NONE', *, *, #4495, .F. ) ;
#4271 = CARTESIAN_POINT ( 'NONE',  ( -2.100000000000000089, 1.300000000000000044, 1.400000000000000799 ) ) ;
#4272 = CARTESIAN_POINT ( 'NONE',  ( 0.000000000000000000, 0.000000000000000000, 1.600000000000000533 ) ) ;
#4273 = CARTESIAN_POINT ( 'NONE',  ( 0.8200000000000005063, -3.203513695928269733, -1.599999999999999867 ) ) ;
#4274 = ORIENTED_EDGE ( 'NONE', *, *, #1615, .T. ) ;
#4275 = CARTESIAN_POINT ( 'NONE',  ( -2.299999999999999822, 1.100000000000000089, -1.599999999999999867 ) ) ;
#4276 = VERTEX_POINT ( 'NONE', #602 ) ;
#4277 = ADVANCED_FACE ( 'NONE', ( #936 ), #4868, .F. ) ;
#4278 = FACE_OUTER_BOUND ( 'NONE', #2197, .T. ) ;
#4279 = ORIENTED_EDGE ( 'NONE', *, *, #3755, .T. ) ;
#4280 = EDGE_LOOP ( 'NONE', ( #243, #2029, #3817, #285 ) ) ;
#4281 = CARTESIAN_POINT ( 'NONE',  ( 1.870000000000000107, 0.01000000000000001929, 0.6000000000000007550 ) ) ;
#4282 = LINE ( 'NONE', #2728, #2804 ) ;
#4283 = EDGE_CURVE ( 'NONE', #1278, #433, #1274, .T. ) ;
#4284 = CARTESIAN_POINT ( 'NONE',  ( -0.8200000000000005063, 0.01000000000000000021, 0.000000000000000000 ) ) ;
#4285 = CARTESIAN_POINT ( 'NONE',  ( 2.500000000000000000, 1.100000000000000089, -1.600000000000000533 ) ) ;
#4286 = ORIENTED_EDGE ( 'NONE', *, *, #4098, .F. ) ;
#4287 = EDGE_CURVE ( 'NONE', #2673, #3518, #4428, .T. ) ;
#4288 = VERTEX_POINT ( 'NONE', #1713 ) ;
#4289 = DIRECTION ( 'NONE',  ( -1.000000000000000000, 0.000000000000000000, 0.000000000000000000 ) ) ;
#4290 = CYLINDRICAL_SURFACE ( 'NONE', #4351, 0.1499999999999997446 ) ;
#4291 = VERTEX_POINT ( 'NONE', #2512 ) ;
#4292 = EDGE_LOOP ( 'NONE', ( #1700, #4632, #4009, #4691 ) ) ;
#4293 = SURFACE_SIDE_STYLE ('',( #2766 ) ) ;
#4294 = ORIENTED_EDGE ( 'NONE', *, *, #3075, .T. ) ;
#4295 = PLANE ( 'NONE',  #3036 ) ;
#4296 = CARTESIAN_POINT ( 'NONE',  ( 2.500000000000000000, 1.100000000000000089, 0.000000000000000000 ) ) ;
#4297 = DIRECTION ( 'NONE',  ( -0.000000000000000000, -1.000000000000000000, -0.000000000000000000 ) ) ;
#4298 = VERTEX_POINT ( 'NONE', #966 ) ;
#4299 = CARTESIAN_POINT ( 'NONE',  ( -2.500000000000000000, 1.100000000000000089, 0.000000000000000000 ) ) ;
#4300 = ORIENTED_EDGE ( 'NONE', *, *, #1720, .T. ) ;
#4301 = DIRECTION ( 'NONE',  ( 1.084202172485504927E-16, -0.000000000000000000, -1.000000000000000000 ) ) ;
#4302 = ADVANCED_FACE ( 'NONE', ( #2859 ), #3635, .F. ) ;
#4303 = ORIENTED_EDGE ( 'NONE', *, *, #4979, .F. ) ;
#4304 = PLANE ( 'NONE',  #3263 ) ;
#4305 = DIRECTION ( 'NONE',  ( 1.445602896647334381E-15, -0.000000000000000000, 1.000000000000000000 ) ) ;
#4306 = VECTOR ( 'NONE', #4989, 1000.000000000000000 ) ;
#4307 = CARTESIAN_POINT ( 'NONE',  ( -0.8200000000000005063, 0.5000000000000000000, -1.600000000000000533 ) ) ;
#4308 = CARTESIAN_POINT ( 'NONE',  ( -0.8200000000000005063, 0.01000000000000000715, -0.6000000000000003109 ) ) ;
#4309 = EDGE_CURVE ( 'NONE', #506, #408, #176, .T. ) ;
#4310 = ORIENTED_EDGE ( 'NONE', *, *, #1727, .F. ) ;
#4311 = AXIS2_PLACEMENT_3D ( 'NONE', #2818, #527, #4349 ) ;
#4312 = CARTESIAN_POINT ( 'NONE',  ( -1.523743748587508273, 0.01000000000000002623, 0.6000000000000006439 ) ) ;
#4313 = CARTESIAN_POINT ( 'NONE',  ( -1.719999999999999973, 0.01000000000000002623, -1.599999999999999867 ) ) ;
#4314 = DIRECTION ( 'NONE',  ( -0.000000000000000000, -1.000000000000000000, -0.000000000000000000 ) ) ;
#4315 = VECTOR ( 'NONE', #4487, 1000.000000000000000 ) ;
#4316 = ORIENTED_EDGE ( 'NONE', *, *, #487, .T. ) ;
#4317 = ADVANCED_FACE ( 'NONE', ( #127 ), #1735, .F. ) ;
#4318 = ORIENTED_EDGE ( 'NONE', *, *, #1549, .F. ) ;
#4319 = CYLINDRICAL_SURFACE ( 'NONE', #3350, 0.1499999999999997446 ) ;
#4320 = VERTEX_POINT ( 'NONE', #3259 ) ;
#4321 = CYLINDRICAL_SURFACE ( 'NONE', #1433, 0.1499999999999997446 ) ;
#4322 = CARTESIAN_POINT ( 'NONE',  ( -1.870000000000000551, -1.562049935181331506, -1.600000000000000311 ) ) ;
#4323 = EDGE_CURVE ( 'NONE', #1306, #1125, #4041, .T. ) ;
#4324 = ORIENTED_EDGE ( 'NONE', *, *, #1817, .F. ) ;
#4325 = DIRECTION ( 'NONE',  ( -0.000000000000000000, 0.000000000000000000, -1.000000000000000000 ) ) ;
#4326 = AXIS2_PLACEMENT_3D ( 'NONE', #3377, #3778, #4525 ) ;
#4327 = ORIENTED_EDGE ( 'NONE', *, *, #4437, .T. ) ;
#4328 = LINE ( 'NONE', #3548, #1764 ) ;
#4329 = VECTOR ( 'NONE', #1692, 1000.000000000000000 ) ;
#4330 = AXIS2_PLACEMENT_3D ( 'NONE', #838, #1936, #385 ) ;
#4331 = ORIENTED_EDGE ( 'NONE', *, *, #1158, .F. ) ;
#4332 = CARTESIAN_POINT ( 'NONE',  ( 2.099999999999999201, 1.100000000000000089, -1.200000000000000400 ) ) ;
#4333 = CARTESIAN_POINT ( 'NONE',  ( 1.719999999999999973, 3.703513695928269733, 0.6000000000000007550 ) ) ;
#4334 = VECTOR ( 'NONE', #3055, 1000.000000000000000 ) ;
#4335 = AXIS2_PLACEMENT_3D ( 'NONE', #2311, #3833, #787 ) ;
#4336 = EDGE_CURVE ( 'NONE', #3173, #732, #1114, .T. ) ;
#4337 = DIRECTION ( 'NONE',  ( -0.7071067811865561215, 0.000000000000000000, 0.7071067811865389130 ) ) ;
#4338 = AXIS2_PLACEMENT_3D ( 'NONE', #3490, #2794, #789 ) ;
#4339 = ORIENTED_EDGE ( 'NONE', *, *, #4283, .T. ) ;
#4340 = VECTOR ( 'NONE', #3347, 1000.000000000000000 ) ;
#4341 = EDGE_CURVE ( 'NONE', #3497, #3647, #2330, .T. ) ;
#4342 = CARTESIAN_POINT ( 'NONE',  ( 1.570000000000000284, 1.109999999999999876, 1.450000000000000622 ) ) ;
#4343 = LINE ( 'NONE', #1704, #874 ) ;
#4344 = CARTESIAN_POINT ( 'NONE',  ( 2.500000000000000000, 1.100000000000000089, -1.399999999999998135 ) ) ;
#4345 = ORIENTED_EDGE ( 'NONE', *, *, #3274, .F. ) ;
#4346 = EDGE_LOOP ( 'NONE', ( #2968, #2680, #4252, #2845 ) ) ;
#4347 = EDGE_CURVE ( 'NONE', #2378, #4714, #3657, .T. ) ;
#4348 = FACE_OUTER_BOUND ( 'NONE', #2331, .T. ) ;
#4349 = DIRECTION ( 'NONE',  ( 1.084202172485504927E-16, 0.000000000000000000, -1.000000000000000000 ) ) ;
#4350 = DIRECTION ( 'NONE',  ( 0.000000000000000000, 0.000000000000000000, -1.000000000000000000 ) ) ;
#4351 = AXIS2_PLACEMENT_3D ( 'NONE', #856, #4314, #3483 ) ;
#4352 = VERTEX_POINT ( 'NONE', #198 ) ;
#4353 = DIRECTION ( 'NONE',  ( 0.000000000000000000, 0.000000000000000000, -1.000000000000000000 ) ) ;
#4354 = EDGE_LOOP ( 'NONE', ( #4501, #719, #2876, #4812, #4413 ) ) ;
#4355 = EDGE_CURVE ( 'NONE', #4640, #1834, #505, .T. ) ;
#4356 = LINE ( 'NONE', #3523, #4160 ) ;
#4357 = ORIENTED_EDGE ( 'NONE', *, *, #892, .T. ) ;
#4358 = CARTESIAN_POINT ( 'NONE',  ( 1.719999999999999973, 3.703513695928269733, -1.600000000000000311 ) ) ;
#4359 = CARTESIAN_POINT ( 'NONE',  ( 0.6700000000000000400, 0.01000000000000001756, -1.600000000000000089 ) ) ;
#4360 = ORIENTED_EDGE ( 'NONE', *, *, #2221, .F. ) ;
#4361 = CARTESIAN_POINT ( 'NONE',  ( 1.870000000000000773, 0.000000000000000000, 1.600000000000000533 ) ) ;
#4362 = DIRECTION ( 'NONE',  ( -1.000000000000000000, 0.000000000000000000, 0.000000000000000000 ) ) ;
#4363 = CARTESIAN_POINT ( 'NONE',  ( 0.000000000000000000, 0.01000000000000000021, 0.6000000000000008660 ) ) ;
#4364 = VERTEX_POINT ( 'NONE', #3287 ) ;
#4365 = VERTEX_POINT ( 'NONE', #4395 ) ;
#4366 = EDGE_CURVE ( 'NONE', #2992, #3120, #2114, .T. ) ;
#4367 = VERTEX_POINT ( 'NONE', #2156 ) ;
#4368 = CARTESIAN_POINT ( 'NONE',  ( -1.523743748587508273, -1.562049935181331506, 0.6000000000000005329 ) ) ;
#4369 = CARTESIAN_POINT ( 'NONE',  ( 1.570000000000000284, 1.100000000000000089, 1.600000000000000533 ) ) ;
#4370 = DIRECTION ( 'NONE',  ( 0.000000000000000000, 0.000000000000000000, -1.000000000000000000 ) ) ;
#4371 = VERTEX_POINT ( 'NONE', #3685 ) ;
#4372 = CARTESIAN_POINT ( 'NONE',  ( -0.6700000000000000400, 0.01000000000000000021, 0.000000000000000000 ) ) ;
#4373 = ORIENTED_EDGE ( 'NONE', *, *, #3242, .F. ) ;
#4374 = CARTESIAN_POINT ( 'NONE',  ( 2.500000000000000000, 0.000000000000000000, 1.399999999999999245 ) ) ;
#4375 = CYLINDRICAL_SURFACE ( 'NONE', #1432, 0.1499999999999999667 ) ;
#4376 = LINE ( 'NONE', #3895, #1515 ) ;
#4377 = EDGE_CURVE ( 'NONE', #1205, #4371, #2088, .T. ) ;
#4378 = ORIENTED_EDGE ( 'NONE', *, *, #4975, .F. ) ;
#4379 = CARTESIAN_POINT ( 'NONE',  ( -2.500000000000000000, 1.100000000000000089, 1.399999999999998579 ) ) ;
#4380 = DIRECTION ( 'NONE',  ( -1.301042606982605321E-16, 0.000000000000000000, -1.000000000000000000 ) ) ;
#4381 = LINE ( 'NONE', #923, #4000 ) ;
#4382 = EDGE_CURVE ( 'NONE', #4752, #605, #1783, .T. ) ;
#4383 = VERTEX_POINT ( 'NONE', #2456 ) ;
#4384 = LINE ( 'NONE', #2877, #113 ) ;
#4385 = CIRCLE ( 'NONE', #2860, 0.1499999999999999667 ) ;
#4386 = DIRECTION ( 'NONE',  ( -0.000000000000000000, -1.000000000000000000, -0.000000000000000000 ) ) ;
#4387 = DIRECTION ( 'NONE',  ( -1.000000000000000000, 0.000000000000000000, 1.301042606982605321E-16 ) ) ;
#4388 = DIRECTION ( 'NONE',  ( 0.000000000000000000, 1.000000000000000000, 0.000000000000000000 ) ) ;
#4389 = ORIENTED_EDGE ( 'NONE', *, *, #2989, .T. ) ;
#4390 = AXIS2_PLACEMENT_3D ( 'NONE', #742, #3325, #4597 ) ;
#4391 = ORIENTED_EDGE ( 'NONE', *, *, #4572, .T. ) ;
#4392 = AXIS2_PLACEMENT_3D ( 'NONE', #738, #3814, #2718 ) ;
#4393 = CARTESIAN_POINT ( 'NONE',  ( 1.570000000000000284, 0.000000000000000000, 1.450000000000000622 ) ) ;
#4394 = FACE_OUTER_BOUND ( 'NONE', #2691, .T. ) ;
#4395 = CARTESIAN_POINT ( 'NONE',  ( -1.720000000000000195, 0.5000000000000000000, 0.7962562514124879032 ) ) ;
#4396 = ADVANCED_FACE ( 'NONE', ( #528 ), #4579, .F. ) ;
#4397 = AXIS2_PLACEMENT_3D ( 'NONE', #253, #1807, #2632 ) ;
#4398 = ORIENTED_EDGE ( 'NONE', *, *, #4596, .T. ) ;
#4399 = DIRECTION ( 'NONE',  ( 4.336808689942019708E-16, 0.000000000000000000, 1.000000000000000000 ) ) ;
#4400 = ORIENTED_EDGE ( 'NONE', *, *, #2761, .F. ) ;
#4401 = CARTESIAN_POINT ( 'NONE',  ( 2.099999999999999201, 7.985164807134504272, 1.200000000000000844 ) ) ;
#4402 = CARTESIAN_POINT ( 'NONE',  ( -2.300000000000000266, 1.100000000000000089, 1.600000000000000311 ) ) ;
#4403 = EDGE_CURVE ( 'NONE', #2594, #433, #2605, .T. ) ;
#4404 = CARTESIAN_POINT ( 'NONE',  ( 1.870000000000000551, -1.562049935181331506, -1.600000000000000311 ) ) ;
#4405 = ORIENTED_EDGE ( 'NONE', *, *, #1380, .T. ) ;
#4406 = VECTOR ( 'NONE', #124, 1000.000000000000000 ) ;
#4407 = LINE ( 'NONE', #4780, #3185 ) ;
#4408 = CARTESIAN_POINT ( 'NONE',  ( -1.570000000000000284, 0.5000000000000000000, -1.600000000000000755 ) ) ;
#4409 = ADVANCED_FACE ( 'NONE', ( #1086 ), #2256, .F. ) ;
#4410 = CARTESIAN_POINT ( 'NONE',  ( 0.6700000000000001510, 0.000000000000000000, 0.6000000000000005329 ) ) ;
#4411 = AXIS2_PLACEMENT_3D ( 'NONE', #1842, #1815, #3373 ) ;
#4412 = VECTOR ( 'NONE', #1472, 1000.000000000000000 ) ;
#4413 = ORIENTED_EDGE ( 'NONE', *, *, #2115, .F. ) ;
#4414 = CARTESIAN_POINT ( 'NONE',  ( 0.9700000000000006395, 1.100000000000000089, 1.600000000000000311 ) ) ;
#4415 = VECTOR ( 'NONE', #4433, 1000.000000000000000 ) ;
#4416 = AXIS2_PLACEMENT_3D ( 'NONE', #2931, #328, #2254 ) ;
#4417 = DIRECTION ( 'NONE',  ( -0.000000000000000000, -1.000000000000000000, -0.000000000000000000 ) ) ;
#4418 = EDGE_CURVE ( 'NONE', #1927, #3802, #1116, .T. ) ;
#4419 = DIRECTION ( 'NONE',  ( 1.000000000000000000, 0.000000000000000000, 0.000000000000000000 ) ) ;
#4420 = DIRECTION ( 'NONE',  ( -0.000000000000000000, -1.000000000000000000, -0.000000000000000000 ) ) ;
#4421 = ORIENTED_EDGE ( 'NONE', *, *, #2400, .F. ) ;
#4422 = CIRCLE ( 'NONE', #4171, 0.3999999999999999667 ) ;
#4423 = VECTOR ( 'NONE', #959, 1000.000000000000000 ) ;
#4424 = VERTEX_POINT ( 'NONE', #2630 ) ;
#4425 = AXIS2_PLACEMENT_3D ( 'NONE', #2446, #2872, #3176 ) ;
#4426 = CYLINDRICAL_SURFACE ( 'NONE', #4508, 0.1499999999999997446 ) ;
#4427 = PLANE ( 'NONE',  #2615 ) ;
#4428 = LINE ( 'NONE', #2837, #4087 ) ;
#4429 = VERTEX_POINT ( 'NONE', #4110 ) ;
#4430 = CARTESIAN_POINT ( 'NONE',  ( 2.500000000000000000, 0.000000000000000000, -0.2999999999999996003 ) ) ;
#4431 = VERTEX_POINT ( 'NONE', #1467 ) ;
#4432 = DIRECTION ( 'NONE',  ( 0.000000000000000000, 1.000000000000000000, 0.000000000000000000 ) ) ;
#4433 = DIRECTION ( 'NONE',  ( 0.000000000000000000, -0.000000000000000000, 1.000000000000000000 ) ) ;
#4434 = CARTESIAN_POINT ( 'NONE',  ( -0.8200000000000006173, 10.00000000000000000, -1.599999999999999867 ) ) ;
#4435 = VECTOR ( 'NONE', #4388, 1000.000000000000000 ) ;
#4436 = ORIENTED_EDGE ( 'NONE', *, *, #1390, .T. ) ;
#4437 = EDGE_CURVE ( 'NONE', #425, #4995, #4991, .T. ) ;
#4438 = EDGE_CURVE ( 'NONE', #3975, #2994, #2281, .T. ) ;
#4439 = FACE_OUTER_BOUND ( 'NONE', #991, .T. ) ;
#4440 = CARTESIAN_POINT ( 'NONE',  ( -1.570000000000000284, 0.000000000000000000, 1.450000000000000844 ) ) ;
#4441 = VECTOR ( 'NONE', #1594, 1000.000000000000000 ) ;
#4442 = EDGE_CURVE ( 'NONE', #3281, #3591, #1830, .T. ) ;
#4443 = DIRECTION ( 'NONE',  ( 0.000000000000000000, -0.000000000000000000, 1.000000000000000000 ) ) ;
#4444 = ORIENTED_EDGE ( 'NONE', *, *, #1698, .F. ) ;
#4445 = EDGE_CURVE ( 'NONE', #776, #2259, #329, .T. ) ;
#4446 = DIRECTION ( 'NONE',  ( -1.000000000000000000, 0.000000000000000000, 3.614007241618350743E-16 ) ) ;
#4447 = CARTESIAN_POINT ( 'NONE',  ( -2.299999999999999822, 1.300000000000000044, 1.200000000000000622 ) ) ;
#4448 = DIRECTION ( 'NONE',  ( 0.000000000000000000, 1.000000000000000000, 0.000000000000000000 ) ) ;
#4449 = DIRECTION ( 'NONE',  ( 0.000000000000000000, 1.000000000000000000, 0.000000000000000000 ) ) ;
#4450 = ORIENTED_EDGE ( 'NONE', *, *, #2329, .T. ) ;
#4451 = EDGE_CURVE ( 'NONE', #1779, #4470, #4102, .T. ) ;
#4452 = ORIENTED_EDGE ( 'NONE', *, *, #4790, .T. ) ;
#4453 = DIRECTION ( 'NONE',  ( 1.000000000000000000, 0.000000000000000000, -3.614007241618350743E-16 ) ) ;
#4454 = FACE_OUTER_BOUND ( 'NONE', #1001, .T. ) ;
#4455 = CARTESIAN_POINT ( 'NONE',  ( -0.6700000000000000400, 0.5000000000000000000, 1.599999999999999867 ) ) ;
#4456 = DIRECTION ( 'NONE',  ( -1.000000000000000000, 0.000000000000000000, -1.084202172485504927E-16 ) ) ;
#4457 = ORIENTED_EDGE ( 'NONE', *, *, #4511, .T. ) ;
#4458 = DIRECTION ( 'NONE',  ( 0.000000000000000000, 0.000000000000000000, 1.000000000000000000 ) ) ;
#4459 = DIRECTION ( 'NONE',  ( 0.000000000000000000, -1.000000000000000000, 0.000000000000000000 ) ) ;
#4460 = DIRECTION ( 'NONE',  ( -1.000000000000000000, 0.000000000000000000, 5.162867488026213586E-17 ) ) ;
#4461 = ORIENTED_EDGE ( 'NONE', *, *, #430, .T. ) ;
#4462 = DIRECTION ( 'NONE',  ( 0.000000000000000000, 1.000000000000000000, 0.000000000000000000 ) ) ;
#4463 = CARTESIAN_POINT ( 'NONE',  ( 0.6700000000000000400, 0.000000000000000000, -0.6000000000000003109 ) ) ;
#4464 = DIRECTION ( 'NONE',  ( -1.084202172485504927E-16, 0.000000000000000000, -1.000000000000000000 ) ) ;
#4465 = EDGE_LOOP ( 'NONE', ( #2735, #3696, #3420, #2664 ) ) ;
#4466 = SURFACE_SIDE_STYLE ('',( #218 ) ) ;
#4467 = CARTESIAN_POINT ( 'NONE',  ( -2.100000000000000089, 1.100000000000000089, 1.449999999999999289 ) ) ;
#4468 = FACE_OUTER_BOUND ( 'NONE', #4280, .T. ) ;
#4469 = EDGE_CURVE ( 'NONE', #4352, #3509, #4159, .T. ) ;
#4470 = VERTEX_POINT ( 'NONE', #729 ) ;
#4471 = VECTOR ( 'NONE', #3890, 1000.000000000000000 ) ;
#4472 = VERTEX_POINT ( 'NONE', #4135 ) ;
#4473 = LINE ( 'NONE', #4965, #1111 ) ;
#4474 = FACE_OUTER_BOUND ( 'NONE', #2461, .T. ) ;
#4475 = DIRECTION ( 'NONE',  ( 0.000000000000000000, 0.000000000000000000, -1.000000000000000000 ) ) ;
#4476 = AXIS2_PLACEMENT_3D ( 'NONE', #1392, #4891, #2182 ) ;
#4477 = EDGE_CURVE ( 'NONE', #804, #833, #2659, .T. ) ;
#4478 = AXIS2_PLACEMENT_3D ( 'NONE', #4358, #3971, #513 ) ;
#4479 = PLANE ( 'NONE',  #2875 ) ;
#4480 = EDGE_LOOP ( 'NONE', ( #179, #1583, #4932, #4864 ) ) ;
#4481 = DIRECTION ( 'NONE',  ( -1.000000000000000000, -0.000000000000000000, 0.000000000000000000 ) ) ;
#4482 = CARTESIAN_POINT ( 'NONE',  ( 0.8200000000000005063, 0.5000000000000000000, 0.6000000000000000888 ) ) ;
#4483 = ADVANCED_FACE ( 'NONE', ( #3004 ), #2953, .T. ) ;
#4484 = CARTESIAN_POINT ( 'NONE',  ( 1.719999999999999973, -1.562049935181331506, -1.600000000000000311 ) ) ;
#4485 = VECTOR ( 'NONE', #2041, 1000.000000000000000 ) ;
#4486 = ORIENTED_EDGE ( 'NONE', *, *, #989, .F. ) ;
#4487 = DIRECTION ( 'NONE',  ( -1.000000000000000000, -0.000000000000000000, 0.000000000000000000 ) ) ;
#4488 = MECHANICAL_DESIGN_GEOMETRIC_PRESENTATION_REPRESENTATION (  '', ( #3994 ), #206 ) ;
#4489 = VERTEX_POINT ( 'NONE', #627 ) ;
#4490 = FILL_AREA_STYLE_COLOUR ( '', #3678 ) ;
#4491 = AXIS2_PLACEMENT_3D ( 'NONE', #111, #4231, #2047 ) ;
#4492 = ORIENTED_EDGE ( 'NONE', *, *, #1147, .F. ) ;
#4493 = DIRECTION ( 'NONE',  ( 1.000000000000000000, 0.000000000000000000, 2.710505431213761085E-16 ) ) ;
#4494 = CARTESIAN_POINT ( 'NONE',  ( 2.099999999999999201, 7.985164807134504272, -1.400000000000000133 ) ) ;
#4495 = EDGE_CURVE ( 'NONE', #3, #2673, #650, .T. ) ;
#4496 = AXIS2_PLACEMENT_3D ( 'NONE', #355, #1069, #4950 ) ;
#4497 = PLANE ( 'NONE',  #3658 ) ;
#4498 = LINE ( 'NONE', #3724, #4011 ) ;
#4499 = SURFACE_STYLE_USAGE ( .BOTH. , #2977 ) ;
#4500 = VECTOR ( 'NONE', #2465, 1000.000000000000000 ) ;
#4501 = ORIENTED_EDGE ( 'NONE', *, *, #4013, .T. ) ;
#4502 = VECTOR ( 'NONE', #2162, 1000.000000000000000 ) ;
#4503 = EDGE_CURVE ( 'NONE', #3625, #2081, #1878, .T. ) ;
#4504 = ORIENTED_EDGE ( 'NONE', *, *, #4098, .T. ) ;
#4505 = AXIS2_PLACEMENT_3D ( 'NONE', #2933, #3611, #4475 ) ;
#4506 = DIRECTION ( 'NONE',  ( 0.000000000000000000, 0.000000000000000000, -1.000000000000000000 ) ) ;
#4508 = AXIS2_PLACEMENT_3D ( 'NONE', #2817, #3961, #2057 ) ;
#4507 = DIRECTION ( 'NONE',  ( 0.000000000000000000, 0.000000000000000000, -1.000000000000000000 ) ) ;
#4509 = VERTEX_POINT ( 'NONE', #2183 ) ;
#4510 = CIRCLE ( 'NONE', #387, 0.1499999999999997446 ) ;
#4511 = EDGE_CURVE ( 'NONE', #4429, #4630, #3711, .T. ) ;
#4512 = CARTESIAN_POINT ( 'NONE',  ( 0.000000000000000000, 0.000000000000000000, 1.450000000000000400 ) ) ;
#4513 = EDGE_LOOP ( 'NONE', ( #1671, #581, #2421, #287, #1197, #1539 ) ) ;
#4514 = DIRECTION ( 'NONE',  ( 0.000000000000000000, -0.000000000000000000, 1.000000000000000000 ) ) ;
#4515 = CARTESIAN_POINT ( 'NONE',  ( -1.870000000000000551, 1.100000000000000089, 1.600000000000000311 ) ) ;
#4516 = CARTESIAN_POINT ( 'NONE',  ( 1.570000000000000506, 0.5000000000000000000, 1.450000000000000844 ) ) ;
#4517 = FACE_OUTER_BOUND ( 'NONE', #1414, .T. ) ;
#4518 = ORIENTED_EDGE ( 'NONE', *, *, #118, .F. ) ;
#4519 = EDGE_CURVE ( 'NONE', #1887, #931, #252, .T. ) ;
#4520 = LINE ( 'NONE', #4955, #39 ) ;
#4521 = SURFACE_STYLE_FILL_AREA ( #639 ) ;
#4522 = ORIENTED_EDGE ( 'NONE', *, *, #1647, .F. ) ;
#4523 = VECTOR ( 'NONE', #1065, 1000.000000000000000 ) ;
#4524 = DIRECTION ( 'NONE',  ( 0.000000000000000000, 1.000000000000000000, 0.000000000000000000 ) ) ;
#4525 = DIRECTION ( 'NONE',  ( 1.000000000000000000, 0.000000000000000000, 3.614007241618346306E-16 ) ) ;
#4526 = CARTESIAN_POINT ( 'NONE',  ( -0.8200000000000003952, 1.100000000000000089, 1.600000000000000089 ) ) ;
#4527 = DIRECTION ( 'NONE',  ( -0.000000000000000000, 0.000000000000000000, -1.000000000000000000 ) ) ;
#4528 = CIRCLE ( 'NONE', #4692, 0.1499999999999999667 ) ;
#4529 = ORIENTED_EDGE ( 'NONE', *, *, #2621, .F. ) ;
#4530 = ORIENTED_EDGE ( 'NONE', *, *, #2922, .T. ) ;
#4531 = DIRECTION ( 'NONE',  ( -0.000000000000000000, -1.000000000000000000, -0.000000000000000000 ) ) ;
#4532 = CARTESIAN_POINT ( 'NONE',  ( 2.099999999999999201, 1.109999999999999876, -1.400000000000000133 ) ) ;
#4533 = CARTESIAN_POINT ( 'NONE',  ( -1.570000000000000284, 1.100000000000000089, 1.600000000000000755 ) ) ;
#4534 = VERTEX_POINT ( 'NONE', #1806 ) ;
#4535 = DIRECTION ( 'NONE',  ( 0.000000000000000000, 0.000000000000000000, -1.000000000000000000 ) ) ;
#4536 = CARTESIAN_POINT ( 'NONE',  ( 0.000000000000000000, 0.01000000000000000021, 0.000000000000000000 ) ) ;
#4537 = EDGE_CURVE ( 'NONE', #539, #4669, #155, .T. ) ;
#4538 = ORIENTED_EDGE ( 'NONE', *, *, #200, .T. ) ;
#4539 = CARTESIAN_POINT ( 'NONE',  ( 2.500000000000000000, 0.01000000000000002623, -1.600000000000000533 ) ) ;
#4540 = ORIENTED_EDGE ( 'NONE', *, *, #1, .F. ) ;
#4541 = LINE ( 'NONE', #4123, #4176 ) ;
#4542 = ORIENTED_EDGE ( 'NONE', *, *, #807, .T. ) ;
#4543 = EDGE_CURVE ( 'NONE', #290, #30, #1571, .T. ) ;
#4544 = ORIENTED_EDGE ( 'NONE', *, *, #16, .T. ) ;
#4545 = CARTESIAN_POINT ( 'NONE',  ( 1.719999999999999973, 1.100000000000000311, 1.600000000000000533 ) ) ;
#4546 = CARTESIAN_POINT ( 'NONE',  ( 0.000000000000000000, 0.01000000000000000021, 0.000000000000000000 ) ) ;
#4547 = CARTESIAN_POINT ( 'NONE',  ( 2.500000000000000000, 1.100000000000000089, -0.6999999999999998446 ) ) ;
#4548 = CARTESIAN_POINT ( 'NONE',  ( 2.099999999999999201, 1.100000000000000089, 1.200000000000000844 ) ) ;
#4549 = ADVANCED_FACE ( 'NONE', ( #2005 ), #4290, .F. ) ;
#4550 = DIRECTION ( 'NONE',  ( 0.000000000000000000, 1.000000000000000000, 0.000000000000000000 ) ) ;
#4551 = CARTESIAN_POINT ( 'NONE',  ( -2.100000000000000089, 1.110000000000000098, -1.200000000000000622 ) ) ;
#4552 = DIRECTION ( 'NONE',  ( 0.000000000000000000, 0.000000000000000000, -1.000000000000000000 ) ) ;
#4553 = VERTEX_POINT ( 'NONE', #751 ) ;
#4554 = PLANE ( 'NONE',  #1010 ) ;
#4555 = VECTOR ( 'NONE', #865, 1000.000000000000000 ) ;
#4556 = ORIENTED_EDGE ( 'NONE', *, *, #2552, .F. ) ;
#4557 = EDGE_CURVE ( 'NONE', #1481, #290, #2980, .T. ) ;
#4558 = DIRECTION ( 'NONE',  ( 0.000000000000000000, -0.000000000000000000, 1.000000000000000000 ) ) ;
#4559 = CARTESIAN_POINT ( 'NONE',  ( 2.300000000000000711, 1.100000000000000089, -1.600000000000000533 ) ) ;
#4560 = DIRECTION ( 'NONE',  ( -1.000000000000000000, 0.000000000000000000, 3.614007241618349757E-16 ) ) ;
#4561 = EDGE_CURVE ( 'NONE', #3847, #1113, #2180, .T. ) ;
#4562 = AXIS2_PLACEMENT_3D ( 'NONE', #273, #1829, #3354 ) ;
#4563 = ORIENTED_EDGE ( 'NONE', *, *, #3395, .F. ) ;
#4564 = CARTESIAN_POINT ( 'NONE',  ( 0.9700000000000006395, -1.562049935181331506, 1.600000000000000311 ) ) ;
#4565 = ORIENTED_EDGE ( 'NONE', *, *, #2869, .T. ) ;
#4566 = AXIS2_PLACEMENT_3D ( 'NONE', #1025, #3719, #3772 ) ;
#4567 = DIRECTION ( 'NONE',  ( -0.000000000000000000, -0.000000000000000000, 1.000000000000000000 ) ) ;
#4568 = VERTEX_POINT ( 'NONE', #2381 ) ;
#4569 = ORIENTED_EDGE ( 'NONE', *, *, #3201, .F. ) ;
#4570 = FACE_OUTER_BOUND ( 'NONE', #2032, .T. ) ;
#4571 = LINE ( 'NONE', #3019, #2157 ) ;
#4572 = EDGE_CURVE ( 'NONE', #3397, #2681, #376, .T. ) ;
#4573 = PRESENTATION_STYLE_ASSIGNMENT (( #4499 ) ) ;
#4574 = AXIS2_PLACEMENT_3D ( 'NONE', #2284, #2363, #3060 ) ;
#4575 = VECTOR ( 'NONE', #2274, 1000.000000000000000 ) ;
#4576 = ADVANCED_FACE ( 'NONE', ( #4266 ), #46, .F. ) ;
#4577 = VERTEX_POINT ( 'NONE', #809 ) ;
#4578 = CARTESIAN_POINT ( 'NONE',  ( -0.8200000000000006173, 1.100000000000000311, 1.600000000000000089 ) ) ;
#4579 = CYLINDRICAL_SURFACE ( 'NONE', #1031, 0.2000000000000002054 ) ;
#4580 = VECTOR ( 'NONE', #3699, 1000.000000000000000 ) ;
#4581 = CIRCLE ( 'NONE', #2405, 0.1499999999999995226 ) ;
#4582 = ORIENTED_EDGE ( 'NONE', *, *, #4974, .T. ) ;
#4583 = FILL_AREA_STYLE ('',( #1221 ) ) ;
#4584 = AXIS2_PLACEMENT_3D ( 'NONE', #1741, #3432, #2939 ) ;
#4585 = AXIS2_PLACEMENT_3D ( 'NONE', #3430, #3826, #45 ) ;
#4586 = VERTEX_POINT ( 'NONE', #4629 ) ;
#4587 = PLANE ( 'NONE',  #2954 ) ;
#4588 = CARTESIAN_POINT ( 'NONE',  ( -0.6700000000000001510, -1.562049935181331506, 0.6000000000000004219 ) ) ;
#4589 = CIRCLE ( 'NONE', #2813, 0.2000000000000002054 ) ;
#4590 = VECTOR ( 'NONE', #2030, 1000.000000000000000 ) ;
#4591 = VERTEX_POINT ( 'NONE', #2409 ) ;
#4592 = DIRECTION ( 'NONE',  ( 0.000000000000000000, 0.000000000000000000, -1.000000000000000000 ) ) ;
#4593 = ORIENTED_EDGE ( 'NONE', *, *, #3886, .T. ) ;
#4594 = CARTESIAN_POINT ( 'NONE',  ( 0.9700000000000006395, 0.5000000000000000000, -1.450000000000000400 ) ) ;
#4595 = ORIENTED_EDGE ( 'NONE', *, *, #2646, .T. ) ;
#4596 = EDGE_CURVE ( 'NONE', #3718, #1939, #428, .T. ) ;
#4597 = DIRECTION ( 'NONE',  ( 0.7071067811865560104, 0.000000000000000000, -0.7071067811865391350 ) ) ;
#4598 = CARTESIAN_POINT ( 'NONE',  ( 2.500000000000000000, 1.100000000000000089, -0.4999999999999997780 ) ) ;
#4599 = FACE_OUTER_BOUND ( 'NONE', #3035, .T. ) ;
#4600 = CARTESIAN_POINT ( 'NONE',  ( -0.8200000000000005063, 0.5000000000000000000, -0.6000000000000003109 ) ) ;
#4601 = APPLICATION_CONTEXT ( 'automotive_design' ) ;
#4602 = AXIS2_PLACEMENT_3D ( 'NONE', #3022, #2655, #3328 ) ;
#4603 = ADVANCED_FACE ( 'NONE', ( #2763 ), #3106, .T. ) ;
#4604 = VERTEX_POINT ( 'NONE', #3904 ) ;
#4605 = AXIS2_PLACEMENT_3D ( 'NONE', #2028, #899, #977 ) ;
#4606 = LINE ( 'NONE', #2380, #1517 ) ;
#4607 = DIRECTION ( 'NONE',  ( -1.000000000000000000, 0.000000000000000000, -3.614007241618350743E-16 ) ) ;
#4608 = DIRECTION ( 'NONE',  ( 0.000000000000000000, 1.000000000000000000, 0.000000000000000000 ) ) ;
#4609 = EDGE_CURVE ( 'NONE', #4610, #4320, #2707, .T. ) ;
#4610 = VERTEX_POINT ( 'NONE', #451 ) ;
#4611 = VERTEX_POINT ( 'NONE', #72 ) ;
#4612 = FACE_OUTER_BOUND ( 'NONE', #1983, .T. ) ;
#4613 = DIRECTION ( 'NONE',  ( -1.000000000000000000, -0.000000000000000000, 7.228014483236692611E-16 ) ) ;
#4614 = CARTESIAN_POINT ( 'NONE',  ( -1.719999999999999973, 0.01000000000000002623, -0.6000000000000007550 ) ) ;
#4615 = ADVANCED_FACE ( 'NONE', ( #95 ), #1630, .F. ) ;
#4616 = EDGE_LOOP ( 'NONE', ( #3369, #2009, #1095, #1207 ) ) ;
#4617 = DIRECTION ( 'NONE',  ( 0.000000000000000000, 0.000000000000000000, -1.000000000000000000 ) ) ;
#4618 = ORIENTED_EDGE ( 'NONE', *, *, #3868, .F. ) ;
#4619 = DIRECTION ( 'NONE',  ( 0.000000000000000000, -0.000000000000000000, 1.000000000000000000 ) ) ;
#4620 = EDGE_LOOP ( 'NONE', ( #2765, #1502, #3824, #1655 ) ) ;
#4621 = ORIENTED_EDGE ( 'NONE', *, *, #1852, .F. ) ;
#4622 = CARTESIAN_POINT ( 'NONE',  ( -1.570000000000000284, 1.100000000000000311, -1.450000000000000622 ) ) ;
#4623 = EDGE_CURVE ( 'NONE', #1525, #2603, #5019, .T. ) ;
#4624 = CARTESIAN_POINT ( 'NONE',  ( 1.870000000000000107, 0.01000000000000001756, -0.6000000000000007550 ) ) ;
#4625 = CARTESIAN_POINT ( 'NONE',  ( -0.6700000000000001510, 0.5000000000000000000, 0.6000000000000003109 ) ) ;
#4626 = ORIENTED_EDGE ( 'NONE', *, *, #1326, .F. ) ;
#4627 = ORIENTED_EDGE ( 'NONE', *, *, #3649, .T. ) ;
#4628 = LINE ( 'NONE', #1160, #1117 ) ;
#4629 = CARTESIAN_POINT ( 'NONE',  ( -2.299999999999999822, 0.000000000000000000, 1.600000000000000311 ) ) ;
#4630 = VERTEX_POINT ( 'NONE', #2786 ) ;
#4631 = UNCERTAINTY_MEASURE_WITH_UNIT (LENGTH_MEASURE( 1.000000000000000082E-05 ), #2056, 'distance_accuracy_value', 'NONE');
#4632 = ORIENTED_EDGE ( 'NONE', *, *, #3714, .F. ) ;
#4633 = VERTEX_POINT ( 'NONE', #2360 ) ;
#4634 = ADVANCED_FACE ( 'NONE', ( #4733 ), #4654, .F. ) ;
#4635 = DIRECTION ( 'NONE',  ( -1.000000000000000000, -0.000000000000000000, 0.000000000000000000 ) ) ;
#4636 = DIRECTION ( 'NONE',  ( 0.000000000000000000, 1.000000000000000000, 0.000000000000000000 ) ) ;
#4637 = EDGE_LOOP ( 'NONE', ( #1790, #3492, #2138, #4684 ) ) ;
#4638 =( GEOMETRIC_REPRESENTATION_CONTEXT ( 3 ) GLOBAL_UNCERTAINTY_ASSIGNED_CONTEXT ( ( #330 ) ) GLOBAL_UNIT_ASSIGNED_CONTEXT ( ( #3902, #726, #749 ) ) REPRESENTATION_CONTEXT ( 'NONE', 'WORKASPACE' ) );
#4639 = LINE ( 'NONE', #3841, #1412 ) ;
#4640 = VERTEX_POINT ( 'NONE', #2683 ) ;
#4641 = ADVANCED_FACE ( 'NONE', ( #4212 ), #3079, .F. ) ;
#4642 = CARTESIAN_POINT ( 'NONE',  ( 2.500000000000000000, 1.100000000000000089, 1.599999999999999645 ) ) ;
#4643 = AXIS2_PLACEMENT_3D ( 'NONE', #3276, #3626, #2828 ) ;
#4644 = ORIENTED_EDGE ( 'NONE', *, *, #706, .F. ) ;
#4645 = VERTEX_POINT ( 'NONE', #2830 ) ;
#4646 = DIRECTION ( 'NONE',  ( -1.445602896647334381E-15, 0.000000000000000000, 1.000000000000000000 ) ) ;
#4647 = CARTESIAN_POINT ( 'NONE',  ( 2.099999999999998757, 1.109999999999999876, 1.400000000000000577 ) ) ;
#4648 = DIRECTION ( 'NONE',  ( 1.000000000000000000, 0.000000000000000000, -0.000000000000000000 ) ) ;
#4649 = ORIENTED_EDGE ( 'NONE', *, *, #1860, .F. ) ;
#4650 = EDGE_CURVE ( 'NONE', #3162, #3001, #3208, .T. ) ;
#4651 = VECTOR ( 'NONE', #1166, 1000.000000000000000 ) ;
#4652 = ORIENTED_EDGE ( 'NONE', *, *, #4287, .F. ) ;
#4653 = LINE ( 'NONE', #1729, #2011 ) ;
#4654 = CYLINDRICAL_SURFACE ( 'NONE', #3621, 0.2000000000000002054 ) ;
#4655 = ORIENTED_EDGE ( 'NONE', *, *, #1680, .T. ) ;
#4656 = ORIENTED_EDGE ( 'NONE', *, *, #3538, .T. ) ;
#4657 = AXIS2_PLACEMENT_3D ( 'NONE', #3877, #4726, #1972 ) ;
#4658 = EDGE_CURVE ( 'NONE', #3870, #3397, #4763, .T. ) ;
#4659 = EDGE_CURVE ( 'NONE', #3100, #320, #930, .T. ) ;
#4660 = CARTESIAN_POINT ( 'NONE',  ( 0.8200000000000005063, 0.01000000000000002623, 1.600000000000000089 ) ) ;
#4661 = ORIENTED_EDGE ( 'NONE', *, *, #4477, .F. ) ;
#4662 = VECTOR ( 'NONE', #417, 1000.000000000000000 ) ;
#4663 = DIRECTION ( 'NONE',  ( 1.000000000000000000, 0.000000000000000000, -2.710505431213761085E-16 ) ) ;
#4664 = CARTESIAN_POINT ( 'NONE',  ( 2.500000000000000000, 0.000000000000000000, 0.6999999999999999556 ) ) ;
#4666 = AXIS2_PLACEMENT_3D ( 'NONE', #2498, #2143, #2923 ) ;
#4665 = FACE_OUTER_BOUND ( 'NONE', #1203, .T. ) ;
#4667 = EDGE_CURVE ( 'NONE', #2081, #3809, #3677, .T. ) ;
#4668 = VECTOR ( 'NONE', #2611, 1000.000000000000000 ) ;
#4669 = VERTEX_POINT ( 'NONE', #500 ) ;
#4670 = VECTOR ( 'NONE', #2511, 1000.000000000000000 ) ;
#4671 = CARTESIAN_POINT ( 'NONE',  ( -2.500000000000000000, 1.100000000000000089, 0.2999999999999987121 ) ) ;
#4672 = EDGE_LOOP ( 'NONE', ( #1477, #3390, #1421, #1068 ) ) ;
#4673 = FACE_OUTER_BOUND ( 'NONE', #1053, .T. ) ;
#4674 = AXIS2_PLACEMENT_3D ( 'NONE', #435, #2438, #3865 ) ;
#4675 = VECTOR ( 'NONE', #4683, 1000.000000000000000 ) ;
#4676 = PRODUCT ( 'ECS-3961-160-AU-TR', 'ECS-3961-160-AU-TR', '', ( #3953 ) ) ;
#4677 = VERTEX_POINT ( 'NONE', #4344 ) ;
#4678 = EDGE_CURVE ( 'NONE', #1127, #4814, #3578, .T. ) ;
#4679 = ORIENTED_EDGE ( 'NONE', *, *, #3544, .T. ) ;
#4680 = CARTESIAN_POINT ( 'NONE',  ( -0.8200000000000003952, 1.100000000000000089, 1.600000000000000089 ) ) ;
#4681 = STYLED_ITEM ( 'NONE', ( #2572 ), #3375 ) ;
#4682 = PLANE ( 'NONE',  #775 ) ;
#4683 = DIRECTION ( 'NONE',  ( 0.000000000000000000, 1.000000000000000000, -0.000000000000000000 ) ) ;
#4684 = ORIENTED_EDGE ( 'NONE', *, *, #4557, .F. ) ;
#4685 = PRESENTATION_STYLE_ASSIGNMENT (( #1519 ) ) ;
#4686 = CARTESIAN_POINT ( 'NONE',  ( 2.500000000000000000, 1.100000000000000089, -0.2999999999999996003 ) ) ;
#4687 = DIRECTION ( 'NONE',  ( 0.000000000000000000, -0.000000000000000000, 1.000000000000000000 ) ) ;
#4688 = VECTOR ( 'NONE', #3956, 1000.000000000000000 ) ;
#4689 = ORIENTED_EDGE ( 'NONE', *, *, #1774, .T. ) ;
#4690 = UNCERTAINTY_MEASURE_WITH_UNIT (LENGTH_MEASURE( 1.000000000000000082E-05 ), #4029, 'distance_accuracy_value', 'NONE');
#4691 = ORIENTED_EDGE ( 'NONE', *, *, #3217, .T. ) ;
#4692 = AXIS2_PLACEMENT_3D ( 'NONE', #2781, #3456, #4207 ) ;
#4693 = CARTESIAN_POINT ( 'NONE',  ( 1.570000000000000284, 1.100000000000000089, 1.600000000000000533 ) ) ;
#4694 = ORIENTED_EDGE ( 'NONE', *, *, #1096, .T. ) ;
#4695 = CARTESIAN_POINT ( 'NONE',  ( -1.570000000000000284, 0.5000000000000000000, 1.450000000000000844 ) ) ;
#4696 = DIRECTION ( 'NONE',  ( 0.000000000000000000, 0.000000000000000000, -1.000000000000000000 ) ) ;
#4697 = LINE ( 'NONE', #1225, #2171 ) ;
#4698 = EDGE_LOOP ( 'NONE', ( #3597, #337, #2272, #282 ) ) ;
#4699 = LINE ( 'NONE', #4299, #195 ) ;
#4700 = ORIENTED_EDGE ( 'NONE', *, *, #593, .F. ) ;
#4701 = DIRECTION ( 'NONE',  ( -0.000000000000000000, 0.000000000000000000, -1.000000000000000000 ) ) ;
#4702 = CARTESIAN_POINT ( 'NONE',  ( -2.299999999999999378, 1.109999999999999876, -1.200000000000000622 ) ) ;
#4703 = DIRECTION ( 'NONE',  ( 0.000000000000000000, 0.000000000000000000, -1.000000000000000000 ) ) ;
#4704 = EDGE_CURVE ( 'NONE', #2261, #4038, #882, .T. ) ;
#4705 = CARTESIAN_POINT ( 'NONE',  ( 2.500000000000000000, 0.000000000000000000, 1.599999999999999645 ) ) ;
#4706 = DIRECTION ( 'NONE',  ( 1.301042606982605321E-16, -0.000000000000000000, 1.000000000000000000 ) ) ;
#4707 = ORIENTED_EDGE ( 'NONE', *, *, #3668, .T. ) ;
#4708 = EDGE_CURVE ( 'NONE', #1618, #1320, #4934, .T. ) ;
#4709 = CARTESIAN_POINT ( 'NONE',  ( -1.570000000000000284, 1.109999999999999876, -1.450000000000000622 ) ) ;
#4710 = DIRECTION ( 'NONE',  ( -0.000000000000000000, -1.000000000000000000, -0.000000000000000000 ) ) ;
#4711 = ORIENTED_EDGE ( 'NONE', *, *, #4819, .T. ) ;
#4712 = ORIENTED_EDGE ( 'NONE', *, *, #4650, .T. ) ;
#4713 = CARTESIAN_POINT ( 'NONE',  ( 2.099999999999999201, 1.110000000000000098, -1.600000000000000311 ) ) ;
#4714 = VERTEX_POINT ( 'NONE', #2506 ) ;
#4715 = DIRECTION ( 'NONE',  ( 2.710505431213761085E-16, -0.000000000000000000, 1.000000000000000000 ) ) ;
#4716 = LINE ( 'NONE', #1245, #4555 ) ;
#4717 = CARTESIAN_POINT ( 'NONE',  ( -1.870000000000000107, 0.01000000000000002623, -0.6000000000000006439 ) ) ;
#4718 = ORIENTED_EDGE ( 'NONE', *, *, #3723, .F. ) ;
#4719 = ADVANCED_FACE ( 'NONE', ( #120 ), #1676, .F. ) ;
#4720 = CARTESIAN_POINT ( 'NONE',  ( 0.000000000000000000, 0.000000000000000000, 0.000000000000000000 ) ) ;
#4721 = ORIENTED_EDGE ( 'NONE', *, *, #2783, .T. ) ;
#4722 = CARTESIAN_POINT ( 'NONE',  ( 1.870000000000000329, 0.000000000000000000, -0.6000000000000006439 ) ) ;
#4723 = CIRCLE ( 'NONE', #2534, 0.1499999999999999667 ) ;
#4724 = ORIENTED_EDGE ( 'NONE', *, *, #2257, .F. ) ;
#4725 = DIRECTION ( 'NONE',  ( 1.000000000000000000, 0.000000000000000000, -0.000000000000000000 ) ) ;
#4726 = DIRECTION ( 'NONE',  ( 7.228014483236692611E-16, 0.000000000000000000, -1.000000000000000000 ) ) ;
#4727 = VECTOR ( 'NONE', #4881, 1000.000000000000000 ) ;
#4728 = PLANE ( 'NONE',  #2495 ) ;
#4729 = ORIENTED_EDGE ( 'NONE', *, *, #3991, .T. ) ;
#4730 = VECTOR ( 'NONE', #3190, 1000.000000000000000 ) ;
#4731 = EDGE_CURVE ( 'NONE', #259, #315, #190, .T. ) ;
#4732 = PLANE ( 'NONE',  #470 ) ;
#4733 = FACE_OUTER_BOUND ( 'NONE', #4202, .T. ) ;
#4734 = AXIS2_PLACEMENT_3D ( 'NONE', #4720, #489, #178 ) ;
#4735 = ORIENTED_EDGE ( 'NONE', *, *, #2050, .F. ) ;
#4736 = ORIENTED_EDGE ( 'NONE', *, *, #2772, .F. ) ;
#4737 = EDGE_CURVE ( 'NONE', #346, #36, #220, .T. ) ;
#4738 = SURFACE_STYLE_USAGE ( .BOTH. , #4466 ) ;
#4739 = ORIENTED_EDGE ( 'NONE', *, *, #1208, .F. ) ;
#4740 = CARTESIAN_POINT ( 'NONE',  ( -0.8200000000000005063, 0.01000000000000002623, -1.600000000000000311 ) ) ;
#4741 = FACE_OUTER_BOUND ( 'NONE', #2519, .T. ) ;
#4742 = CYLINDRICAL_SURFACE ( 'NONE', #4254, 0.1499999999999999667 ) ;
#4743 = VECTOR ( 'NONE', #1420, 1000.000000000000000 ) ;
#4744 = ORIENTED_EDGE ( 'NONE', *, *, #727, .T. ) ;
#4745 = CARTESIAN_POINT ( 'NONE',  ( 2.500000000000000000, 1.100000000000000089, -1.399999999999998135 ) ) ;
#4746 = VECTOR ( 'NONE', #2815, 1000.000000000000000 ) ;
#4747 = ORIENTED_EDGE ( 'NONE', *, *, #3178, .T. ) ;
#4748 = LINE ( 'NONE', #323, #1403 ) ;
#4749 = LINE ( 'NONE', #844, #4329 ) ;
#4750 = VECTOR ( 'NONE', #2212, 1000.000000000000000 ) ;
#4751 = AXIS2_PLACEMENT_3D ( 'NONE', #1932, #3462, #1351 ) ;
#4752 = VERTEX_POINT ( 'NONE', #3651 ) ;
#4753 = CARTESIAN_POINT ( 'NONE',  ( -1.719999999999999973, 10.00000000000000000, 1.600000000000000311 ) ) ;
#4754 = AXIS2_PLACEMENT_3D ( 'NONE', #1014, #1298, #579 ) ;
#4755 = CIRCLE ( 'NONE', #2089, 0.2000000000000003164 ) ;
#4756 = CARTESIAN_POINT ( 'NONE',  ( 0.9700000000000006395, 0.000000000000000000, -1.600000000000000311 ) ) ;
#4757 = EDGE_CURVE ( 'NONE', #103, #4669, #1263, .T. ) ;
#4758 = EDGE_CURVE ( 'NONE', #586, #2081, #1128, .T. ) ;
#4759 = ORIENTED_EDGE ( 'NONE', *, *, #314, .T. ) ;
#4760 = VECTOR ( 'NONE', #4862, 1000.000000000000000 ) ;
#4761 = CARTESIAN_POINT ( 'NONE',  ( 0.000000000000000000, 0.01000000000000000021, 0.000000000000000000 ) ) ;
#4762 = LINE ( 'NONE', #168, #4423 ) ;
#4763 = LINE ( 'NONE', #549, #1292 ) ;
#4764 = EDGE_LOOP ( 'NONE', ( #524, #47, #2051, #18 ) ) ;
#4765 = EDGE_CURVE ( 'NONE', #158, #4633, #147, .T. ) ;
#4766 = EDGE_LOOP ( 'NONE', ( #2320, #1970, #2020, #3480 ) ) ;
#4767 = CARTESIAN_POINT ( 'NONE',  ( -2.100000000000000089, 1.300000000000000044, -1.400000000000000133 ) ) ;
#4768 = CARTESIAN_POINT ( 'NONE',  ( 0.9700000000000006395, 1.109999999999999876, 1.450000000000000400 ) ) ;
#4769 = DIRECTION ( 'NONE',  ( -0.000000000000000000, -1.000000000000000000, -0.000000000000000000 ) ) ;
#4770 = EDGE_CURVE ( 'NONE', #4995, #1527, #2854, .T. ) ;
#4771 = VECTOR ( 'NONE', #1313, 1000.000000000000000 ) ;
#4772 = EDGE_LOOP ( 'NONE', ( #254, #834, #2496, #1037 ) ) ;
#4773 = ORIENTED_EDGE ( 'NONE', *, *, #2035, .F. ) ;
#4774 = FACE_OUTER_BOUND ( 'NONE', #4616, .T. ) ;
#4775 = CARTESIAN_POINT ( 'NONE',  ( -1.570000000000000284, 10.00000000000000000, -1.450000000000000622 ) ) ;
#4776 = VECTOR ( 'NONE', #3854, 1000.000000000000000 ) ;
#4777 = EDGE_CURVE ( 'NONE', #1569, #2361, #983, .T. ) ;
#4778 = CARTESIAN_POINT ( 'NONE',  ( 1.719999999999999973, 1.100000000000000089, -1.600000000000000089 ) ) ;
#4779 = ORIENTED_EDGE ( 'NONE', *, *, #314, .F. ) ;
#4780 = CARTESIAN_POINT ( 'NONE',  ( 1.570000000000000506, 0.5000000000000000000, -1.450000000000000844 ) ) ;
#4781 = CARTESIAN_POINT ( 'NONE',  ( 1.570000000000000284, 1.109999999999999876, -1.600000000000000533 ) ) ;
#4782 = DIRECTION ( 'NONE',  ( 0.000000000000000000, 1.000000000000000000, 0.000000000000000000 ) ) ;
#4783 = VERTEX_POINT ( 'NONE', #2881 ) ;
#4784 = PLANE ( 'NONE',  #1576 ) ;
#4785 = DIRECTION ( 'NONE',  ( 0.000000000000000000, 0.000000000000000000, -1.000000000000000000 ) ) ;
#4786 = LINE ( 'NONE', #1312, #1196 ) ;
#4787 = CARTESIAN_POINT ( 'NONE',  ( 0.8200000000000005063, 0.5000000000000000000, -1.600000000000000311 ) ) ;
#4788 = ORIENTED_EDGE ( 'NONE', *, *, #858, .T. ) ;
#4789 = VERTEX_POINT ( 'NONE', #2151 ) ;
#4790 = EDGE_CURVE ( 'NONE', #74, #4352, #2502, .T. ) ;
#4791 = LINE ( 'NONE', #3683, #2486 ) ;
#4792 = CARTESIAN_POINT ( 'NONE',  ( -1.719999999999999973, 1.109999999999999876, 1.600000000000000311 ) ) ;
#4793 = DIRECTION ( 'NONE',  ( 1.000000000000000000, 0.000000000000000000, -1.084202172485504927E-16 ) ) ;
#4794 = ORIENTED_EDGE ( 'NONE', *, *, #1447, .F. ) ;
#4795 = EDGE_CURVE ( 'NONE', #4840, #3028, #960, .T. ) ;
#4796 = LINE ( 'NONE', #2420, #3823 ) ;
#4797 = ORIENTED_EDGE ( 'NONE', *, *, #106, .T. ) ;
#4798 = LINE ( 'NONE', #561, #3840 ) ;
#4799 = CARTESIAN_POINT ( 'NONE',  ( 1.870000000000000773, 0.000000000000000000, -1.600000000000000533 ) ) ;
#4800 = CARTESIAN_POINT ( 'NONE',  ( 0.6700000000000000400, 0.01000000000000002623, 1.599999999999999867 ) ) ;
#4801 = VERTEX_POINT ( 'NONE', #2130 ) ;
#4802 = EDGE_CURVE ( 'NONE', #1916, #2300, #1800, .T. ) ;
#4803 = CARTESIAN_POINT ( 'NONE',  ( -0.9700000000000003064, 1.100000000000000089, -1.450000000000001066 ) ) ;
#4804 = FACE_OUTER_BOUND ( 'NONE', #822, .T. ) ;
#4805 = FACE_OUTER_BOUND ( 'NONE', #1621, .T. ) ;
#4806 = ORIENTED_EDGE ( 'NONE', *, *, #1239, .F. ) ;
#4807 = LINE ( 'NONE', #2504, #1003 ) ;
#4808 = VECTOR ( 'NONE', #1612, 1000.000000000000000 ) ;
#4809 = FACE_OUTER_BOUND ( 'NONE', #2288, .T. ) ;
#4810 = CARTESIAN_POINT ( 'NONE',  ( -0.9700000000000006395, -1.562049935181331506, -1.450000000000000400 ) ) ;
#4811 = CARTESIAN_POINT ( 'NONE',  ( -1.570000000000000284, 0.000000000000000000, -1.600000000000000533 ) ) ;
#4812 = ORIENTED_EDGE ( 'NONE', *, *, #3886, .F. ) ;
#4813 = VECTOR ( 'NONE', #2546, 1000.000000000000000 ) ;
#4814 = VERTEX_POINT ( 'NONE', #3403 ) ;
#4815 = AXIS2_PLACEMENT_3D ( 'NONE', #846, #4646, #1947 ) ;
#4816 = CARTESIAN_POINT ( 'NONE',  ( 0.9700000000000006395, 10.00000000000000000, -1.450000000000000622 ) ) ;
#4817 = DIRECTION ( 'NONE',  ( -1.000000000000000000, 0.000000000000000000, 0.000000000000000000 ) ) ;
#4818 = CARTESIAN_POINT ( 'NONE',  ( 0.9700000000000006395, 0.5000000000000000000, 1.600000000000000311 ) ) ;
#4819 = EDGE_CURVE ( 'NONE', #4365, #2448, #2577, .T. ) ;
#4820 = EDGE_CURVE ( 'NONE', #394, #64, #1061, .T. ) ;
#4821 = ORIENTED_EDGE ( 'NONE', *, *, #3631, .F. ) ;
#4822 = DIRECTION ( 'NONE',  ( -0.000000000000000000, 0.000000000000000000, -1.000000000000000000 ) ) ;
#4823 = ORIENTED_EDGE ( 'NONE', *, *, #4974, .F. ) ;
#4824 = CARTESIAN_POINT ( 'NONE',  ( 1.570000000000000284, 1.100000000000000311, -1.600000000000000533 ) ) ;
#4825 = DIRECTION ( 'NONE',  ( -0.000000000000000000, 0.000000000000000000, -1.000000000000000000 ) ) ;
#4826 = FACE_OUTER_BOUND ( 'NONE', #2958, .T. ) ;
#4827 = EDGE_CURVE ( 'NONE', #1569, #2318, #1780, .T. ) ;
#4828 = VERTEX_POINT ( 'NONE', #2276 ) ;
#4829 = CIRCLE ( 'NONE', #49, 0.1999999999999998723 ) ;
#4830 = DIRECTION ( 'NONE',  ( 2.539877274133561294E-16, -0.000000000000000000, 1.000000000000000000 ) ) ;
#4831 = DIRECTION ( 'NONE',  ( 1.000000000000000000, 0.000000000000000000, -3.614007241618349757E-16 ) ) ;
#4832 = VECTOR ( 'NONE', #2043, 1000.000000000000000 ) ;
#4833 = CIRCLE ( 'NONE', #4246, 0.4000000000000000777 ) ;
#4834 = ADVANCED_FACE ( 'NONE', ( #325 ), #1463, .F. ) ;
#4835 = ORIENTED_EDGE ( 'NONE', *, *, #4061, .F. ) ;
#4836 = CARTESIAN_POINT ( 'NONE',  ( -1.719999999999999751, 1.100000000000000089, 1.600000000000000311 ) ) ;
#4837 = AXIS2_PLACEMENT_3D ( 'NONE', #2518, #207, #4097 ) ;
#4838 = CARTESIAN_POINT ( 'NONE',  ( 1.719999999999999973, -3.203513695928269733, 1.600000000000000533 ) ) ;
#4839 = CARTESIAN_POINT ( 'NONE',  ( 1.870000000000000551, -1.562049935181331506, -1.600000000000000311 ) ) ;
#4840 = VERTEX_POINT ( 'NONE', #1823 ) ;
#4841 = VECTOR ( 'NONE', #54, 1000.000000000000000 ) ;
#4842 = VECTOR ( 'NONE', #929, 1000.000000000000000 ) ;
#4843 = ORIENTED_EDGE ( 'NONE', *, *, #2476, .T. ) ;
#4844 = CARTESIAN_POINT ( 'NONE',  ( 1.870000000000000107, 0.000000000000000000, 0.6000000000000007550 ) ) ;
#4845 = DIRECTION ( 'NONE',  ( -0.000000000000000000, -1.000000000000000000, -0.000000000000000000 ) ) ;
#4846 = DIRECTION ( 'NONE',  ( 0.000000000000000000, 0.000000000000000000, 1.000000000000000000 ) ) ;
#4847 = MANIFOLD_SOLID_BREP ( 'Cut-Extrude4[1]', #108 ) ;
#4848 = DIRECTION ( 'NONE',  ( 1.000000000000000000, 0.000000000000000000, -4.336808689942019708E-16 ) ) ;
#4849 = ORIENTED_EDGE ( 'NONE', *, *, #265, .F. ) ;
#4850 = EDGE_CURVE ( 'NONE', #2116, #1379, #4082, .T. ) ;
#4851 = FACE_OUTER_BOUND ( 'NONE', #623, .T. ) ;
#4852 = CARTESIAN_POINT ( 'NONE',  ( 1.870000000000000107, 0.000000000000000000, 0.000000000000000000 ) ) ;
#4853 = LINE ( 'NONE', #4434, #3204 ) ;
#4854 = VECTOR ( 'NONE', #4892, 1000.000000000000000 ) ;
#4855 = ORIENTED_EDGE ( 'NONE', *, *, #332, .T. ) ;
#4856 = EDGE_CURVE ( 'NONE', #3007, #1618, #1485, .T. ) ;
#4857 = PLANE ( 'NONE',  #293 ) ;
#4858 = ORIENTED_EDGE ( 'NONE', *, *, #2694, .F. ) ;
#4859 = LINE ( 'NONE', #2449, #2459 ) ;
#4860 = CARTESIAN_POINT ( 'NONE',  ( -1.570000000000000284, -1.562049935181331506, -1.600000000000000533 ) ) ;
#4861 = EDGE_CURVE ( 'NONE', #1489, #2586, #4863, .T. ) ;
#4862 = DIRECTION ( 'NONE',  ( -1.000000000000000000, -0.000000000000000000, -2.710505431213761085E-16 ) ) ;
#4863 = LINE ( 'NONE', #2927, #3781 ) ;
#4864 = ORIENTED_EDGE ( 'NONE', *, *, #2596, .F. ) ;
#4865 = ORIENTED_EDGE ( 'NONE', *, *, #3367, .F. ) ;
#4866 = CARTESIAN_POINT ( 'NONE',  ( -0.6700000000000000400, 0.01000000000000002623, 1.599999999999999867 ) ) ;
#4867 = PLANE ( 'NONE',  #4476 ) ;
#4868 = CYLINDRICAL_SURFACE ( 'NONE', #3447, 0.2000000000000003164 ) ;
#4869 = LINE ( 'NONE', #2207, #4234 ) ;
#4870 = ORIENTED_EDGE ( 'NONE', *, *, #3256, .T. ) ;
#4871 = DIRECTION ( 'NONE',  ( 0.000000000000000000, 1.000000000000000000, -0.000000000000000000 ) ) ;
#4872 = DIRECTION ( 'NONE',  ( 7.228014483236697541E-16, 0.000000000000000000, 1.000000000000000000 ) ) ;
#4873 = PLANE ( 'NONE',  #1770 ) ;
#4874 = EDGE_CURVE ( 'NONE', #1801, #4828, #2226, .T. ) ;
#4875 = VERTEX_POINT ( 'NONE', #1035 ) ;
#4876 = FACE_OUTER_BOUND ( 'NONE', #938, .T. ) ;
#4877 = DIRECTION ( 'NONE',  ( -0.7071067811865560104, -0.000000000000000000, 0.7071067811865391350 ) ) ;
#4878 = ADVANCED_FACE ( 'NONE', ( #4468 ), #3753, .T. ) ;
#4879 = ADVANCED_FACE ( 'NONE', ( #3725 ), #296, .F. ) ;
#4880 = ORIENTED_EDGE ( 'NONE', *, *, #593, .T. ) ;
#4881 = DIRECTION ( 'NONE',  ( -1.000000000000000000, -0.000000000000000000, 0.000000000000000000 ) ) ;
#4882 = DIRECTION ( 'NONE',  ( 0.000000000000000000, 0.000000000000000000, -1.000000000000000000 ) ) ;
#4883 = FACE_OUTER_BOUND ( 'NONE', #4346, .T. ) ;
#4884 = CARTESIAN_POINT ( 'NONE',  ( 0.9700000000000003064, -1.562049935181331506, -1.450000000000000400 ) ) ;
#4885 =( LENGTH_UNIT ( ) NAMED_UNIT ( * ) SI_UNIT ( .MILLI., .METRE. ) );
#4886 = EDGE_CURVE ( 'NONE', #1275, #617, #638, .T. ) ;
#4887 = ORIENTED_EDGE ( 'NONE', *, *, #2532, .F. ) ;
#4888 = VECTOR ( 'NONE', #1862, 1000.000000000000000 ) ;
#4889 = ORIENTED_EDGE ( 'NONE', *, *, #398, .F. ) ;
#4890 = CARTESIAN_POINT ( 'NONE',  ( 0.9700000000000005285, 0.5000000000000000000, 1.450000000000000400 ) ) ;
#4891 = DIRECTION ( 'NONE',  ( -1.000000000000000000, 0.000000000000000000, 0.000000000000000000 ) ) ;
#4892 = DIRECTION ( 'NONE',  ( -0.000000000000000000, 0.000000000000000000, -1.000000000000000000 ) ) ;
#4893 = VECTOR ( 'NONE', #2295, 1000.000000000000000 ) ;
#4894 = EDGE_CURVE ( 'NONE', #3007, #1977, #3502, .T. ) ;
#4895 = ORIENTED_EDGE ( 'NONE', *, *, #1418, .F. ) ;
#4896 = VECTOR ( 'NONE', #4144, 1000.000000000000000 ) ;
#4897 = CARTESIAN_POINT ( 'NONE',  ( -1.719999999999999973, 0.5000000000000000000, 1.600000000000000089 ) ) ;
#4898 = EDGE_LOOP ( 'NONE', ( #2279, #156, #2152, #2760, #3262, #4529, #2369 ) ) ;
#4899 = CARTESIAN_POINT ( 'NONE',  ( 1.870000000000000107, -1.562049935181331506, -0.6000000000000007550 ) ) ;
#4900 = DIRECTION ( 'NONE',  ( -1.000000000000000000, -0.000000000000000000, 0.000000000000000000 ) ) ;
#4901 = DIRECTION ( 'NONE',  ( 0.000000000000000000, 0.000000000000000000, -1.000000000000000000 ) ) ;
#4902 = VECTOR ( 'NONE', #2840, 1000.000000000000000 ) ;
#4903 = EDGE_LOOP ( 'NONE', ( #676, #3526, #429, #3309 ) ) ;
#4904 = CARTESIAN_POINT ( 'NONE',  ( 0.6700000000000000400, 0.000000000000000000, 0.000000000000000000 ) ) ;
#4905 = AXIS2_PLACEMENT_3D ( 'NONE', #2533, #2558, #3314 ) ;
#4906 = ORIENTED_EDGE ( 'NONE', *, *, #3958, .F. ) ;
#4907 = FACE_OUTER_BOUND ( 'NONE', #1073, .T. ) ;
#4908 = DIRECTION ( 'NONE',  ( -7.228014483236695569E-16, 0.000000000000000000, -1.000000000000000000 ) ) ;
#4909 = VECTOR ( 'NONE', #4831, 1000.000000000000000 ) ;
#4910 = VECTOR ( 'NONE', #1283, 1000.000000000000000 ) ;
#4911 = EDGE_CURVE ( 'NONE', #1941, #3667, #827, .T. ) ;
#4912 = LINE ( 'NONE', #3676, #2571 ) ;
#4913 = SURFACE_STYLE_FILL_AREA ( #4963 ) ;
#4914 = CIRCLE ( 'NONE', #3440, 0.1499999999999999667 ) ;
#4915 = ORIENTED_EDGE ( 'NONE', *, *, #3320, .F. ) ;
#4916 = VECTOR ( 'NONE', #4237, 1000.000000000000000 ) ;
#4917 = ORIENTED_EDGE ( 'NONE', *, *, #2922, .F. ) ;
#4918 = EDGE_CURVE ( 'NONE', #4429, #942, #1237, .T. ) ;
#4919 = VECTOR ( 'NONE', #3806, 1000.000000000000000 ) ;
#4920 = FACE_OUTER_BOUND ( 'NONE', #51, .T. ) ;
#4921 = CARTESIAN_POINT ( 'NONE',  ( -2.100000000000000089, 1.110000000000000098, -1.600000000000000311 ) ) ;
#4923 = VECTOR ( 'NONE', #1898, 1000.000000000000000 ) ;
#4922 = CARTESIAN_POINT ( 'NONE',  ( -2.099999999999999645, 1.100000000000000089, -1.450000000000000622 ) ) ;
#4924 = VECTOR ( 'NONE', #4100, 1000.000000000000000 ) ;
#4925 = CARTESIAN_POINT ( 'NONE',  ( 1.720000000000000195, 0.01000000000000001756, 0.6000000000000007550 ) ) ;
#4926 = VERTEX_POINT ( 'NONE', #371 ) ;
#4927 = ADVANCED_FACE ( 'NONE', ( #774 ), #1998, .F. ) ;
#4928 = CARTESIAN_POINT ( 'NONE',  ( -2.500000000000000000, 0.000000000000000000, 1.600000000000000311 ) ) ;
#4929 = CARTESIAN_POINT ( 'NONE',  ( -0.6700000000000000400, 0.01000000000000002623, -0.6000000000000003109 ) ) ;
#4930 = EDGE_LOOP ( 'NONE', ( #193, #3183, #1453, #660 ) ) ;
#4931 = FACE_OUTER_BOUND ( 'NONE', #1856, .T. ) ;
#4932 = ORIENTED_EDGE ( 'NONE', *, *, #3171, .F. ) ;
#4933 = EDGE_CURVE ( 'NONE', #2681, #4431, #2299, .T. ) ;
#4934 = CIRCLE ( 'NONE', #4024, 0.2000000000000002054 ) ;
#4935 =( NAMED_UNIT ( * ) PLANE_ANGLE_UNIT ( ) SI_UNIT ( $, .RADIAN. ) );
#4936 = ORIENTED_EDGE ( 'NONE', *, *, #3479, .T. ) ;
#4937 = DIRECTION ( 'NONE',  ( 1.000000000000000000, 0.000000000000000000, -1.301042606982605321E-16 ) ) ;
#4938 = DIRECTION ( 'NONE',  ( -0.000000000000000000, -1.000000000000000000, -0.000000000000000000 ) ) ;
#4939 = CARTESIAN_POINT ( 'NONE',  ( 2.099999999999999201, 7.985164807134504272, -1.400000000000000133 ) ) ;
#4940 =( NAMED_UNIT ( * ) PLANE_ANGLE_UNIT ( ) SI_UNIT ( $, .RADIAN. ) );
#4941 = ADVANCED_FACE ( 'NONE', ( #802 ), #2402, .F. ) ;
#4942 = ORIENTED_EDGE ( 'NONE', *, *, #276, .T. ) ;
#4943 = FACE_OUTER_BOUND ( 'NONE', #3134, .T. ) ;
#4944 = DIRECTION ( 'NONE',  ( 0.000000000000000000, 0.000000000000000000, -1.000000000000000000 ) ) ;
#4945 = CARTESIAN_POINT ( 'NONE',  ( -1.570000000000000506, -1.562049935181331506, -1.450000000000000844 ) ) ;
#4946 = UNCERTAINTY_MEASURE_WITH_UNIT (LENGTH_MEASURE( 1.000000000000000082E-05 ), #3071, 'distance_accuracy_value', 'NONE');
#4947 = VERTEX_POINT ( 'NONE', #2356 ) ;
#4948 = CYLINDRICAL_SURFACE ( 'NONE', #4397, 0.4000000000000000777 ) ;
#4949 = ORIENTED_EDGE ( 'NONE', *, *, #4247, .T. ) ;
#4950 = DIRECTION ( 'NONE',  ( 0.000000000000000000, -0.000000000000000000, -1.000000000000000000 ) ) ;
#4951 = FACE_OUTER_BOUND ( 'NONE', #2344, .T. ) ;
#4952 = CARTESIAN_POINT ( 'NONE',  ( -0.9700000000000005285, 10.00000000000000000, 1.450000000000000622 ) ) ;
#4953 = EDGE_CURVE ( 'NONE', #4976, #1449, #4528, .T. ) ;
#4954 = EDGE_LOOP ( 'NONE', ( #4964, #2179, #4736, #4084 ) ) ;
#4955 = CARTESIAN_POINT ( 'NONE',  ( -0.9700000000000006395, 0.5000000000000000000, 0.6000000000000003109 ) ) ;
#4956 = EDGE_LOOP ( 'NONE', ( #4235, #523, #184, #884 ) ) ;
#4957 = DIRECTION ( 'NONE',  ( 0.000000000000000000, -1.000000000000000000, 0.000000000000000000 ) ) ;
#4958 = ORIENTED_EDGE ( 'NONE', *, *, #2584, .T. ) ;
#4959 = ADVANCED_FACE ( 'NONE', ( #745 ), #42, .T. ) ;
#4960 = DIRECTION ( 'NONE',  ( 0.000000000000000000, -1.000000000000000000, 0.000000000000000000 ) ) ;
#4961 =( NAMED_UNIT ( * ) PLANE_ANGLE_UNIT ( ) SI_UNIT ( $, .RADIAN. ) );
#4962 = FACE_OUTER_BOUND ( 'NONE', #1293, .T. ) ;
#4963 = FILL_AREA_STYLE ('',( #3348 ) ) ;
#4964 = ORIENTED_EDGE ( 'NONE', *, *, #2185, .T. ) ;
#4965 = CARTESIAN_POINT ( 'NONE',  ( 0.000000000000000000, 0.000000000000000000, -0.6000000000000007550 ) ) ;
#4966 = DIRECTION ( 'NONE',  ( -0.000000000000000000, -1.000000000000000000, -0.000000000000000000 ) ) ;
#4967 = ORIENTED_EDGE ( 'NONE', *, *, #3779, .T. ) ;
#4968 = DIRECTION ( 'NONE',  ( 0.000000000000000000, 1.000000000000000000, 0.000000000000000000 ) ) ;
#4969 = CLOSED_SHELL ( 'NONE', ( #3020, #755, #4483, #3880, #2102, #424, #670, #3037, #1567, #4240 ) ) ;
#4970 = ORIENTED_EDGE ( 'NONE', *, *, #4820, .F. ) ;
#4971 = DIRECTION ( 'NONE',  ( 1.000000000000000000, -0.000000000000000000, 0.000000000000000000 ) ) ;
#4972 = CARTESIAN_POINT ( 'NONE',  ( 0.8200000000000005063, 0.01000000000000000021, 0.000000000000000000 ) ) ;
#4973 = PLANE ( 'NONE',  #3127 ) ;
#4974 = EDGE_CURVE ( 'NONE', #1826, #2882, #3155, .T. ) ;
#4975 = EDGE_CURVE ( 'NONE', #1765, #792, #4188, .T. ) ;
#4976 = VERTEX_POINT ( 'NONE', #3878 ) ;
#4977 = CYLINDRICAL_SURFACE ( 'NONE', #4566, 0.1499999999999995226 ) ;
#4978 = VECTOR ( 'NONE', #659, 1000.000000000000000 ) ;
#4979 = EDGE_CURVE ( 'NONE', #1209, #1489, #423, .T. ) ;
#4980 = DIRECTION ( 'NONE',  ( -1.000000000000000000, 0.000000000000000000, 1.301042606982605321E-16 ) ) ;
#4981 = VERTEX_POINT ( 'NONE', #4308 ) ;
#4982 = VERTEX_POINT ( 'NONE', #4600 ) ;
#4983 = VECTOR ( 'NONE', #3587, 1000.000000000000000 ) ;
#4984 = CARTESIAN_POINT ( 'NONE',  ( 2.099999999999999201, 1.110000000000000098, -1.600000000000000311 ) ) ;
#4985 = CARTESIAN_POINT ( 'NONE',  ( 1.719999999999999973, 0.01000000000000001929, -1.600000000000000089 ) ) ;
#4986 = CARTESIAN_POINT ( 'NONE',  ( 0.8200000000000005063, 0.01000000000000000021, 0.000000000000000000 ) ) ;
#4987 = DIRECTION ( 'NONE',  ( 1.000000000000000000, 0.000000000000000000, -0.000000000000000000 ) ) ;
#4988 = AXIS2_PLACEMENT_3D ( 'NONE', #2975, #90, #2755 ) ;
#4989 = DIRECTION ( 'NONE',  ( 1.000000000000000000, 0.000000000000000000, -0.000000000000000000 ) ) ;
#4990 = DIRECTION ( 'NONE',  ( 2.710505431213761085E-16, 0.000000000000000000, -1.000000000000000000 ) ) ;
#4991 = LINE ( 'NONE', #1522, #301 ) ;
#4992 = DIRECTION ( 'NONE',  ( -1.000000000000000000, -0.000000000000000000, 0.000000000000000000 ) ) ;
#4993 = VECTOR ( 'NONE', #62, 1000.000000000000000 ) ;
#4994 = AXIS2_PLACEMENT_3D ( 'NONE', #2842, #2095, #2516 ) ;
#4995 = VERTEX_POINT ( 'NONE', #446 ) ;
#4996 = DIRECTION ( 'NONE',  ( 0.000000000000000000, 0.000000000000000000, -1.000000000000000000 ) ) ;
#4997 = VECTOR ( 'NONE', #3393, 1000.000000000000000 ) ;
#4998 = VECTOR ( 'NONE', #1490, 1000.000000000000000 ) ;
#4999 = ORIENTED_EDGE ( 'NONE', *, *, #137, .F. ) ;
#5000 = CARTESIAN_POINT ( 'NONE',  ( 2.099999999999999201, 1.110000000000000098, -1.600000000000000311 ) ) ;
#5001 = LINE ( 'NONE', #1169, #4808 ) ;
#5002 = DIRECTION ( 'NONE',  ( 0.000000000000000000, 1.000000000000000000, 0.000000000000000000 ) ) ;
#5003 = STYLED_ITEM ( 'NONE', ( #1997 ), #3161 ) ;
#5004 = EDGE_LOOP ( 'NONE', ( #3220, #1732, #279, #4889 ) ) ;
#5005 = ADVANCED_FACE ( 'NONE', ( #400 ), #3073, .F. ) ;
#5006 = DIRECTION ( 'NONE',  ( 0.000000000000000000, 1.000000000000000000, 0.000000000000000000 ) ) ;
#5007 = ORIENTED_EDGE ( 'NONE', *, *, #1027, .T. ) ;
#5008 = CARTESIAN_POINT ( 'NONE',  ( 0.000000000000000000, 1.100000000000000089, 1.450000000000001510 ) ) ;
#5009 = EDGE_LOOP ( 'NONE', ( #2570, #3637, #4544, #1157 ) ) ;
#5010 = VERTEX_POINT ( 'NONE', #4233 ) ;
#5011 = CARTESIAN_POINT ( 'NONE',  ( 0.8200000000000006173, -1.562049935181331506, -1.599999999999999867 ) ) ;
#5012 = LINE ( 'NONE', #4206, #785 ) ;
#5013 = CARTESIAN_POINT ( 'NONE',  ( 0.9700000000000006395, 10.00000000000000000, -1.600000000000000311 ) ) ;
#5014 = MECHANICAL_DESIGN_GEOMETRIC_PRESENTATION_REPRESENTATION (  '', ( #3059 ), #1864 ) ;
#5015 = VERTEX_POINT ( 'NONE', #3927 ) ;
#5016 = VERTEX_POINT ( 'NONE', #474 ) ;
#5017 = AXIS2_PLACEMENT_3D ( 'NONE', #3099, #1974, #2376 ) ;
#5018 = LINE ( 'NONE', #3105, #2336 ) ;
#5019 = LINE ( 'NONE', #3180, #3146 ) ;
#5020 = CARTESIAN_POINT ( 'NONE',  ( 0.6700000000000000400, 0.5000000000000000000, 1.599999999999999867 ) ) ;
#5021 = EDGE_LOOP ( 'NONE', ( #1222, #1694, #893, #1266 ) ) ;
#5022 = EDGE_LOOP ( 'NONE', ( #10, #449, #2545, #3189 ) ) ;
ENDSEC;
END-ISO-10303-21;
