ISO-10303-21;
HEADER;
FILE_DESCRIPTION(('FreeCAD Model'),'2;1');
FILE_NAME('Open CASCADE Shape Model','2026-09-20T06:10:16',(''),(''),
  'Open CASCADE STEP processor 7.8','FreeCAD','Unknown');
FILE_SCHEMA((
'AP242_MANAGED_MODEL_BASED_3D_ENGINEERING_MIM_LF. {1 0 10303 442 1 1 4 
}'));
ENDSEC;
DATA;
#1 = APPLICATION_PROTOCOL_DEFINITION('international standard',
  'ap242_managed_model_based_3d_engineering',2013,#2);
#2 = APPLICATION_CONTEXT('Managed model based 3d engineering');
#3 = SHAPE_DEFINITION_REPRESENTATION(#4,#10);
#4 = PRODUCT_DEFINITION_SHAPE('','',#5);
#5 = PRODUCT_DEFINITION('design','',#6,#9);
#6 = PRODUCT_DEFINITION_FORMATION('','',#7);
#7 = PRODUCT('M20','M20','',(#8));
#8 = PRODUCT_CONTEXT('',#2,'mechanical');
#9 = PRODUCT_DEFINITION_CONTEXT('part definition',#2,'design');
#10 = SHAPE_REPRESENTATION('',(#11,#15,#19),#23);
#11 = AXIS2_PLACEMENT_3D('',#12,#13,#14);
#12 = CARTESIAN_POINT('',(0.,0.,0.));
#13 = DIRECTION('',(0.,0.,1.));
#14 = DIRECTION('',(1.,0.,-0.));
#15 = AXIS2_PLACEMENT_3D('',#16,#17,#18);
#16 = CARTESIAN_POINT('',(0.,0.,0.));
#17 = DIRECTION('',(0.,0.,1.));
#18 = DIRECTION('',(1.,0.,0.));
#19 = AXIS2_PLACEMENT_3D('',#20,#21,#22);
#20 = CARTESIAN_POINT('',(0.,0.,0.));
#21 = DIRECTION('',(0.,0.,1.));
#22 = DIRECTION('',(1.,0.,0.));
#23 = ( GEOMETRIC_REPRESENTATION_CONTEXT(3) 
GLOBAL_UNCERTAINTY_ASSIGNED_CONTEXT((#27)) GLOBAL_UNIT_ASSIGNED_CONTEXT(
(#24,#25,#26)) REPRESENTATION_CONTEXT('Context #1',
  '3D Context with UNIT and UNCERTAINTY') );
#24 = ( LENGTH_UNIT() NAMED_UNIT(*) SI_UNIT(.MILLI.,.METRE.) );
#25 = ( NAMED_UNIT(*) PLANE_ANGLE_UNIT() SI_UNIT($,.RADIAN.) );
#26 = ( NAMED_UNIT(*) SI_UNIT($,.STERADIAN.) SOLID_ANGLE_UNIT() );
#27 = UNCERTAINTY_MEASURE_WITH_UNIT(LENGTH_MEASURE(1.E-06),#24,
  'distance_accuracy_value','confusion accuracy');
#28 = PRODUCT_RELATED_PRODUCT_CATEGORY('part',$,(#7));
#29 = SHAPE_DEFINITION_REPRESENTATION(#30,#36);
#30 = PRODUCT_DEFINITION_SHAPE('','',#31);
#31 = PRODUCT_DEFINITION('design','',#32,#35);
#32 = PRODUCT_DEFINITION_FORMATION('','',#33);
#33 = PRODUCT('Body','Body','',(#34));
#34 = PRODUCT_CONTEXT('',#2,'mechanical');
#35 = PRODUCT_DEFINITION_CONTEXT('part definition',#2,'design');
#36 = ADVANCED_BREP_SHAPE_REPRESENTATION('',(#11,#37),#2263);
#37 = MANIFOLD_SOLID_BREP('',#38);
#38 = CLOSED_SHELL('',(#39,#145,#192,#216,#256,#296,#336,#376,#400,#433,
    #464,#488,#512,#529,#603,#620,#632,#656,#680,#697,#714,#761,#785,
    #809,#826,#850,#890,#902,#914,#931,#1046,#1091,#1167,#1205,#1229,
    #1253,#1277,#1294,#1318,#1351,#1368,#1392,#1418,#1440,#1457,#1474,
    #1486,#1498,#1515,#1527,#1574,#1598,#1638,#1655,#1770,#1815,#1891,
    #1929,#1953,#1977,#2001,#2018,#2042,#2075,#2092,#2116,#2142,#2164,
    #2181,#2198,#2210,#2222,#2239,#2251));
#39 = ADVANCED_FACE('',(#40,#106),#140,.T.);
#40 = FACE_BOUND('',#41,.T.);
#41 = EDGE_LOOP('',(#42,#52,#60,#68,#76,#84,#92,#100));
#42 = ORIENTED_EDGE('',*,*,#43,.F.);
#43 = EDGE_CURVE('',#44,#46,#48,.T.);
#44 = VERTEX_POINT('',#45);
#45 = CARTESIAN_POINT('',(-0.67,-1.27,2.54));
#46 = VERTEX_POINT('',#47);
#47 = CARTESIAN_POINT('',(-0.92,-1.02,2.54));
#48 = LINE('',#49,#50);
#49 = CARTESIAN_POINT('',(-0.97,-0.97,2.54));
#50 = VECTOR('',#51,1.);
#51 = DIRECTION('',(-0.707106781187,0.707106781187,0.));
#52 = ORIENTED_EDGE('',*,*,#53,.T.);
#53 = EDGE_CURVE('',#44,#54,#56,.T.);
#54 = VERTEX_POINT('',#55);
#55 = CARTESIAN_POINT('',(0.67,-1.27,2.54));
#56 = LINE('',#57,#58);
#57 = CARTESIAN_POINT('',(-1.27,-1.27,2.54));
#58 = VECTOR('',#59,1.);
#59 = DIRECTION('',(1.,0.,0.));
#60 = ORIENTED_EDGE('',*,*,#61,.T.);
#61 = EDGE_CURVE('',#54,#62,#64,.T.);
#62 = VERTEX_POINT('',#63);
#63 = CARTESIAN_POINT('',(0.92,-1.02,2.54));
#64 = LINE('',#65,#66);
#65 = CARTESIAN_POINT('',(0.97,-0.97,2.54));
#66 = VECTOR('',#67,1.);
#67 = DIRECTION('',(0.707106781187,0.707106781187,0.));
#68 = ORIENTED_EDGE('',*,*,#69,.T.);
#69 = EDGE_CURVE('',#62,#70,#72,.T.);
#70 = VERTEX_POINT('',#71);
#71 = CARTESIAN_POINT('',(0.92,1.02,2.54));
#72 = LINE('',#73,#74);
#73 = CARTESIAN_POINT('',(0.92,-0.67,2.54));
#74 = VECTOR('',#75,1.);
#75 = DIRECTION('',(0.,1.,0.));
#76 = ORIENTED_EDGE('',*,*,#77,.T.);
#77 = EDGE_CURVE('',#70,#78,#80,.T.);
#78 = VERTEX_POINT('',#79);
#79 = CARTESIAN_POINT('',(0.67,1.27,2.54));
#80 = LINE('',#81,#82);
#81 = CARTESIAN_POINT('',(0.97,0.97,2.54));
#82 = VECTOR('',#83,1.);
#83 = DIRECTION('',(-0.707106781187,0.707106781187,0.));
#84 = ORIENTED_EDGE('',*,*,#85,.T.);
#85 = EDGE_CURVE('',#78,#86,#88,.T.);
#86 = VERTEX_POINT('',#87);
#87 = CARTESIAN_POINT('',(-0.67,1.27,2.54));
#88 = LINE('',#89,#90);
#89 = CARTESIAN_POINT('',(1.27,1.27,2.54));
#90 = VECTOR('',#91,1.);
#91 = DIRECTION('',(-1.,0.,0.));
#92 = ORIENTED_EDGE('',*,*,#93,.F.);
#93 = EDGE_CURVE('',#94,#86,#96,.T.);
#94 = VERTEX_POINT('',#95);
#95 = CARTESIAN_POINT('',(-0.92,1.02,2.54));
#96 = LINE('',#97,#98);
#97 = CARTESIAN_POINT('',(-0.97,0.97,2.54));
#98 = VECTOR('',#99,1.);
#99 = DIRECTION('',(0.707106781187,0.707106781187,0.));
#100 = ORIENTED_EDGE('',*,*,#101,.T.);
#101 = EDGE_CURVE('',#94,#46,#102,.T.);
#102 = LINE('',#103,#104);
#103 = CARTESIAN_POINT('',(-0.92,0.67,2.54));
#104 = VECTOR('',#105,1.);
#105 = DIRECTION('',(0.,-1.,0.));
#106 = FACE_BOUND('',#107,.T.);
#107 = EDGE_LOOP('',(#108,#118,#126,#134));
#108 = ORIENTED_EDGE('',*,*,#109,.F.);
#109 = EDGE_CURVE('',#110,#112,#114,.T.);
#110 = VERTEX_POINT('',#111);
#111 = CARTESIAN_POINT('',(-0.32,0.32,2.54));
#112 = VERTEX_POINT('',#113);
#113 = CARTESIAN_POINT('',(-0.32,-0.32,2.54));
#114 = LINE('',#115,#116);
#115 = CARTESIAN_POINT('',(-0.32,-0.16,2.54));
#116 = VECTOR('',#117,1.);
#117 = DIRECTION('',(0.,-1.,0.));
#118 = ORIENTED_EDGE('',*,*,#119,.F.);
#119 = EDGE_CURVE('',#120,#110,#122,.T.);
#120 = VERTEX_POINT('',#121);
#121 = CARTESIAN_POINT('',(0.32,0.32,2.54));
#122 = LINE('',#123,#124);
#123 = CARTESIAN_POINT('',(-0.16,0.32,2.54));
#124 = VECTOR('',#125,1.);
#125 = DIRECTION('',(-1.,0.,0.));
#126 = ORIENTED_EDGE('',*,*,#127,.F.);
#127 = EDGE_CURVE('',#128,#120,#130,.T.);
#128 = VERTEX_POINT('',#129);
#129 = CARTESIAN_POINT('',(0.32,-0.32,2.54));
#130 = LINE('',#131,#132);
#131 = CARTESIAN_POINT('',(0.32,0.16,2.54));
#132 = VECTOR('',#133,1.);
#133 = DIRECTION('',(0.,1.,0.));
#134 = ORIENTED_EDGE('',*,*,#135,.F.);
#135 = EDGE_CURVE('',#112,#128,#136,.T.);
#136 = LINE('',#137,#138);
#137 = CARTESIAN_POINT('',(0.16,-0.32,2.54));
#138 = VECTOR('',#139,1.);
#139 = DIRECTION('',(1.,0.,0.));
#140 = PLANE('',#141);
#141 = AXIS2_PLACEMENT_3D('',#142,#143,#144);
#142 = CARTESIAN_POINT('',(4.E-17,-4.E-17,2.54));
#143 = DIRECTION('',(0.,0.,1.));
#144 = DIRECTION('',(1.,0.,0.));
#145 = ADVANCED_FACE('',(#146),#187,.T.);
#146 = FACE_BOUND('',#147,.T.);
#147 = EDGE_LOOP('',(#148,#158,#164,#165,#173,#181));
#148 = ORIENTED_EDGE('',*,*,#149,.F.);
#149 = EDGE_CURVE('',#150,#152,#154,.T.);
#150 = VERTEX_POINT('',#151);
#151 = CARTESIAN_POINT('',(-0.67,-1.27,0.6));
#152 = VERTEX_POINT('',#153);
#153 = CARTESIAN_POINT('',(-0.92,-1.02,0.6));
#154 = LINE('',#155,#156);
#155 = CARTESIAN_POINT('',(-0.97,-0.97,0.6));
#156 = VECTOR('',#157,1.);
#157 = DIRECTION('',(-0.707106781187,0.707106781187,1.46537E-12));
#158 = ORIENTED_EDGE('',*,*,#159,.T.);
#159 = EDGE_CURVE('',#150,#44,#160,.T.);
#160 = LINE('',#161,#162);
#161 = CARTESIAN_POINT('',(-0.67,-1.27,0.6));
#162 = VECTOR('',#163,1.);
#163 = DIRECTION('',(0.,0.,1.));
#164 = ORIENTED_EDGE('',*,*,#43,.T.);
#165 = ORIENTED_EDGE('',*,*,#166,.T.);
#166 = EDGE_CURVE('',#46,#167,#169,.T.);
#167 = VERTEX_POINT('',#168);
#168 = CARTESIAN_POINT('',(-1.27,-0.67,2.19));
#169 = LINE('',#170,#171);
#170 = CARTESIAN_POINT('',(-1.6,-0.34,1.86));
#171 = VECTOR('',#172,1.);
#172 = DIRECTION('',(-0.57735026919,0.57735026919,-0.57735026919));
#173 = ORIENTED_EDGE('',*,*,#174,.F.);
#174 = EDGE_CURVE('',#175,#167,#177,.T.);
#175 = VERTEX_POINT('',#176);
#176 = CARTESIAN_POINT('',(-1.27,-0.67,0.950000000001));
#177 = LINE('',#178,#179);
#178 = CARTESIAN_POINT('',(-1.27,-0.67,0.6));
#179 = VECTOR('',#180,1.);
#180 = DIRECTION('',(0.,0.,1.));
#181 = ORIENTED_EDGE('',*,*,#182,.T.);
#182 = EDGE_CURVE('',#175,#152,#183,.T.);
#183 = LINE('',#184,#185);
#184 = CARTESIAN_POINT('',(-1.053333333333,-0.886666666667,
    0.733333333333));
#185 = VECTOR('',#186,1.);
#186 = DIRECTION('',(0.577350269189,-0.577350269189,-0.57735026919));
#187 = PLANE('',#188);
#188 = AXIS2_PLACEMENT_3D('',#189,#190,#191);
#189 = CARTESIAN_POINT('',(-0.97,-0.97,0.6));
#190 = DIRECTION('',(-0.707106781187,-0.707106781187,0.));
#191 = DIRECTION('',(0.,0.,1.));
#192 = ADVANCED_FACE('',(#193),#211,.F.);
#193 = FACE_BOUND('',#194,.F.);
#194 = EDGE_LOOP('',(#195,#203,#204,#205));
#195 = ORIENTED_EDGE('',*,*,#196,.F.);
#196 = EDGE_CURVE('',#94,#197,#199,.T.);
#197 = VERTEX_POINT('',#198);
#198 = CARTESIAN_POINT('',(-1.27,0.67,2.19));
#199 = LINE('',#200,#201);
#200 = CARTESIAN_POINT('',(-1.376666666667,0.563333333333,2.083333333333
    ));
#201 = VECTOR('',#202,1.);
#202 = DIRECTION('',(-0.57735026919,-0.57735026919,-0.57735026919));
#203 = ORIENTED_EDGE('',*,*,#101,.T.);
#204 = ORIENTED_EDGE('',*,*,#166,.T.);
#205 = ORIENTED_EDGE('',*,*,#206,.F.);
#206 = EDGE_CURVE('',#197,#167,#207,.T.);
#207 = LINE('',#208,#209);
#208 = CARTESIAN_POINT('',(-1.27,0.67,2.19));
#209 = VECTOR('',#210,1.);
#210 = DIRECTION('',(0.,-1.,0.));
#211 = PLANE('',#212);
#212 = AXIS2_PLACEMENT_3D('',#213,#214,#215);
#213 = CARTESIAN_POINT('',(-1.095,0.67,2.365));
#214 = DIRECTION('',(0.707106781187,0.,-0.707106781187));
#215 = DIRECTION('',(0.,-1.,0.));
#216 = ADVANCED_FACE('',(#217),#251,.F.);
#217 = FACE_BOUND('',#218,.F.);
#218 = EDGE_LOOP('',(#219,#220,#228,#236,#244,#250));
#219 = ORIENTED_EDGE('',*,*,#53,.T.);
#220 = ORIENTED_EDGE('',*,*,#221,.F.);
#221 = EDGE_CURVE('',#222,#54,#224,.T.);
#222 = VERTEX_POINT('',#223);
#223 = CARTESIAN_POINT('',(0.67,-1.27,0.599999999995));
#224 = LINE('',#225,#226);
#225 = CARTESIAN_POINT('',(0.67,-1.27,0.599999999995));
#226 = VECTOR('',#227,1.);
#227 = DIRECTION('',(0.,0.,1.));
#228 = ORIENTED_EDGE('',*,*,#229,.T.);
#229 = EDGE_CURVE('',#222,#230,#232,.T.);
#230 = VERTEX_POINT('',#231);
#231 = CARTESIAN_POINT('',(0.670000000001,-1.27,0.));
#232 = LINE('',#233,#234);
#233 = CARTESIAN_POINT('',(0.670000000001,-1.27,0.599999999995));
#234 = VECTOR('',#235,1.);
#235 = DIRECTION('',(0.,0.,-1.));
#236 = ORIENTED_EDGE('',*,*,#237,.F.);
#237 = EDGE_CURVE('',#238,#230,#240,.T.);
#238 = VERTEX_POINT('',#239);
#239 = CARTESIAN_POINT('',(-0.67,-1.27,0.));
#240 = LINE('',#241,#242);
#241 = CARTESIAN_POINT('',(-1.27,-1.27,0.));
#242 = VECTOR('',#243,1.);
#243 = DIRECTION('',(1.,0.,0.));
#244 = ORIENTED_EDGE('',*,*,#245,.T.);
#245 = EDGE_CURVE('',#238,#150,#246,.T.);
#246 = LINE('',#247,#248);
#247 = CARTESIAN_POINT('',(-0.67,-1.27,0.));
#248 = VECTOR('',#249,1.);
#249 = DIRECTION('',(0.,0.,1.));
#250 = ORIENTED_EDGE('',*,*,#159,.T.);
#251 = PLANE('',#252);
#252 = AXIS2_PLACEMENT_3D('',#253,#254,#255);
#253 = CARTESIAN_POINT('',(-1.27,-1.27,0.));
#254 = DIRECTION('',(0.,1.,0.));
#255 = DIRECTION('',(1.,0.,0.));
#256 = ADVANCED_FACE('',(#257),#291,.T.);
#257 = FACE_BOUND('',#258,.T.);
#258 = EDGE_LOOP('',(#259,#269,#277,#283,#284,#285));
#259 = ORIENTED_EDGE('',*,*,#260,.F.);
#260 = EDGE_CURVE('',#261,#263,#265,.T.);
#261 = VERTEX_POINT('',#262);
#262 = CARTESIAN_POINT('',(-0.92,1.02,0.6));
#263 = VERTEX_POINT('',#264);
#264 = CARTESIAN_POINT('',(-0.67,1.27,0.6));
#265 = LINE('',#266,#267);
#266 = CARTESIAN_POINT('',(-0.97,0.97,0.6));
#267 = VECTOR('',#268,1.);
#268 = DIRECTION('',(0.707106781187,0.707106781187,-1.46537E-12));
#269 = ORIENTED_EDGE('',*,*,#270,.F.);
#270 = EDGE_CURVE('',#271,#261,#273,.T.);
#271 = VERTEX_POINT('',#272);
#272 = CARTESIAN_POINT('',(-1.27,0.67,0.950000000001));
#273 = LINE('',#274,#275);
#274 = CARTESIAN_POINT('',(-1.276666666666,0.663333333334,0.956666666667
    ));
#275 = VECTOR('',#276,1.);
#276 = DIRECTION('',(0.577350269189,0.577350269189,-0.57735026919));
#277 = ORIENTED_EDGE('',*,*,#278,.T.);
#278 = EDGE_CURVE('',#271,#197,#279,.T.);
#279 = LINE('',#280,#281);
#280 = CARTESIAN_POINT('',(-1.27,0.67,0.6));
#281 = VECTOR('',#282,1.);
#282 = DIRECTION('',(0.,0.,1.));
#283 = ORIENTED_EDGE('',*,*,#196,.F.);
#284 = ORIENTED_EDGE('',*,*,#93,.T.);
#285 = ORIENTED_EDGE('',*,*,#286,.F.);
#286 = EDGE_CURVE('',#263,#86,#287,.T.);
#287 = LINE('',#288,#289);
#288 = CARTESIAN_POINT('',(-0.67,1.27,0.6));
#289 = VECTOR('',#290,1.);
#290 = DIRECTION('',(0.,0.,1.));
#291 = PLANE('',#292);
#292 = AXIS2_PLACEMENT_3D('',#293,#294,#295);
#293 = CARTESIAN_POINT('',(-0.97,0.97,0.6));
#294 = DIRECTION('',(-0.707106781187,0.707106781187,0.));
#295 = DIRECTION('',(0.,0.,1.));
#296 = ADVANCED_FACE('',(#297),#331,.T.);
#297 = FACE_BOUND('',#298,.F.);
#298 = EDGE_LOOP('',(#299,#307,#308,#309,#317,#325));
#299 = ORIENTED_EDGE('',*,*,#300,.F.);
#300 = EDGE_CURVE('',#222,#301,#303,.T.);
#301 = VERTEX_POINT('',#302);
#302 = CARTESIAN_POINT('',(0.92,-1.02,0.599999999996));
#303 = LINE('',#304,#305);
#304 = CARTESIAN_POINT('',(0.97,-0.97,0.599999999996));
#305 = VECTOR('',#306,1.);
#306 = DIRECTION('',(0.707106781187,0.707106781187,-1.46537E-12));
#307 = ORIENTED_EDGE('',*,*,#221,.T.);
#308 = ORIENTED_EDGE('',*,*,#61,.T.);
#309 = ORIENTED_EDGE('',*,*,#310,.T.);
#310 = EDGE_CURVE('',#62,#311,#313,.T.);
#311 = VERTEX_POINT('',#312);
#312 = CARTESIAN_POINT('',(1.27,-0.67,2.19));
#313 = LINE('',#314,#315);
#314 = CARTESIAN_POINT('',(1.376666666668,-0.563333333332,2.083333333332
    ));
#315 = VECTOR('',#316,1.);
#316 = DIRECTION('',(0.57735026919,0.57735026919,-0.57735026919));
#317 = ORIENTED_EDGE('',*,*,#318,.F.);
#318 = EDGE_CURVE('',#319,#311,#321,.T.);
#319 = VERTEX_POINT('',#320);
#320 = CARTESIAN_POINT('',(1.27,-0.67,0.949999999998));
#321 = LINE('',#322,#323);
#322 = CARTESIAN_POINT('',(1.27,-0.67,0.599999999995));
#323 = VECTOR('',#324,1.);
#324 = DIRECTION('',(0.,0.,1.));
#325 = ORIENTED_EDGE('',*,*,#326,.T.);
#326 = EDGE_CURVE('',#319,#301,#327,.T.);
#327 = LINE('',#328,#329);
#328 = CARTESIAN_POINT('',(1.053333333333,-0.886666666667,0.733333333329
    ));
#329 = VECTOR('',#330,1.);
#330 = DIRECTION('',(-0.57735026919,-0.57735026919,-0.577350269189));
#331 = PLANE('',#332);
#332 = AXIS2_PLACEMENT_3D('',#333,#334,#335);
#333 = CARTESIAN_POINT('',(0.97,-0.97,0.599999999995));
#334 = DIRECTION('',(0.707106781187,-0.707106781187,0.));
#335 = DIRECTION('',(-0.,-0.,-1.));
#336 = ADVANCED_FACE('',(#337),#371,.F.);
#337 = FACE_BOUND('',#338,.F.);
#338 = EDGE_LOOP('',(#339,#340,#341,#349,#357,#365));
#339 = ORIENTED_EDGE('',*,*,#85,.T.);
#340 = ORIENTED_EDGE('',*,*,#286,.F.);
#341 = ORIENTED_EDGE('',*,*,#342,.F.);
#342 = EDGE_CURVE('',#343,#263,#345,.T.);
#343 = VERTEX_POINT('',#344);
#344 = CARTESIAN_POINT('',(-0.67,1.27,-1.E-15));
#345 = LINE('',#346,#347);
#346 = CARTESIAN_POINT('',(-0.67,1.27,-1.E-15));
#347 = VECTOR('',#348,1.);
#348 = DIRECTION('',(0.,0.,1.));
#349 = ORIENTED_EDGE('',*,*,#350,.F.);
#350 = EDGE_CURVE('',#351,#343,#353,.T.);
#351 = VERTEX_POINT('',#352);
#352 = CARTESIAN_POINT('',(0.670000000001,1.27,-1.E-15));
#353 = LINE('',#354,#355);
#354 = CARTESIAN_POINT('',(1.27,1.27,0.));
#355 = VECTOR('',#356,1.);
#356 = DIRECTION('',(-1.,0.,0.));
#357 = ORIENTED_EDGE('',*,*,#358,.F.);
#358 = EDGE_CURVE('',#359,#351,#361,.T.);
#359 = VERTEX_POINT('',#360);
#360 = CARTESIAN_POINT('',(0.67,1.27,0.599999999995));
#361 = LINE('',#362,#363);
#362 = CARTESIAN_POINT('',(0.670000000001,1.27,0.599999999995));
#363 = VECTOR('',#364,1.);
#364 = DIRECTION('',(0.,0.,-1.));
#365 = ORIENTED_EDGE('',*,*,#366,.T.);
#366 = EDGE_CURVE('',#359,#78,#367,.T.);
#367 = LINE('',#368,#369);
#368 = CARTESIAN_POINT('',(0.67,1.27,0.599999999995));
#369 = VECTOR('',#370,1.);
#370 = DIRECTION('',(0.,0.,1.));
#371 = PLANE('',#372);
#372 = AXIS2_PLACEMENT_3D('',#373,#374,#375);
#373 = CARTESIAN_POINT('',(1.27,1.27,0.));
#374 = DIRECTION('',(0.,-1.,0.));
#375 = DIRECTION('',(-1.,0.,0.));
#376 = ADVANCED_FACE('',(#377),#395,.F.);
#377 = FACE_BOUND('',#378,.F.);
#378 = EDGE_LOOP('',(#379,#380,#381,#389));
#379 = ORIENTED_EDGE('',*,*,#310,.F.);
#380 = ORIENTED_EDGE('',*,*,#69,.T.);
#381 = ORIENTED_EDGE('',*,*,#382,.T.);
#382 = EDGE_CURVE('',#70,#383,#385,.T.);
#383 = VERTEX_POINT('',#384);
#384 = CARTESIAN_POINT('',(1.27,0.67,2.19));
#385 = LINE('',#386,#387);
#386 = CARTESIAN_POINT('',(1.600000000001,0.339999999999,1.859999999999)
  );
#387 = VECTOR('',#388,1.);
#388 = DIRECTION('',(0.57735026919,-0.57735026919,-0.57735026919));
#389 = ORIENTED_EDGE('',*,*,#390,.F.);
#390 = EDGE_CURVE('',#311,#383,#391,.T.);
#391 = LINE('',#392,#393);
#392 = CARTESIAN_POINT('',(1.27,-0.67,2.19));
#393 = VECTOR('',#394,1.);
#394 = DIRECTION('',(0.,1.,0.));
#395 = PLANE('',#396);
#396 = AXIS2_PLACEMENT_3D('',#397,#398,#399);
#397 = CARTESIAN_POINT('',(1.095,-0.67,2.365));
#398 = DIRECTION('',(-0.707106781187,0.,-0.707106781187));
#399 = DIRECTION('',(0.,1.,0.));
#400 = ADVANCED_FACE('',(#401),#428,.T.);
#401 = FACE_BOUND('',#402,.F.);
#402 = EDGE_LOOP('',(#403,#411,#419,#425,#426,#427));
#403 = ORIENTED_EDGE('',*,*,#404,.F.);
#404 = EDGE_CURVE('',#405,#359,#407,.T.);
#405 = VERTEX_POINT('',#406);
#406 = CARTESIAN_POINT('',(0.92,1.02,0.599999999996));
#407 = LINE('',#408,#409);
#408 = CARTESIAN_POINT('',(0.97,0.97,0.599999999996));
#409 = VECTOR('',#410,1.);
#410 = DIRECTION('',(-0.707106781187,0.707106781187,1.46537E-12));
#411 = ORIENTED_EDGE('',*,*,#412,.F.);
#412 = EDGE_CURVE('',#413,#405,#415,.T.);
#413 = VERTEX_POINT('',#414);
#414 = CARTESIAN_POINT('',(1.27,0.67,0.949999999998));
#415 = LINE('',#416,#417);
#416 = CARTESIAN_POINT('',(1.276666666667,0.663333333333,0.956666666662)
  );
#417 = VECTOR('',#418,1.);
#418 = DIRECTION('',(-0.57735026919,0.57735026919,-0.577350269189));
#419 = ORIENTED_EDGE('',*,*,#420,.T.);
#420 = EDGE_CURVE('',#413,#383,#421,.T.);
#421 = LINE('',#422,#423);
#422 = CARTESIAN_POINT('',(1.27,0.67,0.599999999995));
#423 = VECTOR('',#424,1.);
#424 = DIRECTION('',(0.,0.,1.));
#425 = ORIENTED_EDGE('',*,*,#382,.F.);
#426 = ORIENTED_EDGE('',*,*,#77,.T.);
#427 = ORIENTED_EDGE('',*,*,#366,.F.);
#428 = PLANE('',#429);
#429 = AXIS2_PLACEMENT_3D('',#430,#431,#432);
#430 = CARTESIAN_POINT('',(0.97,0.97,0.599999999995));
#431 = DIRECTION('',(0.707106781187,0.707106781187,0.));
#432 = DIRECTION('',(-0.,-0.,-1.));
#433 = ADVANCED_FACE('',(#434),#459,.F.);
#434 = FACE_BOUND('',#435,.F.);
#435 = EDGE_LOOP('',(#436,#446,#452,#453));
#436 = ORIENTED_EDGE('',*,*,#437,.F.);
#437 = EDGE_CURVE('',#438,#440,#442,.T.);
#438 = VERTEX_POINT('',#439);
#439 = CARTESIAN_POINT('',(-0.32,-0.32,0.599999999999));
#440 = VERTEX_POINT('',#441);
#441 = CARTESIAN_POINT('',(-0.32,0.32,0.599999999999));
#442 = LINE('',#443,#444);
#443 = CARTESIAN_POINT('',(-0.32,-0.16,0.599999999999));
#444 = VECTOR('',#445,1.);
#445 = DIRECTION('',(0.,1.,0.));
#446 = ORIENTED_EDGE('',*,*,#447,.T.);
#447 = EDGE_CURVE('',#438,#112,#448,.T.);
#448 = LINE('',#449,#450);
#449 = CARTESIAN_POINT('',(-0.32,-0.32,0.));
#450 = VECTOR('',#451,1.);
#451 = DIRECTION('',(0.,0.,1.));
#452 = ORIENTED_EDGE('',*,*,#109,.F.);
#453 = ORIENTED_EDGE('',*,*,#454,.F.);
#454 = EDGE_CURVE('',#440,#110,#455,.T.);
#455 = LINE('',#456,#457);
#456 = CARTESIAN_POINT('',(-0.32,0.32,0.));
#457 = VECTOR('',#458,1.);
#458 = DIRECTION('',(0.,0.,1.));
#459 = PLANE('',#460);
#460 = AXIS2_PLACEMENT_3D('',#461,#462,#463);
#461 = CARTESIAN_POINT('',(-0.32,-0.32,0.));
#462 = DIRECTION('',(-1.,0.,0.));
#463 = DIRECTION('',(0.,1.,0.));
#464 = ADVANCED_FACE('',(#465),#483,.F.);
#465 = FACE_BOUND('',#466,.F.);
#466 = EDGE_LOOP('',(#467,#475,#481,#482));
#467 = ORIENTED_EDGE('',*,*,#468,.F.);
#468 = EDGE_CURVE('',#469,#438,#471,.T.);
#469 = VERTEX_POINT('',#470);
#470 = CARTESIAN_POINT('',(0.32,-0.32,0.599999999997));
#471 = LINE('',#472,#473);
#472 = CARTESIAN_POINT('',(0.160000000001,-0.32,0.599999999998));
#473 = VECTOR('',#474,1.);
#474 = DIRECTION('',(-1.,0.,2.07234E-12));
#475 = ORIENTED_EDGE('',*,*,#476,.T.);
#476 = EDGE_CURVE('',#469,#128,#477,.T.);
#477 = LINE('',#478,#479);
#478 = CARTESIAN_POINT('',(0.32,-0.32,0.));
#479 = VECTOR('',#480,1.);
#480 = DIRECTION('',(0.,0.,1.));
#481 = ORIENTED_EDGE('',*,*,#135,.F.);
#482 = ORIENTED_EDGE('',*,*,#447,.F.);
#483 = PLANE('',#484);
#484 = AXIS2_PLACEMENT_3D('',#485,#486,#487);
#485 = CARTESIAN_POINT('',(0.32,-0.32,0.));
#486 = DIRECTION('',(0.,-1.,0.));
#487 = DIRECTION('',(-1.,0.,0.));
#488 = ADVANCED_FACE('',(#489),#507,.F.);
#489 = FACE_BOUND('',#490,.F.);
#490 = EDGE_LOOP('',(#491,#499,#505,#506));
#491 = ORIENTED_EDGE('',*,*,#492,.F.);
#492 = EDGE_CURVE('',#493,#469,#495,.T.);
#493 = VERTEX_POINT('',#494);
#494 = CARTESIAN_POINT('',(0.32,0.32,0.599999999997));
#495 = LINE('',#496,#497);
#496 = CARTESIAN_POINT('',(0.32,0.16,0.599999999997));
#497 = VECTOR('',#498,1.);
#498 = DIRECTION('',(0.,-1.,0.));
#499 = ORIENTED_EDGE('',*,*,#500,.T.);
#500 = EDGE_CURVE('',#493,#120,#501,.T.);
#501 = LINE('',#502,#503);
#502 = CARTESIAN_POINT('',(0.32,0.32,0.));
#503 = VECTOR('',#504,1.);
#504 = DIRECTION('',(0.,0.,1.));
#505 = ORIENTED_EDGE('',*,*,#127,.F.);
#506 = ORIENTED_EDGE('',*,*,#476,.F.);
#507 = PLANE('',#508);
#508 = AXIS2_PLACEMENT_3D('',#509,#510,#511);
#509 = CARTESIAN_POINT('',(0.32,0.32,0.));
#510 = DIRECTION('',(1.,0.,0.));
#511 = DIRECTION('',(0.,-1.,0.));
#512 = ADVANCED_FACE('',(#513),#524,.F.);
#513 = FACE_BOUND('',#514,.F.);
#514 = EDGE_LOOP('',(#515,#521,#522,#523));
#515 = ORIENTED_EDGE('',*,*,#516,.F.);
#516 = EDGE_CURVE('',#440,#493,#517,.T.);
#517 = LINE('',#518,#519);
#518 = CARTESIAN_POINT('',(-0.159999999999,0.32,0.599999999998));
#519 = VECTOR('',#520,1.);
#520 = DIRECTION('',(1.,0.,-2.07234E-12));
#521 = ORIENTED_EDGE('',*,*,#454,.T.);
#522 = ORIENTED_EDGE('',*,*,#119,.F.);
#523 = ORIENTED_EDGE('',*,*,#500,.F.);
#524 = PLANE('',#525);
#525 = AXIS2_PLACEMENT_3D('',#526,#527,#528);
#526 = CARTESIAN_POINT('',(-0.32,0.32,0.));
#527 = DIRECTION('',(0.,1.,0.));
#528 = DIRECTION('',(1.,0.,0.));
#529 = ADVANCED_FACE('',(#530,#592),#598,.T.);
#530 = FACE_BOUND('',#531,.T.);
#531 = EDGE_LOOP('',(#532,#533,#539,#540,#548,#556,#562,#563,#569,#570,
    #578,#586));
#532 = ORIENTED_EDGE('',*,*,#149,.T.);
#533 = ORIENTED_EDGE('',*,*,#534,.T.);
#534 = EDGE_CURVE('',#152,#261,#535,.T.);
#535 = LINE('',#536,#537);
#536 = CARTESIAN_POINT('',(-0.92,-0.67,0.6));
#537 = VECTOR('',#538,1.);
#538 = DIRECTION('',(0.,1.,-2.2E-16));
#539 = ORIENTED_EDGE('',*,*,#260,.T.);
#540 = ORIENTED_EDGE('',*,*,#541,.F.);
#541 = EDGE_CURVE('',#542,#263,#544,.T.);
#542 = VERTEX_POINT('',#543);
#543 = CARTESIAN_POINT('',(-0.67,0.77,0.6));
#544 = LINE('',#545,#546);
#545 = CARTESIAN_POINT('',(-0.67,-1.27,0.6));
#546 = VECTOR('',#547,1.);
#547 = DIRECTION('',(0.,1.,-2.2E-16));
#548 = ORIENTED_EDGE('',*,*,#549,.T.);
#549 = EDGE_CURVE('',#542,#550,#552,.T.);
#550 = VERTEX_POINT('',#551);
#551 = CARTESIAN_POINT('',(0.670000000001,0.77,0.599999999997));
#552 = LINE('',#553,#554);
#553 = CARTESIAN_POINT('',(-1.27,0.77,0.6));
#554 = VECTOR('',#555,1.);
#555 = DIRECTION('',(1.,0.,0.));
#556 = ORIENTED_EDGE('',*,*,#557,.T.);
#557 = EDGE_CURVE('',#550,#359,#558,.T.);
#558 = LINE('',#559,#560);
#559 = CARTESIAN_POINT('',(0.670000000001,-1.27,0.599999999995));
#560 = VECTOR('',#561,1.);
#561 = DIRECTION('',(0.,1.,-2.2E-16));
#562 = ORIENTED_EDGE('',*,*,#404,.F.);
#563 = ORIENTED_EDGE('',*,*,#564,.F.);
#564 = EDGE_CURVE('',#301,#405,#565,.T.);
#565 = LINE('',#566,#567);
#566 = CARTESIAN_POINT('',(0.92,-0.67,0.599999999996));
#567 = VECTOR('',#568,1.);
#568 = DIRECTION('',(0.,1.,-2.2E-16));
#569 = ORIENTED_EDGE('',*,*,#300,.F.);
#570 = ORIENTED_EDGE('',*,*,#571,.T.);
#571 = EDGE_CURVE('',#222,#572,#574,.T.);
#572 = VERTEX_POINT('',#573);
#573 = CARTESIAN_POINT('',(0.670000000001,-0.77,0.599999999997));
#574 = LINE('',#575,#576);
#575 = CARTESIAN_POINT('',(0.670000000001,-1.27,0.599999999995));
#576 = VECTOR('',#577,1.);
#577 = DIRECTION('',(0.,1.,-2.2E-16));
#578 = ORIENTED_EDGE('',*,*,#579,.F.);
#579 = EDGE_CURVE('',#580,#572,#582,.T.);
#580 = VERTEX_POINT('',#581);
#581 = CARTESIAN_POINT('',(-0.67,-0.77,0.6));
#582 = LINE('',#583,#584);
#583 = CARTESIAN_POINT('',(-1.27,-0.77,0.6));
#584 = VECTOR('',#585,1.);
#585 = DIRECTION('',(1.,0.,0.));
#586 = ORIENTED_EDGE('',*,*,#587,.F.);
#587 = EDGE_CURVE('',#150,#580,#588,.T.);
#588 = LINE('',#589,#590);
#589 = CARTESIAN_POINT('',(-0.67,-1.27,0.6));
#590 = VECTOR('',#591,1.);
#591 = DIRECTION('',(0.,1.,-2.2E-16));
#592 = FACE_BOUND('',#593,.T.);
#593 = EDGE_LOOP('',(#594,#595,#596,#597));
#594 = ORIENTED_EDGE('',*,*,#437,.F.);
#595 = ORIENTED_EDGE('',*,*,#468,.F.);
#596 = ORIENTED_EDGE('',*,*,#492,.F.);
#597 = ORIENTED_EDGE('',*,*,#516,.F.);
#598 = PLANE('',#599);
#599 = AXIS2_PLACEMENT_3D('',#600,#601,#602);
#600 = CARTESIAN_POINT('',(6.605E-14,1.5E-16,0.599999999998));
#601 = DIRECTION('',(-2.07234E-12,-0.,-1.));
#602 = DIRECTION('',(-1.,0.,2.07234E-12));
#603 = ADVANCED_FACE('',(#604),#615,.F.);
#604 = FACE_BOUND('',#605,.T.);
#605 = EDGE_LOOP('',(#606,#607,#613,#614));
#606 = ORIENTED_EDGE('',*,*,#182,.F.);
#607 = ORIENTED_EDGE('',*,*,#608,.T.);
#608 = EDGE_CURVE('',#175,#271,#609,.T.);
#609 = LINE('',#610,#611);
#610 = CARTESIAN_POINT('',(-1.27,-0.67,0.950000000001));
#611 = VECTOR('',#612,1.);
#612 = DIRECTION('',(0.,1.,-2.2E-16));
#613 = ORIENTED_EDGE('',*,*,#270,.T.);
#614 = ORIENTED_EDGE('',*,*,#534,.F.);
#615 = PLANE('',#616);
#616 = AXIS2_PLACEMENT_3D('',#617,#618,#619);
#617 = CARTESIAN_POINT('',(-1.095,-0.67,0.775));
#618 = DIRECTION('',(0.707106781187,0.,0.707106781186));
#619 = DIRECTION('',(-1.099999999999E-16,-1.,1.100000000001E-16));
#620 = ADVANCED_FACE('',(#621),#627,.F.);
#621 = FACE_BOUND('',#622,.F.);
#622 = EDGE_LOOP('',(#623,#624,#625,#626));
#623 = ORIENTED_EDGE('',*,*,#174,.F.);
#624 = ORIENTED_EDGE('',*,*,#608,.T.);
#625 = ORIENTED_EDGE('',*,*,#278,.T.);
#626 = ORIENTED_EDGE('',*,*,#206,.T.);
#627 = PLANE('',#628);
#628 = AXIS2_PLACEMENT_3D('',#629,#630,#631);
#629 = CARTESIAN_POINT('',(-1.27,1.27,0.));
#630 = DIRECTION('',(1.,0.,0.));
#631 = DIRECTION('',(0.,-1.,0.));
#632 = ADVANCED_FACE('',(#633),#651,.F.);
#633 = FACE_BOUND('',#634,.F.);
#634 = EDGE_LOOP('',(#635,#636,#644,#650));
#635 = ORIENTED_EDGE('',*,*,#245,.F.);
#636 = ORIENTED_EDGE('',*,*,#637,.T.);
#637 = EDGE_CURVE('',#238,#638,#640,.T.);
#638 = VERTEX_POINT('',#639);
#639 = CARTESIAN_POINT('',(-0.67,-0.77,0.));
#640 = LINE('',#641,#642);
#641 = CARTESIAN_POINT('',(-0.67,-1.27,0.));
#642 = VECTOR('',#643,1.);
#643 = DIRECTION('',(0.,1.,-2.2E-16));
#644 = ORIENTED_EDGE('',*,*,#645,.F.);
#645 = EDGE_CURVE('',#580,#638,#646,.T.);
#646 = LINE('',#647,#648);
#647 = CARTESIAN_POINT('',(-0.67,-0.77,0.));
#648 = VECTOR('',#649,1.);
#649 = DIRECTION('',(0.,0.,-1.));
#650 = ORIENTED_EDGE('',*,*,#587,.F.);
#651 = PLANE('',#652);
#652 = AXIS2_PLACEMENT_3D('',#653,#654,#655);
#653 = CARTESIAN_POINT('',(-0.67,-1.27,0.));
#654 = DIRECTION('',(1.,0.,0.));
#655 = DIRECTION('',(0.,2.2E-16,1.));
#656 = ADVANCED_FACE('',(#657),#675,.F.);
#657 = FACE_BOUND('',#658,.F.);
#658 = EDGE_LOOP('',(#659,#660,#661,#669));
#659 = ORIENTED_EDGE('',*,*,#229,.F.);
#660 = ORIENTED_EDGE('',*,*,#571,.T.);
#661 = ORIENTED_EDGE('',*,*,#662,.F.);
#662 = EDGE_CURVE('',#663,#572,#665,.T.);
#663 = VERTEX_POINT('',#664);
#664 = CARTESIAN_POINT('',(0.670000000001,-0.77,0.));
#665 = LINE('',#666,#667);
#666 = CARTESIAN_POINT('',(0.670000000001,-0.77,0.299999999997));
#667 = VECTOR('',#668,1.);
#668 = DIRECTION('',(0.,0.,1.));
#669 = ORIENTED_EDGE('',*,*,#670,.F.);
#670 = EDGE_CURVE('',#230,#663,#671,.T.);
#671 = LINE('',#672,#673);
#672 = CARTESIAN_POINT('',(0.670000000001,-1.27,0.));
#673 = VECTOR('',#674,1.);
#674 = DIRECTION('',(0.,1.,-2.2E-16));
#675 = PLANE('',#676);
#676 = AXIS2_PLACEMENT_3D('',#677,#678,#679);
#677 = CARTESIAN_POINT('',(0.670000000001,-1.27,0.599999999995));
#678 = DIRECTION('',(-1.,0.,0.));
#679 = DIRECTION('',(0.,-2.2E-16,-1.));
#680 = ADVANCED_FACE('',(#681),#692,.F.);
#681 = FACE_BOUND('',#682,.F.);
#682 = EDGE_LOOP('',(#683,#684,#685,#686));
#683 = ORIENTED_EDGE('',*,*,#637,.F.);
#684 = ORIENTED_EDGE('',*,*,#237,.T.);
#685 = ORIENTED_EDGE('',*,*,#670,.T.);
#686 = ORIENTED_EDGE('',*,*,#687,.F.);
#687 = EDGE_CURVE('',#638,#663,#688,.T.);
#688 = LINE('',#689,#690);
#689 = CARTESIAN_POINT('',(-1.27,-0.77,0.));
#690 = VECTOR('',#691,1.);
#691 = DIRECTION('',(1.,0.,0.));
#692 = PLANE('',#693);
#693 = AXIS2_PLACEMENT_3D('',#694,#695,#696);
#694 = CARTESIAN_POINT('',(4.E-17,-4.E-17,0.));
#695 = DIRECTION('',(0.,0.,1.));
#696 = DIRECTION('',(1.,0.,0.));
#697 = ADVANCED_FACE('',(#698),#709,.F.);
#698 = FACE_BOUND('',#699,.F.);
#699 = EDGE_LOOP('',(#700,#701,#707,#708));
#700 = ORIENTED_EDGE('',*,*,#326,.F.);
#701 = ORIENTED_EDGE('',*,*,#702,.T.);
#702 = EDGE_CURVE('',#319,#413,#703,.T.);
#703 = LINE('',#704,#705);
#704 = CARTESIAN_POINT('',(1.27,-0.67,0.949999999995));
#705 = VECTOR('',#706,1.);
#706 = DIRECTION('',(0.,1.,-2.2E-16));
#707 = ORIENTED_EDGE('',*,*,#412,.T.);
#708 = ORIENTED_EDGE('',*,*,#564,.F.);
#709 = PLANE('',#710);
#710 = AXIS2_PLACEMENT_3D('',#711,#712,#713);
#711 = CARTESIAN_POINT('',(1.095,-0.67,0.774999999996));
#712 = DIRECTION('',(-0.707106781186,0.,0.707106781187));
#713 = DIRECTION('',(-1.100000000001E-16,1.,-1.099999999999E-16));
#714 = ADVANCED_FACE('',(#715),#756,.T.);
#715 = FACE_BOUND('',#716,.T.);
#716 = EDGE_LOOP('',(#717,#727,#735,#743,#749,#750));
#717 = ORIENTED_EDGE('',*,*,#718,.F.);
#718 = EDGE_CURVE('',#719,#721,#723,.T.);
#719 = VERTEX_POINT('',#720);
#720 = CARTESIAN_POINT('',(1.87,-1.27,0.6));
#721 = VERTEX_POINT('',#722);
#722 = CARTESIAN_POINT('',(1.62,-1.02,0.6));
#723 = LINE('',#724,#725);
#724 = CARTESIAN_POINT('',(1.57,-0.97,0.6));
#725 = VECTOR('',#726,1.);
#726 = DIRECTION('',(-0.707106781187,0.707106781187,1.46537E-12));
#727 = ORIENTED_EDGE('',*,*,#728,.T.);
#728 = EDGE_CURVE('',#719,#729,#731,.T.);
#729 = VERTEX_POINT('',#730);
#730 = CARTESIAN_POINT('',(1.87,-1.27,2.54));
#731 = LINE('',#732,#733);
#732 = CARTESIAN_POINT('',(1.87,-1.27,0.6));
#733 = VECTOR('',#734,1.);
#734 = DIRECTION('',(0.,0.,1.));
#735 = ORIENTED_EDGE('',*,*,#736,.T.);
#736 = EDGE_CURVE('',#729,#737,#739,.T.);
#737 = VERTEX_POINT('',#738);
#738 = CARTESIAN_POINT('',(1.62,-1.02,2.54));
#739 = LINE('',#740,#741);
#740 = CARTESIAN_POINT('',(1.57,-0.97,2.54));
#741 = VECTOR('',#742,1.);
#742 = DIRECTION('',(-0.707106781187,0.707106781187,0.));
#743 = ORIENTED_EDGE('',*,*,#744,.T.);
#744 = EDGE_CURVE('',#737,#311,#745,.T.);
#745 = LINE('',#746,#747);
#746 = CARTESIAN_POINT('',(0.94,-0.34,1.86));
#747 = VECTOR('',#748,1.);
#748 = DIRECTION('',(-0.57735026919,0.57735026919,-0.57735026919));
#749 = ORIENTED_EDGE('',*,*,#318,.F.);
#750 = ORIENTED_EDGE('',*,*,#751,.T.);
#751 = EDGE_CURVE('',#319,#721,#752,.T.);
#752 = LINE('',#753,#754);
#753 = CARTESIAN_POINT('',(1.486666666667,-0.886666666667,0.733333333333
    ));
#754 = VECTOR('',#755,1.);
#755 = DIRECTION('',(0.577350269189,-0.577350269189,-0.57735026919));
#756 = PLANE('',#757);
#757 = AXIS2_PLACEMENT_3D('',#758,#759,#760);
#758 = CARTESIAN_POINT('',(1.57,-0.97,0.6));
#759 = DIRECTION('',(-0.707106781187,-0.707106781187,0.));
#760 = DIRECTION('',(0.,0.,1.));
#761 = ADVANCED_FACE('',(#762),#780,.F.);
#762 = FACE_BOUND('',#763,.F.);
#763 = EDGE_LOOP('',(#764,#772,#773,#774));
#764 = ORIENTED_EDGE('',*,*,#765,.F.);
#765 = EDGE_CURVE('',#550,#766,#768,.T.);
#766 = VERTEX_POINT('',#767);
#767 = CARTESIAN_POINT('',(0.670000000001,0.77,0.));
#768 = LINE('',#769,#770);
#769 = CARTESIAN_POINT('',(0.670000000001,0.77,0.599999999997));
#770 = VECTOR('',#771,1.);
#771 = DIRECTION('',(0.,0.,-1.));
#772 = ORIENTED_EDGE('',*,*,#557,.T.);
#773 = ORIENTED_EDGE('',*,*,#358,.T.);
#774 = ORIENTED_EDGE('',*,*,#775,.F.);
#775 = EDGE_CURVE('',#766,#351,#776,.T.);
#776 = LINE('',#777,#778);
#777 = CARTESIAN_POINT('',(0.670000000001,-1.27,0.));
#778 = VECTOR('',#779,1.);
#779 = DIRECTION('',(0.,1.,-2.2E-16));
#780 = PLANE('',#781);
#781 = AXIS2_PLACEMENT_3D('',#782,#783,#784);
#782 = CARTESIAN_POINT('',(0.670000000001,-1.27,0.599999999995));
#783 = DIRECTION('',(-1.,0.,0.));
#784 = DIRECTION('',(0.,-2.2E-16,-1.));
#785 = ADVANCED_FACE('',(#786),#804,.F.);
#786 = FACE_BOUND('',#787,.F.);
#787 = EDGE_LOOP('',(#788,#796,#802,#803));
#788 = ORIENTED_EDGE('',*,*,#789,.F.);
#789 = EDGE_CURVE('',#790,#542,#792,.T.);
#790 = VERTEX_POINT('',#791);
#791 = CARTESIAN_POINT('',(-0.67,0.77,0.));
#792 = LINE('',#793,#794);
#793 = CARTESIAN_POINT('',(-0.67,0.77,0.3));
#794 = VECTOR('',#795,1.);
#795 = DIRECTION('',(0.,0.,1.));
#796 = ORIENTED_EDGE('',*,*,#797,.T.);
#797 = EDGE_CURVE('',#790,#343,#798,.T.);
#798 = LINE('',#799,#800);
#799 = CARTESIAN_POINT('',(-0.67,-1.27,0.));
#800 = VECTOR('',#801,1.);
#801 = DIRECTION('',(0.,1.,-2.2E-16));
#802 = ORIENTED_EDGE('',*,*,#342,.T.);
#803 = ORIENTED_EDGE('',*,*,#541,.F.);
#804 = PLANE('',#805);
#805 = AXIS2_PLACEMENT_3D('',#806,#807,#808);
#806 = CARTESIAN_POINT('',(-0.67,-1.27,0.));
#807 = DIRECTION('',(1.,0.,0.));
#808 = DIRECTION('',(0.,2.2E-16,1.));
#809 = ADVANCED_FACE('',(#810),#821,.F.);
#810 = FACE_BOUND('',#811,.F.);
#811 = EDGE_LOOP('',(#812,#813,#819,#820));
#812 = ORIENTED_EDGE('',*,*,#797,.F.);
#813 = ORIENTED_EDGE('',*,*,#814,.T.);
#814 = EDGE_CURVE('',#790,#766,#815,.T.);
#815 = LINE('',#816,#817);
#816 = CARTESIAN_POINT('',(-1.27,0.77,0.));
#817 = VECTOR('',#818,1.);
#818 = DIRECTION('',(1.,0.,0.));
#819 = ORIENTED_EDGE('',*,*,#775,.T.);
#820 = ORIENTED_EDGE('',*,*,#350,.T.);
#821 = PLANE('',#822);
#822 = AXIS2_PLACEMENT_3D('',#823,#824,#825);
#823 = CARTESIAN_POINT('',(4.E-17,-4.E-17,0.));
#824 = DIRECTION('',(0.,0.,1.));
#825 = DIRECTION('',(1.,0.,0.));
#826 = ADVANCED_FACE('',(#827),#845,.F.);
#827 = FACE_BOUND('',#828,.F.);
#828 = EDGE_LOOP('',(#829,#837,#843,#844));
#829 = ORIENTED_EDGE('',*,*,#830,.F.);
#830 = EDGE_CURVE('',#831,#383,#833,.T.);
#831 = VERTEX_POINT('',#832);
#832 = CARTESIAN_POINT('',(1.62,1.02,2.54));
#833 = LINE('',#834,#835);
#834 = CARTESIAN_POINT('',(1.163333333333,0.563333333333,2.083333333333)
  );
#835 = VECTOR('',#836,1.);
#836 = DIRECTION('',(-0.57735026919,-0.57735026919,-0.57735026919));
#837 = ORIENTED_EDGE('',*,*,#838,.T.);
#838 = EDGE_CURVE('',#831,#737,#839,.T.);
#839 = LINE('',#840,#841);
#840 = CARTESIAN_POINT('',(1.62,0.67,2.54));
#841 = VECTOR('',#842,1.);
#842 = DIRECTION('',(0.,-1.,0.));
#843 = ORIENTED_EDGE('',*,*,#744,.T.);
#844 = ORIENTED_EDGE('',*,*,#390,.T.);
#845 = PLANE('',#846);
#846 = AXIS2_PLACEMENT_3D('',#847,#848,#849);
#847 = CARTESIAN_POINT('',(1.445,0.67,2.365));
#848 = DIRECTION('',(0.707106781187,0.,-0.707106781187));
#849 = DIRECTION('',(0.,-1.,0.));
#850 = ADVANCED_FACE('',(#851),#885,.T.);
#851 = FACE_BOUND('',#852,.T.);
#852 = EDGE_LOOP('',(#853,#863,#869,#870,#871,#879));
#853 = ORIENTED_EDGE('',*,*,#854,.F.);
#854 = EDGE_CURVE('',#855,#857,#859,.T.);
#855 = VERTEX_POINT('',#856);
#856 = CARTESIAN_POINT('',(1.62,1.02,0.6));
#857 = VERTEX_POINT('',#858);
#858 = CARTESIAN_POINT('',(1.87,1.27,0.6));
#859 = LINE('',#860,#861);
#860 = CARTESIAN_POINT('',(1.57,0.97,0.6));
#861 = VECTOR('',#862,1.);
#862 = DIRECTION('',(0.707106781187,0.707106781187,-1.46537E-12));
#863 = ORIENTED_EDGE('',*,*,#864,.F.);
#864 = EDGE_CURVE('',#413,#855,#865,.T.);
#865 = LINE('',#866,#867);
#866 = CARTESIAN_POINT('',(1.263333333334,0.663333333334,0.956666666667)
  );
#867 = VECTOR('',#868,1.);
#868 = DIRECTION('',(0.577350269189,0.577350269189,-0.57735026919));
#869 = ORIENTED_EDGE('',*,*,#420,.T.);
#870 = ORIENTED_EDGE('',*,*,#830,.F.);
#871 = ORIENTED_EDGE('',*,*,#872,.T.);
#872 = EDGE_CURVE('',#831,#873,#875,.T.);
#873 = VERTEX_POINT('',#874);
#874 = CARTESIAN_POINT('',(1.87,1.27,2.54));
#875 = LINE('',#876,#877);
#876 = CARTESIAN_POINT('',(1.57,0.97,2.54));
#877 = VECTOR('',#878,1.);
#878 = DIRECTION('',(0.707106781187,0.707106781187,0.));
#879 = ORIENTED_EDGE('',*,*,#880,.F.);
#880 = EDGE_CURVE('',#857,#873,#881,.T.);
#881 = LINE('',#882,#883);
#882 = CARTESIAN_POINT('',(1.87,1.27,0.6));
#883 = VECTOR('',#884,1.);
#884 = DIRECTION('',(0.,0.,1.));
#885 = PLANE('',#886);
#886 = AXIS2_PLACEMENT_3D('',#887,#888,#889);
#887 = CARTESIAN_POINT('',(1.57,0.97,0.6));
#888 = DIRECTION('',(-0.707106781187,0.707106781187,0.));
#889 = DIRECTION('',(0.,0.,1.));
#890 = ADVANCED_FACE('',(#891),#897,.F.);
#891 = FACE_BOUND('',#892,.F.);
#892 = EDGE_LOOP('',(#893,#894,#895,#896));
#893 = ORIENTED_EDGE('',*,*,#645,.T.);
#894 = ORIENTED_EDGE('',*,*,#687,.T.);
#895 = ORIENTED_EDGE('',*,*,#662,.T.);
#896 = ORIENTED_EDGE('',*,*,#579,.F.);
#897 = PLANE('',#898);
#898 = AXIS2_PLACEMENT_3D('',#899,#900,#901);
#899 = CARTESIAN_POINT('',(-1.27,-0.77,0.));
#900 = DIRECTION('',(0.,-1.,0.));
#901 = DIRECTION('',(0.,0.,1.));
#902 = ADVANCED_FACE('',(#903),#909,.F.);
#903 = FACE_BOUND('',#904,.F.);
#904 = EDGE_LOOP('',(#905,#906,#907,#908));
#905 = ORIENTED_EDGE('',*,*,#789,.T.);
#906 = ORIENTED_EDGE('',*,*,#549,.T.);
#907 = ORIENTED_EDGE('',*,*,#765,.T.);
#908 = ORIENTED_EDGE('',*,*,#814,.F.);
#909 = PLANE('',#910);
#910 = AXIS2_PLACEMENT_3D('',#911,#912,#913);
#911 = CARTESIAN_POINT('',(-1.27,0.77,0.6));
#912 = DIRECTION('',(0.,1.,0.));
#913 = DIRECTION('',(0.,0.,-1.));
#914 = ADVANCED_FACE('',(#915),#926,.F.);
#915 = FACE_BOUND('',#916,.T.);
#916 = EDGE_LOOP('',(#917,#918,#919,#920));
#917 = ORIENTED_EDGE('',*,*,#751,.F.);
#918 = ORIENTED_EDGE('',*,*,#702,.T.);
#919 = ORIENTED_EDGE('',*,*,#864,.T.);
#920 = ORIENTED_EDGE('',*,*,#921,.F.);
#921 = EDGE_CURVE('',#721,#855,#922,.T.);
#922 = LINE('',#923,#924);
#923 = CARTESIAN_POINT('',(1.62,-0.67,0.6));
#924 = VECTOR('',#925,1.);
#925 = DIRECTION('',(0.,1.,-2.2E-16));
#926 = PLANE('',#927);
#927 = AXIS2_PLACEMENT_3D('',#928,#929,#930);
#928 = CARTESIAN_POINT('',(1.445,-0.67,0.775));
#929 = DIRECTION('',(0.707106781187,0.,0.707106781186));
#930 = DIRECTION('',(-1.099999999999E-16,-1.,1.100000000001E-16));
#931 = ADVANCED_FACE('',(#932,#1007),#1041,.T.);
#932 = FACE_BOUND('',#933,.T.);
#933 = EDGE_LOOP('',(#934,#935,#936,#937,#945,#953,#961,#969,#977,#985,
    #993,#1001));
#934 = ORIENTED_EDGE('',*,*,#718,.T.);
#935 = ORIENTED_EDGE('',*,*,#921,.T.);
#936 = ORIENTED_EDGE('',*,*,#854,.T.);
#937 = ORIENTED_EDGE('',*,*,#938,.F.);
#938 = EDGE_CURVE('',#939,#857,#941,.T.);
#939 = VERTEX_POINT('',#940);
#940 = CARTESIAN_POINT('',(1.87,0.77,0.6));
#941 = LINE('',#942,#943);
#942 = CARTESIAN_POINT('',(1.87,-1.27,0.6));
#943 = VECTOR('',#944,1.);
#944 = DIRECTION('',(0.,1.,-2.2E-16));
#945 = ORIENTED_EDGE('',*,*,#946,.T.);
#946 = EDGE_CURVE('',#939,#947,#949,.T.);
#947 = VERTEX_POINT('',#948);
#948 = CARTESIAN_POINT('',(3.210000000001,0.77,0.599999999997));
#949 = LINE('',#950,#951);
#950 = CARTESIAN_POINT('',(1.27,0.77,0.6));
#951 = VECTOR('',#952,1.);
#952 = DIRECTION('',(1.,0.,0.));
#953 = ORIENTED_EDGE('',*,*,#954,.T.);
#954 = EDGE_CURVE('',#947,#955,#957,.T.);
#955 = VERTEX_POINT('',#956);
#956 = CARTESIAN_POINT('',(3.21,1.27,0.599999999995));
#957 = LINE('',#958,#959);
#958 = CARTESIAN_POINT('',(3.210000000001,-1.27,0.599999999995));
#959 = VECTOR('',#960,1.);
#960 = DIRECTION('',(0.,1.,-2.2E-16));
#961 = ORIENTED_EDGE('',*,*,#962,.F.);
#962 = EDGE_CURVE('',#963,#955,#965,.T.);
#963 = VERTEX_POINT('',#964);
#964 = CARTESIAN_POINT('',(3.46,1.02,0.599999999996));
#965 = LINE('',#966,#967);
#966 = CARTESIAN_POINT('',(3.51,0.97,0.599999999996));
#967 = VECTOR('',#968,1.);
#968 = DIRECTION('',(-0.707106781187,0.707106781187,1.46537E-12));
#969 = ORIENTED_EDGE('',*,*,#970,.F.);
#970 = EDGE_CURVE('',#971,#963,#973,.T.);
#971 = VERTEX_POINT('',#972);
#972 = CARTESIAN_POINT('',(3.46,-1.02,0.599999999996));
#973 = LINE('',#974,#975);
#974 = CARTESIAN_POINT('',(3.46,-0.67,0.599999999996));
#975 = VECTOR('',#976,1.);
#976 = DIRECTION('',(0.,1.,-2.2E-16));
#977 = ORIENTED_EDGE('',*,*,#978,.F.);
#978 = EDGE_CURVE('',#979,#971,#981,.T.);
#979 = VERTEX_POINT('',#980);
#980 = CARTESIAN_POINT('',(3.21,-1.27,0.599999999995));
#981 = LINE('',#982,#983);
#982 = CARTESIAN_POINT('',(3.51,-0.97,0.599999999996));
#983 = VECTOR('',#984,1.);
#984 = DIRECTION('',(0.707106781187,0.707106781187,-1.46537E-12));
#985 = ORIENTED_EDGE('',*,*,#986,.T.);
#986 = EDGE_CURVE('',#979,#987,#989,.T.);
#987 = VERTEX_POINT('',#988);
#988 = CARTESIAN_POINT('',(3.210000000001,-0.77,0.599999999997));
#989 = LINE('',#990,#991);
#990 = CARTESIAN_POINT('',(3.210000000001,-1.27,0.599999999995));
#991 = VECTOR('',#992,1.);
#992 = DIRECTION('',(0.,1.,-2.2E-16));
#993 = ORIENTED_EDGE('',*,*,#994,.F.);
#994 = EDGE_CURVE('',#995,#987,#997,.T.);
#995 = VERTEX_POINT('',#996);
#996 = CARTESIAN_POINT('',(1.87,-0.77,0.6));
#997 = LINE('',#998,#999);
#998 = CARTESIAN_POINT('',(1.27,-0.77,0.6));
#999 = VECTOR('',#1000,1.);
#1000 = DIRECTION('',(1.,0.,0.));
#1001 = ORIENTED_EDGE('',*,*,#1002,.F.);
#1002 = EDGE_CURVE('',#719,#995,#1003,.T.);
#1003 = LINE('',#1004,#1005);
#1004 = CARTESIAN_POINT('',(1.87,-1.27,0.6));
#1005 = VECTOR('',#1006,1.);
#1006 = DIRECTION('',(0.,1.,-2.2E-16));
#1007 = FACE_BOUND('',#1008,.T.);
#1008 = EDGE_LOOP('',(#1009,#1019,#1027,#1035));
#1009 = ORIENTED_EDGE('',*,*,#1010,.F.);
#1010 = EDGE_CURVE('',#1011,#1013,#1015,.T.);
#1011 = VERTEX_POINT('',#1012);
#1012 = CARTESIAN_POINT('',(2.22,-0.32,0.599999999999));
#1013 = VERTEX_POINT('',#1014);
#1014 = CARTESIAN_POINT('',(2.22,0.32,0.599999999999));
#1015 = LINE('',#1016,#1017);
#1016 = CARTESIAN_POINT('',(2.22,-0.16,0.599999999999));
#1017 = VECTOR('',#1018,1.);
#1018 = DIRECTION('',(0.,1.,0.));
#1019 = ORIENTED_EDGE('',*,*,#1020,.F.);
#1020 = EDGE_CURVE('',#1021,#1011,#1023,.T.);
#1021 = VERTEX_POINT('',#1022);
#1022 = CARTESIAN_POINT('',(2.86,-0.32,0.599999999997));
#1023 = LINE('',#1024,#1025);
#1024 = CARTESIAN_POINT('',(2.700000000001,-0.32,0.599999999998));
#1025 = VECTOR('',#1026,1.);
#1026 = DIRECTION('',(-1.,0.,2.07234E-12));
#1027 = ORIENTED_EDGE('',*,*,#1028,.F.);
#1028 = EDGE_CURVE('',#1029,#1021,#1031,.T.);
#1029 = VERTEX_POINT('',#1030);
#1030 = CARTESIAN_POINT('',(2.86,0.32,0.599999999997));
#1031 = LINE('',#1032,#1033);
#1032 = CARTESIAN_POINT('',(2.86,0.16,0.599999999997));
#1033 = VECTOR('',#1034,1.);
#1034 = DIRECTION('',(0.,-1.,0.));
#1035 = ORIENTED_EDGE('',*,*,#1036,.F.);
#1036 = EDGE_CURVE('',#1013,#1029,#1037,.T.);
#1037 = LINE('',#1038,#1039);
#1038 = CARTESIAN_POINT('',(2.380000000001,0.32,0.599999999998));
#1039 = VECTOR('',#1040,1.);
#1040 = DIRECTION('',(1.,0.,-2.07234E-12));
#1041 = PLANE('',#1042);
#1042 = AXIS2_PLACEMENT_3D('',#1043,#1044,#1045);
#1043 = CARTESIAN_POINT('',(2.54,1.5E-16,0.599999999998));
#1044 = DIRECTION('',(-2.07234E-12,-0.,-1.));
#1045 = DIRECTION('',(-1.,0.,2.07234E-12));
#1046 = ADVANCED_FACE('',(#1047),#1086,.F.);
#1047 = FACE_BOUND('',#1048,.F.);
#1048 = EDGE_LOOP('',(#1049,#1057,#1063,#1071,#1079,#1085));
#1049 = ORIENTED_EDGE('',*,*,#1050,.T.);
#1050 = EDGE_CURVE('',#729,#1051,#1053,.T.);
#1051 = VERTEX_POINT('',#1052);
#1052 = CARTESIAN_POINT('',(3.21,-1.27,2.54));
#1053 = LINE('',#1054,#1055);
#1054 = CARTESIAN_POINT('',(1.27,-1.27,2.54));
#1055 = VECTOR('',#1056,1.);
#1056 = DIRECTION('',(1.,0.,0.));
#1057 = ORIENTED_EDGE('',*,*,#1058,.F.);
#1058 = EDGE_CURVE('',#979,#1051,#1059,.T.);
#1059 = LINE('',#1060,#1061);
#1060 = CARTESIAN_POINT('',(3.21,-1.27,0.599999999995));
#1061 = VECTOR('',#1062,1.);
#1062 = DIRECTION('',(0.,0.,1.));
#1063 = ORIENTED_EDGE('',*,*,#1064,.T.);
#1064 = EDGE_CURVE('',#979,#1065,#1067,.T.);
#1065 = VERTEX_POINT('',#1066);
#1066 = CARTESIAN_POINT('',(3.210000000001,-1.27,0.));
#1067 = LINE('',#1068,#1069);
#1068 = CARTESIAN_POINT('',(3.210000000001,-1.27,0.599999999995));
#1069 = VECTOR('',#1070,1.);
#1070 = DIRECTION('',(0.,0.,-1.));
#1071 = ORIENTED_EDGE('',*,*,#1072,.F.);
#1072 = EDGE_CURVE('',#1073,#1065,#1075,.T.);
#1073 = VERTEX_POINT('',#1074);
#1074 = CARTESIAN_POINT('',(1.87,-1.27,0.));
#1075 = LINE('',#1076,#1077);
#1076 = CARTESIAN_POINT('',(1.27,-1.27,0.));
#1077 = VECTOR('',#1078,1.);
#1078 = DIRECTION('',(1.,0.,0.));
#1079 = ORIENTED_EDGE('',*,*,#1080,.T.);
#1080 = EDGE_CURVE('',#1073,#719,#1081,.T.);
#1081 = LINE('',#1082,#1083);
#1082 = CARTESIAN_POINT('',(1.87,-1.27,0.));
#1083 = VECTOR('',#1084,1.);
#1084 = DIRECTION('',(0.,0.,1.));
#1085 = ORIENTED_EDGE('',*,*,#728,.T.);
#1086 = PLANE('',#1087);
#1087 = AXIS2_PLACEMENT_3D('',#1088,#1089,#1090);
#1088 = CARTESIAN_POINT('',(1.27,-1.27,0.));
#1089 = DIRECTION('',(0.,1.,0.));
#1090 = DIRECTION('',(1.,0.,0.));
#1091 = ADVANCED_FACE('',(#1092,#1128),#1162,.T.);
#1092 = FACE_BOUND('',#1093,.T.);
#1093 = EDGE_LOOP('',(#1094,#1095,#1096,#1104,#1112,#1120,#1126,#1127));
#1094 = ORIENTED_EDGE('',*,*,#736,.F.);
#1095 = ORIENTED_EDGE('',*,*,#1050,.T.);
#1096 = ORIENTED_EDGE('',*,*,#1097,.T.);
#1097 = EDGE_CURVE('',#1051,#1098,#1100,.T.);
#1098 = VERTEX_POINT('',#1099);
#1099 = CARTESIAN_POINT('',(3.46,-1.02,2.54));
#1100 = LINE('',#1101,#1102);
#1101 = CARTESIAN_POINT('',(3.51,-0.97,2.54));
#1102 = VECTOR('',#1103,1.);
#1103 = DIRECTION('',(0.707106781187,0.707106781187,0.));
#1104 = ORIENTED_EDGE('',*,*,#1105,.T.);
#1105 = EDGE_CURVE('',#1098,#1106,#1108,.T.);
#1106 = VERTEX_POINT('',#1107);
#1107 = CARTESIAN_POINT('',(3.46,1.02,2.54));
#1108 = LINE('',#1109,#1110);
#1109 = CARTESIAN_POINT('',(3.46,-0.67,2.54));
#1110 = VECTOR('',#1111,1.);
#1111 = DIRECTION('',(0.,1.,0.));
#1112 = ORIENTED_EDGE('',*,*,#1113,.T.);
#1113 = EDGE_CURVE('',#1106,#1114,#1116,.T.);
#1114 = VERTEX_POINT('',#1115);
#1115 = CARTESIAN_POINT('',(3.21,1.27,2.54));
#1116 = LINE('',#1117,#1118);
#1117 = CARTESIAN_POINT('',(3.51,0.97,2.54));
#1118 = VECTOR('',#1119,1.);
#1119 = DIRECTION('',(-0.707106781187,0.707106781187,0.));
#1120 = ORIENTED_EDGE('',*,*,#1121,.T.);
#1121 = EDGE_CURVE('',#1114,#873,#1122,.T.);
#1122 = LINE('',#1123,#1124);
#1123 = CARTESIAN_POINT('',(3.81,1.27,2.54));
#1124 = VECTOR('',#1125,1.);
#1125 = DIRECTION('',(-1.,0.,0.));
#1126 = ORIENTED_EDGE('',*,*,#872,.F.);
#1127 = ORIENTED_EDGE('',*,*,#838,.T.);
#1128 = FACE_BOUND('',#1129,.T.);
#1129 = EDGE_LOOP('',(#1130,#1140,#1148,#1156));
#1130 = ORIENTED_EDGE('',*,*,#1131,.F.);
#1131 = EDGE_CURVE('',#1132,#1134,#1136,.T.);
#1132 = VERTEX_POINT('',#1133);
#1133 = CARTESIAN_POINT('',(2.22,0.32,2.54));
#1134 = VERTEX_POINT('',#1135);
#1135 = CARTESIAN_POINT('',(2.22,-0.32,2.54));
#1136 = LINE('',#1137,#1138);
#1137 = CARTESIAN_POINT('',(2.22,-0.16,2.54));
#1138 = VECTOR('',#1139,1.);
#1139 = DIRECTION('',(0.,-1.,0.));
#1140 = ORIENTED_EDGE('',*,*,#1141,.F.);
#1141 = EDGE_CURVE('',#1142,#1132,#1144,.T.);
#1142 = VERTEX_POINT('',#1143);
#1143 = CARTESIAN_POINT('',(2.86,0.32,2.54));
#1144 = LINE('',#1145,#1146);
#1145 = CARTESIAN_POINT('',(2.38,0.32,2.54));
#1146 = VECTOR('',#1147,1.);
#1147 = DIRECTION('',(-1.,0.,0.));
#1148 = ORIENTED_EDGE('',*,*,#1149,.F.);
#1149 = EDGE_CURVE('',#1150,#1142,#1152,.T.);
#1150 = VERTEX_POINT('',#1151);
#1151 = CARTESIAN_POINT('',(2.86,-0.32,2.54));
#1152 = LINE('',#1153,#1154);
#1153 = CARTESIAN_POINT('',(2.86,0.16,2.54));
#1154 = VECTOR('',#1155,1.);
#1155 = DIRECTION('',(0.,1.,0.));
#1156 = ORIENTED_EDGE('',*,*,#1157,.F.);
#1157 = EDGE_CURVE('',#1134,#1150,#1158,.T.);
#1158 = LINE('',#1159,#1160);
#1159 = CARTESIAN_POINT('',(2.7,-0.32,2.54));
#1160 = VECTOR('',#1161,1.);
#1161 = DIRECTION('',(1.,0.,0.));
#1162 = PLANE('',#1163);
#1163 = AXIS2_PLACEMENT_3D('',#1164,#1165,#1166);
#1164 = CARTESIAN_POINT('',(2.54,-4.E-17,2.54));
#1165 = DIRECTION('',(0.,0.,1.));
#1166 = DIRECTION('',(1.,0.,0.));
#1167 = ADVANCED_FACE('',(#1168),#1200,.F.);
#1168 = FACE_BOUND('',#1169,.F.);
#1169 = EDGE_LOOP('',(#1170,#1171,#1172,#1180,#1188,#1194));
#1170 = ORIENTED_EDGE('',*,*,#1121,.T.);
#1171 = ORIENTED_EDGE('',*,*,#880,.F.);
#1172 = ORIENTED_EDGE('',*,*,#1173,.F.);
#1173 = EDGE_CURVE('',#1174,#857,#1176,.T.);
#1174 = VERTEX_POINT('',#1175);
#1175 = CARTESIAN_POINT('',(1.87,1.27,-1.E-15));
#1176 = LINE('',#1177,#1178);
#1177 = CARTESIAN_POINT('',(1.87,1.27,-1.E-15));
#1178 = VECTOR('',#1179,1.);
#1179 = DIRECTION('',(0.,0.,1.));
#1180 = ORIENTED_EDGE('',*,*,#1181,.F.);
#1181 = EDGE_CURVE('',#1182,#1174,#1184,.T.);
#1182 = VERTEX_POINT('',#1183);
#1183 = CARTESIAN_POINT('',(3.210000000001,1.27,-1.E-15));
#1184 = LINE('',#1185,#1186);
#1185 = CARTESIAN_POINT('',(3.81,1.27,0.));
#1186 = VECTOR('',#1187,1.);
#1187 = DIRECTION('',(-1.,0.,0.));
#1188 = ORIENTED_EDGE('',*,*,#1189,.F.);
#1189 = EDGE_CURVE('',#955,#1182,#1190,.T.);
#1190 = LINE('',#1191,#1192);
#1191 = CARTESIAN_POINT('',(3.210000000001,1.27,0.599999999995));
#1192 = VECTOR('',#1193,1.);
#1193 = DIRECTION('',(0.,0.,-1.));
#1194 = ORIENTED_EDGE('',*,*,#1195,.T.);
#1195 = EDGE_CURVE('',#955,#1114,#1196,.T.);
#1196 = LINE('',#1197,#1198);
#1197 = CARTESIAN_POINT('',(3.21,1.27,0.599999999995));
#1198 = VECTOR('',#1199,1.);
#1199 = DIRECTION('',(0.,0.,1.));
#1200 = PLANE('',#1201);
#1201 = AXIS2_PLACEMENT_3D('',#1202,#1203,#1204);
#1202 = CARTESIAN_POINT('',(3.81,1.27,0.));
#1203 = DIRECTION('',(0.,-1.,0.));
#1204 = DIRECTION('',(-1.,0.,0.));
#1205 = ADVANCED_FACE('',(#1206),#1224,.F.);
#1206 = FACE_BOUND('',#1207,.F.);
#1207 = EDGE_LOOP('',(#1208,#1209,#1217,#1223));
#1208 = ORIENTED_EDGE('',*,*,#1080,.F.);
#1209 = ORIENTED_EDGE('',*,*,#1210,.T.);
#1210 = EDGE_CURVE('',#1073,#1211,#1213,.T.);
#1211 = VERTEX_POINT('',#1212);
#1212 = CARTESIAN_POINT('',(1.87,-0.77,0.));
#1213 = LINE('',#1214,#1215);
#1214 = CARTESIAN_POINT('',(1.87,-1.27,0.));
#1215 = VECTOR('',#1216,1.);
#1216 = DIRECTION('',(0.,1.,-2.2E-16));
#1217 = ORIENTED_EDGE('',*,*,#1218,.F.);
#1218 = EDGE_CURVE('',#995,#1211,#1219,.T.);
#1219 = LINE('',#1220,#1221);
#1220 = CARTESIAN_POINT('',(1.87,-0.77,0.));
#1221 = VECTOR('',#1222,1.);
#1222 = DIRECTION('',(0.,0.,-1.));
#1223 = ORIENTED_EDGE('',*,*,#1002,.F.);
#1224 = PLANE('',#1225);
#1225 = AXIS2_PLACEMENT_3D('',#1226,#1227,#1228);
#1226 = CARTESIAN_POINT('',(1.87,-1.27,0.));
#1227 = DIRECTION('',(1.,0.,0.));
#1228 = DIRECTION('',(0.,2.2E-16,1.));
#1229 = ADVANCED_FACE('',(#1230),#1248,.F.);
#1230 = FACE_BOUND('',#1231,.F.);
#1231 = EDGE_LOOP('',(#1232,#1233,#1241,#1247));
#1232 = ORIENTED_EDGE('',*,*,#1218,.T.);
#1233 = ORIENTED_EDGE('',*,*,#1234,.T.);
#1234 = EDGE_CURVE('',#1211,#1235,#1237,.T.);
#1235 = VERTEX_POINT('',#1236);
#1236 = CARTESIAN_POINT('',(3.210000000001,-0.77,0.));
#1237 = LINE('',#1238,#1239);
#1238 = CARTESIAN_POINT('',(1.27,-0.77,0.));
#1239 = VECTOR('',#1240,1.);
#1240 = DIRECTION('',(1.,0.,0.));
#1241 = ORIENTED_EDGE('',*,*,#1242,.T.);
#1242 = EDGE_CURVE('',#1235,#987,#1243,.T.);
#1243 = LINE('',#1244,#1245);
#1244 = CARTESIAN_POINT('',(3.210000000001,-0.77,0.299999999997));
#1245 = VECTOR('',#1246,1.);
#1246 = DIRECTION('',(0.,0.,1.));
#1247 = ORIENTED_EDGE('',*,*,#994,.F.);
#1248 = PLANE('',#1249);
#1249 = AXIS2_PLACEMENT_3D('',#1250,#1251,#1252);
#1250 = CARTESIAN_POINT('',(1.27,-0.77,0.));
#1251 = DIRECTION('',(0.,-1.,0.));
#1252 = DIRECTION('',(0.,0.,1.));
#1253 = ADVANCED_FACE('',(#1254),#1272,.F.);
#1254 = FACE_BOUND('',#1255,.F.);
#1255 = EDGE_LOOP('',(#1256,#1264,#1270,#1271));
#1256 = ORIENTED_EDGE('',*,*,#1257,.F.);
#1257 = EDGE_CURVE('',#1258,#939,#1260,.T.);
#1258 = VERTEX_POINT('',#1259);
#1259 = CARTESIAN_POINT('',(1.87,0.77,0.));
#1260 = LINE('',#1261,#1262);
#1261 = CARTESIAN_POINT('',(1.87,0.77,0.3));
#1262 = VECTOR('',#1263,1.);
#1263 = DIRECTION('',(0.,0.,1.));
#1264 = ORIENTED_EDGE('',*,*,#1265,.T.);
#1265 = EDGE_CURVE('',#1258,#1174,#1266,.T.);
#1266 = LINE('',#1267,#1268);
#1267 = CARTESIAN_POINT('',(1.87,-1.27,0.));
#1268 = VECTOR('',#1269,1.);
#1269 = DIRECTION('',(0.,1.,-2.2E-16));
#1270 = ORIENTED_EDGE('',*,*,#1173,.T.);
#1271 = ORIENTED_EDGE('',*,*,#938,.F.);
#1272 = PLANE('',#1273);
#1273 = AXIS2_PLACEMENT_3D('',#1274,#1275,#1276);
#1274 = CARTESIAN_POINT('',(1.87,-1.27,0.));
#1275 = DIRECTION('',(1.,0.,0.));
#1276 = DIRECTION('',(0.,2.2E-16,1.));
#1277 = ADVANCED_FACE('',(#1278),#1289,.F.);
#1278 = FACE_BOUND('',#1279,.F.);
#1279 = EDGE_LOOP('',(#1280,#1281,#1282,#1283));
#1280 = ORIENTED_EDGE('',*,*,#1064,.F.);
#1281 = ORIENTED_EDGE('',*,*,#986,.T.);
#1282 = ORIENTED_EDGE('',*,*,#1242,.F.);
#1283 = ORIENTED_EDGE('',*,*,#1284,.F.);
#1284 = EDGE_CURVE('',#1065,#1235,#1285,.T.);
#1285 = LINE('',#1286,#1287);
#1286 = CARTESIAN_POINT('',(3.210000000001,-1.27,0.));
#1287 = VECTOR('',#1288,1.);
#1288 = DIRECTION('',(0.,1.,-2.2E-16));
#1289 = PLANE('',#1290);
#1290 = AXIS2_PLACEMENT_3D('',#1291,#1292,#1293);
#1291 = CARTESIAN_POINT('',(3.210000000001,-1.27,0.599999999995));
#1292 = DIRECTION('',(-1.,0.,0.));
#1293 = DIRECTION('',(0.,-2.2E-16,-1.));
#1294 = ADVANCED_FACE('',(#1295),#1313,.F.);
#1295 = FACE_BOUND('',#1296,.F.);
#1296 = EDGE_LOOP('',(#1297,#1298,#1299,#1307));
#1297 = ORIENTED_EDGE('',*,*,#1257,.T.);
#1298 = ORIENTED_EDGE('',*,*,#946,.T.);
#1299 = ORIENTED_EDGE('',*,*,#1300,.T.);
#1300 = EDGE_CURVE('',#947,#1301,#1303,.T.);
#1301 = VERTEX_POINT('',#1302);
#1302 = CARTESIAN_POINT('',(3.210000000001,0.77,0.));
#1303 = LINE('',#1304,#1305);
#1304 = CARTESIAN_POINT('',(3.210000000001,0.77,0.599999999997));
#1305 = VECTOR('',#1306,1.);
#1306 = DIRECTION('',(0.,0.,-1.));
#1307 = ORIENTED_EDGE('',*,*,#1308,.F.);
#1308 = EDGE_CURVE('',#1258,#1301,#1309,.T.);
#1309 = LINE('',#1310,#1311);
#1310 = CARTESIAN_POINT('',(1.27,0.77,0.));
#1311 = VECTOR('',#1312,1.);
#1312 = DIRECTION('',(1.,0.,0.));
#1313 = PLANE('',#1314);
#1314 = AXIS2_PLACEMENT_3D('',#1315,#1316,#1317);
#1315 = CARTESIAN_POINT('',(1.27,0.77,0.6));
#1316 = DIRECTION('',(0.,1.,0.));
#1317 = DIRECTION('',(0.,0.,-1.));
#1318 = ADVANCED_FACE('',(#1319),#1346,.T.);
#1319 = FACE_BOUND('',#1320,.F.);
#1320 = EDGE_LOOP('',(#1321,#1322,#1323,#1324,#1332,#1340));
#1321 = ORIENTED_EDGE('',*,*,#978,.F.);
#1322 = ORIENTED_EDGE('',*,*,#1058,.T.);
#1323 = ORIENTED_EDGE('',*,*,#1097,.T.);
#1324 = ORIENTED_EDGE('',*,*,#1325,.T.);
#1325 = EDGE_CURVE('',#1098,#1326,#1328,.T.);
#1326 = VERTEX_POINT('',#1327);
#1327 = CARTESIAN_POINT('',(3.81,-0.67,2.19));
#1328 = LINE('',#1329,#1330);
#1329 = CARTESIAN_POINT('',(3.916666666668,-0.563333333332,
    2.083333333332));
#1330 = VECTOR('',#1331,1.);
#1331 = DIRECTION('',(0.57735026919,0.57735026919,-0.57735026919));
#1332 = ORIENTED_EDGE('',*,*,#1333,.F.);
#1333 = EDGE_CURVE('',#1334,#1326,#1336,.T.);
#1334 = VERTEX_POINT('',#1335);
#1335 = CARTESIAN_POINT('',(3.81,-0.67,0.949999999998));
#1336 = LINE('',#1337,#1338);
#1337 = CARTESIAN_POINT('',(3.81,-0.67,0.599999999995));
#1338 = VECTOR('',#1339,1.);
#1339 = DIRECTION('',(0.,0.,1.));
#1340 = ORIENTED_EDGE('',*,*,#1341,.T.);
#1341 = EDGE_CURVE('',#1334,#971,#1342,.T.);
#1342 = LINE('',#1343,#1344);
#1343 = CARTESIAN_POINT('',(3.593333333333,-0.886666666667,
    0.733333333329));
#1344 = VECTOR('',#1345,1.);
#1345 = DIRECTION('',(-0.57735026919,-0.57735026919,-0.577350269189));
#1346 = PLANE('',#1347);
#1347 = AXIS2_PLACEMENT_3D('',#1348,#1349,#1350);
#1348 = CARTESIAN_POINT('',(3.51,-0.97,0.599999999995));
#1349 = DIRECTION('',(0.707106781187,-0.707106781187,0.));
#1350 = DIRECTION('',(-0.,-0.,-1.));
#1351 = ADVANCED_FACE('',(#1352),#1363,.F.);
#1352 = FACE_BOUND('',#1353,.F.);
#1353 = EDGE_LOOP('',(#1354,#1355,#1356,#1357));
#1354 = ORIENTED_EDGE('',*,*,#1300,.F.);
#1355 = ORIENTED_EDGE('',*,*,#954,.T.);
#1356 = ORIENTED_EDGE('',*,*,#1189,.T.);
#1357 = ORIENTED_EDGE('',*,*,#1358,.F.);
#1358 = EDGE_CURVE('',#1301,#1182,#1359,.T.);
#1359 = LINE('',#1360,#1361);
#1360 = CARTESIAN_POINT('',(3.210000000001,-1.27,0.));
#1361 = VECTOR('',#1362,1.);
#1362 = DIRECTION('',(0.,1.,-2.2E-16));
#1363 = PLANE('',#1364);
#1364 = AXIS2_PLACEMENT_3D('',#1365,#1366,#1367);
#1365 = CARTESIAN_POINT('',(3.210000000001,-1.27,0.599999999995));
#1366 = DIRECTION('',(-1.,0.,0.));
#1367 = DIRECTION('',(0.,-2.2E-16,-1.));
#1368 = ADVANCED_FACE('',(#1369),#1387,.F.);
#1369 = FACE_BOUND('',#1370,.F.);
#1370 = EDGE_LOOP('',(#1371,#1372,#1380,#1386));
#1371 = ORIENTED_EDGE('',*,*,#1341,.F.);
#1372 = ORIENTED_EDGE('',*,*,#1373,.T.);
#1373 = EDGE_CURVE('',#1334,#1374,#1376,.T.);
#1374 = VERTEX_POINT('',#1375);
#1375 = CARTESIAN_POINT('',(3.81,0.67,0.949999999998));
#1376 = LINE('',#1377,#1378);
#1377 = CARTESIAN_POINT('',(3.81,-0.67,0.949999999995));
#1378 = VECTOR('',#1379,1.);
#1379 = DIRECTION('',(0.,1.,-2.2E-16));
#1380 = ORIENTED_EDGE('',*,*,#1381,.T.);
#1381 = EDGE_CURVE('',#1374,#963,#1382,.T.);
#1382 = LINE('',#1383,#1384);
#1383 = CARTESIAN_POINT('',(3.816666666667,0.663333333333,0.956666666662
    ));
#1384 = VECTOR('',#1385,1.);
#1385 = DIRECTION('',(-0.57735026919,0.57735026919,-0.577350269189));
#1386 = ORIENTED_EDGE('',*,*,#970,.F.);
#1387 = PLANE('',#1388);
#1388 = AXIS2_PLACEMENT_3D('',#1389,#1390,#1391);
#1389 = CARTESIAN_POINT('',(3.635,-0.67,0.774999999996));
#1390 = DIRECTION('',(-0.707106781186,0.,0.707106781187));
#1391 = DIRECTION('',(-1.100000000001E-16,1.,-1.099999999999E-16));
#1392 = ADVANCED_FACE('',(#1393),#1413,.T.);
#1393 = FACE_BOUND('',#1394,.F.);
#1394 = EDGE_LOOP('',(#1395,#1396,#1397,#1405,#1411,#1412));
#1395 = ORIENTED_EDGE('',*,*,#962,.F.);
#1396 = ORIENTED_EDGE('',*,*,#1381,.F.);
#1397 = ORIENTED_EDGE('',*,*,#1398,.T.);
#1398 = EDGE_CURVE('',#1374,#1399,#1401,.T.);
#1399 = VERTEX_POINT('',#1400);
#1400 = CARTESIAN_POINT('',(3.81,0.67,2.19));
#1401 = LINE('',#1402,#1403);
#1402 = CARTESIAN_POINT('',(3.81,0.67,0.599999999995));
#1403 = VECTOR('',#1404,1.);
#1404 = DIRECTION('',(0.,0.,1.));
#1405 = ORIENTED_EDGE('',*,*,#1406,.F.);
#1406 = EDGE_CURVE('',#1106,#1399,#1407,.T.);
#1407 = LINE('',#1408,#1409);
#1408 = CARTESIAN_POINT('',(4.140000000001,0.339999999999,1.859999999999
    ));
#1409 = VECTOR('',#1410,1.);
#1410 = DIRECTION('',(0.57735026919,-0.57735026919,-0.57735026919));
#1411 = ORIENTED_EDGE('',*,*,#1113,.T.);
#1412 = ORIENTED_EDGE('',*,*,#1195,.F.);
#1413 = PLANE('',#1414);
#1414 = AXIS2_PLACEMENT_3D('',#1415,#1416,#1417);
#1415 = CARTESIAN_POINT('',(3.51,0.97,0.599999999995));
#1416 = DIRECTION('',(0.707106781187,0.707106781187,0.));
#1417 = DIRECTION('',(-0.,-0.,-1.));
#1418 = ADVANCED_FACE('',(#1419),#1435,.F.);
#1419 = FACE_BOUND('',#1420,.F.);
#1420 = EDGE_LOOP('',(#1421,#1422,#1428,#1429));
#1421 = ORIENTED_EDGE('',*,*,#1010,.F.);
#1422 = ORIENTED_EDGE('',*,*,#1423,.T.);
#1423 = EDGE_CURVE('',#1011,#1134,#1424,.T.);
#1424 = LINE('',#1425,#1426);
#1425 = CARTESIAN_POINT('',(2.22,-0.32,0.));
#1426 = VECTOR('',#1427,1.);
#1427 = DIRECTION('',(0.,0.,1.));
#1428 = ORIENTED_EDGE('',*,*,#1131,.F.);
#1429 = ORIENTED_EDGE('',*,*,#1430,.F.);
#1430 = EDGE_CURVE('',#1013,#1132,#1431,.T.);
#1431 = LINE('',#1432,#1433);
#1432 = CARTESIAN_POINT('',(2.22,0.32,0.));
#1433 = VECTOR('',#1434,1.);
#1434 = DIRECTION('',(0.,0.,1.));
#1435 = PLANE('',#1436);
#1436 = AXIS2_PLACEMENT_3D('',#1437,#1438,#1439);
#1437 = CARTESIAN_POINT('',(2.22,-0.32,0.));
#1438 = DIRECTION('',(-1.,0.,0.));
#1439 = DIRECTION('',(0.,1.,0.));
#1440 = ADVANCED_FACE('',(#1441),#1452,.F.);
#1441 = FACE_BOUND('',#1442,.F.);
#1442 = EDGE_LOOP('',(#1443,#1444,#1445,#1446));
#1443 = ORIENTED_EDGE('',*,*,#1036,.F.);
#1444 = ORIENTED_EDGE('',*,*,#1430,.T.);
#1445 = ORIENTED_EDGE('',*,*,#1141,.F.);
#1446 = ORIENTED_EDGE('',*,*,#1447,.F.);
#1447 = EDGE_CURVE('',#1029,#1142,#1448,.T.);
#1448 = LINE('',#1449,#1450);
#1449 = CARTESIAN_POINT('',(2.86,0.32,0.));
#1450 = VECTOR('',#1451,1.);
#1451 = DIRECTION('',(0.,0.,1.));
#1452 = PLANE('',#1453);
#1453 = AXIS2_PLACEMENT_3D('',#1454,#1455,#1456);
#1454 = CARTESIAN_POINT('',(2.22,0.32,0.));
#1455 = DIRECTION('',(0.,1.,0.));
#1456 = DIRECTION('',(1.,0.,0.));
#1457 = ADVANCED_FACE('',(#1458),#1469,.F.);
#1458 = FACE_BOUND('',#1459,.F.);
#1459 = EDGE_LOOP('',(#1460,#1461,#1462,#1463));
#1460 = ORIENTED_EDGE('',*,*,#1028,.F.);
#1461 = ORIENTED_EDGE('',*,*,#1447,.T.);
#1462 = ORIENTED_EDGE('',*,*,#1149,.F.);
#1463 = ORIENTED_EDGE('',*,*,#1464,.F.);
#1464 = EDGE_CURVE('',#1021,#1150,#1465,.T.);
#1465 = LINE('',#1466,#1467);
#1466 = CARTESIAN_POINT('',(2.86,-0.32,0.));
#1467 = VECTOR('',#1468,1.);
#1468 = DIRECTION('',(0.,0.,1.));
#1469 = PLANE('',#1470);
#1470 = AXIS2_PLACEMENT_3D('',#1471,#1472,#1473);
#1471 = CARTESIAN_POINT('',(2.86,0.32,0.));
#1472 = DIRECTION('',(1.,0.,0.));
#1473 = DIRECTION('',(0.,-1.,0.));
#1474 = ADVANCED_FACE('',(#1475),#1481,.F.);
#1475 = FACE_BOUND('',#1476,.F.);
#1476 = EDGE_LOOP('',(#1477,#1478,#1479,#1480));
#1477 = ORIENTED_EDGE('',*,*,#1020,.F.);
#1478 = ORIENTED_EDGE('',*,*,#1464,.T.);
#1479 = ORIENTED_EDGE('',*,*,#1157,.F.);
#1480 = ORIENTED_EDGE('',*,*,#1423,.F.);
#1481 = PLANE('',#1482);
#1482 = AXIS2_PLACEMENT_3D('',#1483,#1484,#1485);
#1483 = CARTESIAN_POINT('',(2.86,-0.32,0.));
#1484 = DIRECTION('',(0.,-1.,0.));
#1485 = DIRECTION('',(-1.,0.,0.));
#1486 = ADVANCED_FACE('',(#1487),#1493,.F.);
#1487 = FACE_BOUND('',#1488,.F.);
#1488 = EDGE_LOOP('',(#1489,#1490,#1491,#1492));
#1489 = ORIENTED_EDGE('',*,*,#1210,.F.);
#1490 = ORIENTED_EDGE('',*,*,#1072,.T.);
#1491 = ORIENTED_EDGE('',*,*,#1284,.T.);
#1492 = ORIENTED_EDGE('',*,*,#1234,.F.);
#1493 = PLANE('',#1494);
#1494 = AXIS2_PLACEMENT_3D('',#1495,#1496,#1497);
#1495 = CARTESIAN_POINT('',(2.54,-4.E-17,0.));
#1496 = DIRECTION('',(0.,0.,1.));
#1497 = DIRECTION('',(1.,0.,0.));
#1498 = ADVANCED_FACE('',(#1499),#1510,.F.);
#1499 = FACE_BOUND('',#1500,.F.);
#1500 = EDGE_LOOP('',(#1501,#1502,#1503,#1504));
#1501 = ORIENTED_EDGE('',*,*,#1325,.F.);
#1502 = ORIENTED_EDGE('',*,*,#1105,.T.);
#1503 = ORIENTED_EDGE('',*,*,#1406,.T.);
#1504 = ORIENTED_EDGE('',*,*,#1505,.F.);
#1505 = EDGE_CURVE('',#1326,#1399,#1506,.T.);
#1506 = LINE('',#1507,#1508);
#1507 = CARTESIAN_POINT('',(3.81,-0.67,2.19));
#1508 = VECTOR('',#1509,1.);
#1509 = DIRECTION('',(0.,1.,0.));
#1510 = PLANE('',#1511);
#1511 = AXIS2_PLACEMENT_3D('',#1512,#1513,#1514);
#1512 = CARTESIAN_POINT('',(3.635,-0.67,2.365));
#1513 = DIRECTION('',(-0.707106781187,0.,-0.707106781187));
#1514 = DIRECTION('',(0.,1.,0.));
#1515 = ADVANCED_FACE('',(#1516),#1522,.F.);
#1516 = FACE_BOUND('',#1517,.F.);
#1517 = EDGE_LOOP('',(#1518,#1519,#1520,#1521));
#1518 = ORIENTED_EDGE('',*,*,#1265,.F.);
#1519 = ORIENTED_EDGE('',*,*,#1308,.T.);
#1520 = ORIENTED_EDGE('',*,*,#1358,.T.);
#1521 = ORIENTED_EDGE('',*,*,#1181,.T.);
#1522 = PLANE('',#1523);
#1523 = AXIS2_PLACEMENT_3D('',#1524,#1525,#1526);
#1524 = CARTESIAN_POINT('',(2.54,-4.E-17,0.));
#1525 = DIRECTION('',(0.,0.,1.));
#1526 = DIRECTION('',(1.,0.,0.));
#1527 = ADVANCED_FACE('',(#1528),#1569,.T.);
#1528 = FACE_BOUND('',#1529,.T.);
#1529 = EDGE_LOOP('',(#1530,#1540,#1548,#1556,#1562,#1563));
#1530 = ORIENTED_EDGE('',*,*,#1531,.F.);
#1531 = EDGE_CURVE('',#1532,#1534,#1536,.T.);
#1532 = VERTEX_POINT('',#1533);
#1533 = CARTESIAN_POINT('',(4.41,-1.27,0.6));
#1534 = VERTEX_POINT('',#1535);
#1535 = CARTESIAN_POINT('',(4.16,-1.02,0.6));
#1536 = LINE('',#1537,#1538);
#1537 = CARTESIAN_POINT('',(4.11,-0.97,0.6));
#1538 = VECTOR('',#1539,1.);
#1539 = DIRECTION('',(-0.707106781187,0.707106781187,1.46537E-12));
#1540 = ORIENTED_EDGE('',*,*,#1541,.T.);
#1541 = EDGE_CURVE('',#1532,#1542,#1544,.T.);
#1542 = VERTEX_POINT('',#1543);
#1543 = CARTESIAN_POINT('',(4.41,-1.27,2.54));
#1544 = LINE('',#1545,#1546);
#1545 = CARTESIAN_POINT('',(4.41,-1.27,0.6));
#1546 = VECTOR('',#1547,1.);
#1547 = DIRECTION('',(0.,0.,1.));
#1548 = ORIENTED_EDGE('',*,*,#1549,.T.);
#1549 = EDGE_CURVE('',#1542,#1550,#1552,.T.);
#1550 = VERTEX_POINT('',#1551);
#1551 = CARTESIAN_POINT('',(4.16,-1.02,2.54));
#1552 = LINE('',#1553,#1554);
#1553 = CARTESIAN_POINT('',(4.11,-0.97,2.54));
#1554 = VECTOR('',#1555,1.);
#1555 = DIRECTION('',(-0.707106781187,0.707106781187,0.));
#1556 = ORIENTED_EDGE('',*,*,#1557,.T.);
#1557 = EDGE_CURVE('',#1550,#1326,#1558,.T.);
#1558 = LINE('',#1559,#1560);
#1559 = CARTESIAN_POINT('',(3.48,-0.34,1.86));
#1560 = VECTOR('',#1561,1.);
#1561 = DIRECTION('',(-0.57735026919,0.57735026919,-0.57735026919));
#1562 = ORIENTED_EDGE('',*,*,#1333,.F.);
#1563 = ORIENTED_EDGE('',*,*,#1564,.T.);
#1564 = EDGE_CURVE('',#1334,#1534,#1565,.T.);
#1565 = LINE('',#1566,#1567);
#1566 = CARTESIAN_POINT('',(4.026666666667,-0.886666666667,
    0.733333333333));
#1567 = VECTOR('',#1568,1.);
#1568 = DIRECTION('',(0.577350269189,-0.577350269189,-0.57735026919));
#1569 = PLANE('',#1570);
#1570 = AXIS2_PLACEMENT_3D('',#1571,#1572,#1573);
#1571 = CARTESIAN_POINT('',(4.11,-0.97,0.6));
#1572 = DIRECTION('',(-0.707106781187,-0.707106781187,0.));
#1573 = DIRECTION('',(0.,0.,1.));
#1574 = ADVANCED_FACE('',(#1575),#1593,.F.);
#1575 = FACE_BOUND('',#1576,.T.);
#1576 = EDGE_LOOP('',(#1577,#1578,#1579,#1587));
#1577 = ORIENTED_EDGE('',*,*,#1564,.F.);
#1578 = ORIENTED_EDGE('',*,*,#1373,.T.);
#1579 = ORIENTED_EDGE('',*,*,#1580,.T.);
#1580 = EDGE_CURVE('',#1374,#1581,#1583,.T.);
#1581 = VERTEX_POINT('',#1582);
#1582 = CARTESIAN_POINT('',(4.16,1.02,0.6));
#1583 = LINE('',#1584,#1585);
#1584 = CARTESIAN_POINT('',(3.803333333334,0.663333333334,0.956666666667
    ));
#1585 = VECTOR('',#1586,1.);
#1586 = DIRECTION('',(0.577350269189,0.577350269189,-0.57735026919));
#1587 = ORIENTED_EDGE('',*,*,#1588,.F.);
#1588 = EDGE_CURVE('',#1534,#1581,#1589,.T.);
#1589 = LINE('',#1590,#1591);
#1590 = CARTESIAN_POINT('',(4.16,-0.67,0.6));
#1591 = VECTOR('',#1592,1.);
#1592 = DIRECTION('',(0.,1.,-2.2E-16));
#1593 = PLANE('',#1594);
#1594 = AXIS2_PLACEMENT_3D('',#1595,#1596,#1597);
#1595 = CARTESIAN_POINT('',(3.985,-0.67,0.775));
#1596 = DIRECTION('',(0.707106781187,0.,0.707106781186));
#1597 = DIRECTION('',(-1.099999999999E-16,-1.,1.100000000001E-16));
#1598 = ADVANCED_FACE('',(#1599),#1633,.T.);
#1599 = FACE_BOUND('',#1600,.T.);
#1600 = EDGE_LOOP('',(#1601,#1609,#1610,#1611,#1619,#1627));
#1601 = ORIENTED_EDGE('',*,*,#1602,.F.);
#1602 = EDGE_CURVE('',#1581,#1603,#1605,.T.);
#1603 = VERTEX_POINT('',#1604);
#1604 = CARTESIAN_POINT('',(4.41,1.27,0.6));
#1605 = LINE('',#1606,#1607);
#1606 = CARTESIAN_POINT('',(4.11,0.97,0.6));
#1607 = VECTOR('',#1608,1.);
#1608 = DIRECTION('',(0.707106781187,0.707106781187,-1.46537E-12));
#1609 = ORIENTED_EDGE('',*,*,#1580,.F.);
#1610 = ORIENTED_EDGE('',*,*,#1398,.T.);
#1611 = ORIENTED_EDGE('',*,*,#1612,.F.);
#1612 = EDGE_CURVE('',#1613,#1399,#1615,.T.);
#1613 = VERTEX_POINT('',#1614);
#1614 = CARTESIAN_POINT('',(4.16,1.02,2.54));
#1615 = LINE('',#1616,#1617);
#1616 = CARTESIAN_POINT('',(3.703333333333,0.563333333333,2.083333333333
    ));
#1617 = VECTOR('',#1618,1.);
#1618 = DIRECTION('',(-0.57735026919,-0.57735026919,-0.57735026919));
#1619 = ORIENTED_EDGE('',*,*,#1620,.T.);
#1620 = EDGE_CURVE('',#1613,#1621,#1623,.T.);
#1621 = VERTEX_POINT('',#1622);
#1622 = CARTESIAN_POINT('',(4.41,1.27,2.54));
#1623 = LINE('',#1624,#1625);
#1624 = CARTESIAN_POINT('',(4.11,0.97,2.54));
#1625 = VECTOR('',#1626,1.);
#1626 = DIRECTION('',(0.707106781187,0.707106781187,0.));
#1627 = ORIENTED_EDGE('',*,*,#1628,.F.);
#1628 = EDGE_CURVE('',#1603,#1621,#1629,.T.);
#1629 = LINE('',#1630,#1631);
#1630 = CARTESIAN_POINT('',(4.41,1.27,0.6));
#1631 = VECTOR('',#1632,1.);
#1632 = DIRECTION('',(0.,0.,1.));
#1633 = PLANE('',#1634);
#1634 = AXIS2_PLACEMENT_3D('',#1635,#1636,#1637);
#1635 = CARTESIAN_POINT('',(4.11,0.97,0.6));
#1636 = DIRECTION('',(-0.707106781187,0.707106781187,0.));
#1637 = DIRECTION('',(0.,0.,1.));
#1638 = ADVANCED_FACE('',(#1639),#1650,.F.);
#1639 = FACE_BOUND('',#1640,.F.);
#1640 = EDGE_LOOP('',(#1641,#1642,#1648,#1649));
#1641 = ORIENTED_EDGE('',*,*,#1612,.F.);
#1642 = ORIENTED_EDGE('',*,*,#1643,.T.);
#1643 = EDGE_CURVE('',#1613,#1550,#1644,.T.);
#1644 = LINE('',#1645,#1646);
#1645 = CARTESIAN_POINT('',(4.16,0.67,2.54));
#1646 = VECTOR('',#1647,1.);
#1647 = DIRECTION('',(0.,-1.,0.));
#1648 = ORIENTED_EDGE('',*,*,#1557,.T.);
#1649 = ORIENTED_EDGE('',*,*,#1505,.T.);
#1650 = PLANE('',#1651);
#1651 = AXIS2_PLACEMENT_3D('',#1652,#1653,#1654);
#1652 = CARTESIAN_POINT('',(3.985,0.67,2.365));
#1653 = DIRECTION('',(0.707106781187,0.,-0.707106781187));
#1654 = DIRECTION('',(0.,-1.,0.));
#1655 = ADVANCED_FACE('',(#1656,#1731),#1765,.T.);
#1656 = FACE_BOUND('',#1657,.T.);
#1657 = EDGE_LOOP('',(#1658,#1659,#1660,#1661,#1669,#1677,#1685,#1693,
    #1701,#1709,#1717,#1725));
#1658 = ORIENTED_EDGE('',*,*,#1531,.T.);
#1659 = ORIENTED_EDGE('',*,*,#1588,.T.);
#1660 = ORIENTED_EDGE('',*,*,#1602,.T.);
#1661 = ORIENTED_EDGE('',*,*,#1662,.F.);
#1662 = EDGE_CURVE('',#1663,#1603,#1665,.T.);
#1663 = VERTEX_POINT('',#1664);
#1664 = CARTESIAN_POINT('',(4.41,0.77,0.6));
#1665 = LINE('',#1666,#1667);
#1666 = CARTESIAN_POINT('',(4.41,-1.27,0.6));
#1667 = VECTOR('',#1668,1.);
#1668 = DIRECTION('',(0.,1.,-2.2E-16));
#1669 = ORIENTED_EDGE('',*,*,#1670,.T.);
#1670 = EDGE_CURVE('',#1663,#1671,#1673,.T.);
#1671 = VERTEX_POINT('',#1672);
#1672 = CARTESIAN_POINT('',(5.750000000001,0.77,0.599999999997));
#1673 = LINE('',#1674,#1675);
#1674 = CARTESIAN_POINT('',(3.81,0.77,0.6));
#1675 = VECTOR('',#1676,1.);
#1676 = DIRECTION('',(1.,0.,0.));
#1677 = ORIENTED_EDGE('',*,*,#1678,.T.);
#1678 = EDGE_CURVE('',#1671,#1679,#1681,.T.);
#1679 = VERTEX_POINT('',#1680);
#1680 = CARTESIAN_POINT('',(5.75,1.27,0.599999999995));
#1681 = LINE('',#1682,#1683);
#1682 = CARTESIAN_POINT('',(5.750000000001,-1.27,0.599999999995));
#1683 = VECTOR('',#1684,1.);
#1684 = DIRECTION('',(0.,1.,-2.2E-16));
#1685 = ORIENTED_EDGE('',*,*,#1686,.F.);
#1686 = EDGE_CURVE('',#1687,#1679,#1689,.T.);
#1687 = VERTEX_POINT('',#1688);
#1688 = CARTESIAN_POINT('',(6.,1.02,0.599999999996));
#1689 = LINE('',#1690,#1691);
#1690 = CARTESIAN_POINT('',(6.05,0.97,0.599999999996));
#1691 = VECTOR('',#1692,1.);
#1692 = DIRECTION('',(-0.707106781187,0.707106781187,1.46537E-12));
#1693 = ORIENTED_EDGE('',*,*,#1694,.F.);
#1694 = EDGE_CURVE('',#1695,#1687,#1697,.T.);
#1695 = VERTEX_POINT('',#1696);
#1696 = CARTESIAN_POINT('',(6.,-1.02,0.599999999996));
#1697 = LINE('',#1698,#1699);
#1698 = CARTESIAN_POINT('',(6.,-0.67,0.599999999996));
#1699 = VECTOR('',#1700,1.);
#1700 = DIRECTION('',(0.,1.,-2.2E-16));
#1701 = ORIENTED_EDGE('',*,*,#1702,.F.);
#1702 = EDGE_CURVE('',#1703,#1695,#1705,.T.);
#1703 = VERTEX_POINT('',#1704);
#1704 = CARTESIAN_POINT('',(5.75,-1.27,0.599999999995));
#1705 = LINE('',#1706,#1707);
#1706 = CARTESIAN_POINT('',(6.05,-0.97,0.599999999996));
#1707 = VECTOR('',#1708,1.);
#1708 = DIRECTION('',(0.707106781187,0.707106781187,-1.46537E-12));
#1709 = ORIENTED_EDGE('',*,*,#1710,.T.);
#1710 = EDGE_CURVE('',#1703,#1711,#1713,.T.);
#1711 = VERTEX_POINT('',#1712);
#1712 = CARTESIAN_POINT('',(5.750000000001,-0.77,0.599999999997));
#1713 = LINE('',#1714,#1715);
#1714 = CARTESIAN_POINT('',(5.750000000001,-1.27,0.599999999995));
#1715 = VECTOR('',#1716,1.);
#1716 = DIRECTION('',(0.,1.,-2.2E-16));
#1717 = ORIENTED_EDGE('',*,*,#1718,.F.);
#1718 = EDGE_CURVE('',#1719,#1711,#1721,.T.);
#1719 = VERTEX_POINT('',#1720);
#1720 = CARTESIAN_POINT('',(4.41,-0.77,0.6));
#1721 = LINE('',#1722,#1723);
#1722 = CARTESIAN_POINT('',(3.81,-0.77,0.6));
#1723 = VECTOR('',#1724,1.);
#1724 = DIRECTION('',(1.,0.,0.));
#1725 = ORIENTED_EDGE('',*,*,#1726,.F.);
#1726 = EDGE_CURVE('',#1532,#1719,#1727,.T.);
#1727 = LINE('',#1728,#1729);
#1728 = CARTESIAN_POINT('',(4.41,-1.27,0.6));
#1729 = VECTOR('',#1730,1.);
#1730 = DIRECTION('',(0.,1.,-2.2E-16));
#1731 = FACE_BOUND('',#1732,.T.);
#1732 = EDGE_LOOP('',(#1733,#1743,#1751,#1759));
#1733 = ORIENTED_EDGE('',*,*,#1734,.F.);
#1734 = EDGE_CURVE('',#1735,#1737,#1739,.T.);
#1735 = VERTEX_POINT('',#1736);
#1736 = CARTESIAN_POINT('',(4.76,-0.32,0.599999999999));
#1737 = VERTEX_POINT('',#1738);
#1738 = CARTESIAN_POINT('',(4.76,0.32,0.599999999999));
#1739 = LINE('',#1740,#1741);
#1740 = CARTESIAN_POINT('',(4.76,-0.16,0.599999999999));
#1741 = VECTOR('',#1742,1.);
#1742 = DIRECTION('',(0.,1.,0.));
#1743 = ORIENTED_EDGE('',*,*,#1744,.F.);
#1744 = EDGE_CURVE('',#1745,#1735,#1747,.T.);
#1745 = VERTEX_POINT('',#1746);
#1746 = CARTESIAN_POINT('',(5.4,-0.32,0.599999999997));
#1747 = LINE('',#1748,#1749);
#1748 = CARTESIAN_POINT('',(5.240000000001,-0.32,0.599999999998));
#1749 = VECTOR('',#1750,1.);
#1750 = DIRECTION('',(-1.,0.,2.07234E-12));
#1751 = ORIENTED_EDGE('',*,*,#1752,.F.);
#1752 = EDGE_CURVE('',#1753,#1745,#1755,.T.);
#1753 = VERTEX_POINT('',#1754);
#1754 = CARTESIAN_POINT('',(5.4,0.32,0.599999999997));
#1755 = LINE('',#1756,#1757);
#1756 = CARTESIAN_POINT('',(5.4,0.16,0.599999999997));
#1757 = VECTOR('',#1758,1.);
#1758 = DIRECTION('',(0.,-1.,0.));
#1759 = ORIENTED_EDGE('',*,*,#1760,.F.);
#1760 = EDGE_CURVE('',#1737,#1753,#1761,.T.);
#1761 = LINE('',#1762,#1763);
#1762 = CARTESIAN_POINT('',(4.920000000001,0.32,0.599999999998));
#1763 = VECTOR('',#1764,1.);
#1764 = DIRECTION('',(1.,0.,-2.07234E-12));
#1765 = PLANE('',#1766);
#1766 = AXIS2_PLACEMENT_3D('',#1767,#1768,#1769);
#1767 = CARTESIAN_POINT('',(5.08,1.5E-16,0.599999999998));
#1768 = DIRECTION('',(-2.07234E-12,-0.,-1.));
#1769 = DIRECTION('',(-1.,0.,2.07234E-12));
#1770 = ADVANCED_FACE('',(#1771),#1810,.F.);
#1771 = FACE_BOUND('',#1772,.F.);
#1772 = EDGE_LOOP('',(#1773,#1781,#1787,#1795,#1803,#1809));
#1773 = ORIENTED_EDGE('',*,*,#1774,.T.);
#1774 = EDGE_CURVE('',#1542,#1775,#1777,.T.);
#1775 = VERTEX_POINT('',#1776);
#1776 = CARTESIAN_POINT('',(5.75,-1.27,2.54));
#1777 = LINE('',#1778,#1779);
#1778 = CARTESIAN_POINT('',(3.81,-1.27,2.54));
#1779 = VECTOR('',#1780,1.);
#1780 = DIRECTION('',(1.,0.,0.));
#1781 = ORIENTED_EDGE('',*,*,#1782,.F.);
#1782 = EDGE_CURVE('',#1703,#1775,#1783,.T.);
#1783 = LINE('',#1784,#1785);
#1784 = CARTESIAN_POINT('',(5.75,-1.27,0.599999999995));
#1785 = VECTOR('',#1786,1.);
#1786 = DIRECTION('',(0.,0.,1.));
#1787 = ORIENTED_EDGE('',*,*,#1788,.T.);
#1788 = EDGE_CURVE('',#1703,#1789,#1791,.T.);
#1789 = VERTEX_POINT('',#1790);
#1790 = CARTESIAN_POINT('',(5.750000000001,-1.27,0.));
#1791 = LINE('',#1792,#1793);
#1792 = CARTESIAN_POINT('',(5.750000000001,-1.27,0.599999999995));
#1793 = VECTOR('',#1794,1.);
#1794 = DIRECTION('',(0.,0.,-1.));
#1795 = ORIENTED_EDGE('',*,*,#1796,.F.);
#1796 = EDGE_CURVE('',#1797,#1789,#1799,.T.);
#1797 = VERTEX_POINT('',#1798);
#1798 = CARTESIAN_POINT('',(4.41,-1.27,0.));
#1799 = LINE('',#1800,#1801);
#1800 = CARTESIAN_POINT('',(3.81,-1.27,0.));
#1801 = VECTOR('',#1802,1.);
#1802 = DIRECTION('',(1.,0.,0.));
#1803 = ORIENTED_EDGE('',*,*,#1804,.T.);
#1804 = EDGE_CURVE('',#1797,#1532,#1805,.T.);
#1805 = LINE('',#1806,#1807);
#1806 = CARTESIAN_POINT('',(4.41,-1.27,0.));
#1807 = VECTOR('',#1808,1.);
#1808 = DIRECTION('',(0.,0.,1.));
#1809 = ORIENTED_EDGE('',*,*,#1541,.T.);
#1810 = PLANE('',#1811);
#1811 = AXIS2_PLACEMENT_3D('',#1812,#1813,#1814);
#1812 = CARTESIAN_POINT('',(3.81,-1.27,0.));
#1813 = DIRECTION('',(0.,1.,0.));
#1814 = DIRECTION('',(1.,0.,0.));
#1815 = ADVANCED_FACE('',(#1816,#1852),#1886,.T.);
#1816 = FACE_BOUND('',#1817,.T.);
#1817 = EDGE_LOOP('',(#1818,#1819,#1820,#1828,#1836,#1844,#1850,#1851));
#1818 = ORIENTED_EDGE('',*,*,#1549,.F.);
#1819 = ORIENTED_EDGE('',*,*,#1774,.T.);
#1820 = ORIENTED_EDGE('',*,*,#1821,.T.);
#1821 = EDGE_CURVE('',#1775,#1822,#1824,.T.);
#1822 = VERTEX_POINT('',#1823);
#1823 = CARTESIAN_POINT('',(6.,-1.02,2.54));
#1824 = LINE('',#1825,#1826);
#1825 = CARTESIAN_POINT('',(6.05,-0.97,2.54));
#1826 = VECTOR('',#1827,1.);
#1827 = DIRECTION('',(0.707106781187,0.707106781187,0.));
#1828 = ORIENTED_EDGE('',*,*,#1829,.T.);
#1829 = EDGE_CURVE('',#1822,#1830,#1832,.T.);
#1830 = VERTEX_POINT('',#1831);
#1831 = CARTESIAN_POINT('',(6.,1.02,2.54));
#1832 = LINE('',#1833,#1834);
#1833 = CARTESIAN_POINT('',(6.,-0.67,2.54));
#1834 = VECTOR('',#1835,1.);
#1835 = DIRECTION('',(0.,1.,0.));
#1836 = ORIENTED_EDGE('',*,*,#1837,.T.);
#1837 = EDGE_CURVE('',#1830,#1838,#1840,.T.);
#1838 = VERTEX_POINT('',#1839);
#1839 = CARTESIAN_POINT('',(5.75,1.27,2.54));
#1840 = LINE('',#1841,#1842);
#1841 = CARTESIAN_POINT('',(6.05,0.97,2.54));
#1842 = VECTOR('',#1843,1.);
#1843 = DIRECTION('',(-0.707106781187,0.707106781187,0.));
#1844 = ORIENTED_EDGE('',*,*,#1845,.T.);
#1845 = EDGE_CURVE('',#1838,#1621,#1846,.T.);
#1846 = LINE('',#1847,#1848);
#1847 = CARTESIAN_POINT('',(6.35,1.27,2.54));
#1848 = VECTOR('',#1849,1.);
#1849 = DIRECTION('',(-1.,0.,0.));
#1850 = ORIENTED_EDGE('',*,*,#1620,.F.);
#1851 = ORIENTED_EDGE('',*,*,#1643,.T.);
#1852 = FACE_BOUND('',#1853,.T.);
#1853 = EDGE_LOOP('',(#1854,#1864,#1872,#1880));
#1854 = ORIENTED_EDGE('',*,*,#1855,.F.);
#1855 = EDGE_CURVE('',#1856,#1858,#1860,.T.);
#1856 = VERTEX_POINT('',#1857);
#1857 = CARTESIAN_POINT('',(4.76,0.32,2.54));
#1858 = VERTEX_POINT('',#1859);
#1859 = CARTESIAN_POINT('',(4.76,-0.32,2.54));
#1860 = LINE('',#1861,#1862);
#1861 = CARTESIAN_POINT('',(4.76,-0.16,2.54));
#1862 = VECTOR('',#1863,1.);
#1863 = DIRECTION('',(0.,-1.,0.));
#1864 = ORIENTED_EDGE('',*,*,#1865,.F.);
#1865 = EDGE_CURVE('',#1866,#1856,#1868,.T.);
#1866 = VERTEX_POINT('',#1867);
#1867 = CARTESIAN_POINT('',(5.4,0.32,2.54));
#1868 = LINE('',#1869,#1870);
#1869 = CARTESIAN_POINT('',(4.92,0.32,2.54));
#1870 = VECTOR('',#1871,1.);
#1871 = DIRECTION('',(-1.,0.,0.));
#1872 = ORIENTED_EDGE('',*,*,#1873,.F.);
#1873 = EDGE_CURVE('',#1874,#1866,#1876,.T.);
#1874 = VERTEX_POINT('',#1875);
#1875 = CARTESIAN_POINT('',(5.4,-0.32,2.54));
#1876 = LINE('',#1877,#1878);
#1877 = CARTESIAN_POINT('',(5.4,0.16,2.54));
#1878 = VECTOR('',#1879,1.);
#1879 = DIRECTION('',(0.,1.,0.));
#1880 = ORIENTED_EDGE('',*,*,#1881,.F.);
#1881 = EDGE_CURVE('',#1858,#1874,#1882,.T.);
#1882 = LINE('',#1883,#1884);
#1883 = CARTESIAN_POINT('',(5.24,-0.32,2.54));
#1884 = VECTOR('',#1885,1.);
#1885 = DIRECTION('',(1.,0.,0.));
#1886 = PLANE('',#1887);
#1887 = AXIS2_PLACEMENT_3D('',#1888,#1889,#1890);
#1888 = CARTESIAN_POINT('',(5.08,-4.E-17,2.54));
#1889 = DIRECTION('',(0.,0.,1.));
#1890 = DIRECTION('',(1.,0.,0.));
#1891 = ADVANCED_FACE('',(#1892),#1924,.F.);
#1892 = FACE_BOUND('',#1893,.F.);
#1893 = EDGE_LOOP('',(#1894,#1895,#1896,#1904,#1912,#1918));
#1894 = ORIENTED_EDGE('',*,*,#1845,.T.);
#1895 = ORIENTED_EDGE('',*,*,#1628,.F.);
#1896 = ORIENTED_EDGE('',*,*,#1897,.F.);
#1897 = EDGE_CURVE('',#1898,#1603,#1900,.T.);
#1898 = VERTEX_POINT('',#1899);
#1899 = CARTESIAN_POINT('',(4.41,1.27,-1.E-15));
#1900 = LINE('',#1901,#1902);
#1901 = CARTESIAN_POINT('',(4.41,1.27,-1.E-15));
#1902 = VECTOR('',#1903,1.);
#1903 = DIRECTION('',(0.,0.,1.));
#1904 = ORIENTED_EDGE('',*,*,#1905,.F.);
#1905 = EDGE_CURVE('',#1906,#1898,#1908,.T.);
#1906 = VERTEX_POINT('',#1907);
#1907 = CARTESIAN_POINT('',(5.750000000001,1.27,-1.E-15));
#1908 = LINE('',#1909,#1910);
#1909 = CARTESIAN_POINT('',(6.35,1.27,0.));
#1910 = VECTOR('',#1911,1.);
#1911 = DIRECTION('',(-1.,0.,0.));
#1912 = ORIENTED_EDGE('',*,*,#1913,.F.);
#1913 = EDGE_CURVE('',#1679,#1906,#1914,.T.);
#1914 = LINE('',#1915,#1916);
#1915 = CARTESIAN_POINT('',(5.750000000001,1.27,0.599999999995));
#1916 = VECTOR('',#1917,1.);
#1917 = DIRECTION('',(0.,0.,-1.));
#1918 = ORIENTED_EDGE('',*,*,#1919,.T.);
#1919 = EDGE_CURVE('',#1679,#1838,#1920,.T.);
#1920 = LINE('',#1921,#1922);
#1921 = CARTESIAN_POINT('',(5.75,1.27,0.599999999995));
#1922 = VECTOR('',#1923,1.);
#1923 = DIRECTION('',(0.,0.,1.));
#1924 = PLANE('',#1925);
#1925 = AXIS2_PLACEMENT_3D('',#1926,#1927,#1928);
#1926 = CARTESIAN_POINT('',(6.35,1.27,0.));
#1927 = DIRECTION('',(0.,-1.,0.));
#1928 = DIRECTION('',(-1.,0.,0.));
#1929 = ADVANCED_FACE('',(#1930),#1948,.F.);
#1930 = FACE_BOUND('',#1931,.F.);
#1931 = EDGE_LOOP('',(#1932,#1933,#1941,#1947));
#1932 = ORIENTED_EDGE('',*,*,#1804,.F.);
#1933 = ORIENTED_EDGE('',*,*,#1934,.T.);
#1934 = EDGE_CURVE('',#1797,#1935,#1937,.T.);
#1935 = VERTEX_POINT('',#1936);
#1936 = CARTESIAN_POINT('',(4.41,-0.77,0.));
#1937 = LINE('',#1938,#1939);
#1938 = CARTESIAN_POINT('',(4.41,-1.27,0.));
#1939 = VECTOR('',#1940,1.);
#1940 = DIRECTION('',(0.,1.,-2.2E-16));
#1941 = ORIENTED_EDGE('',*,*,#1942,.F.);
#1942 = EDGE_CURVE('',#1719,#1935,#1943,.T.);
#1943 = LINE('',#1944,#1945);
#1944 = CARTESIAN_POINT('',(4.41,-0.77,0.));
#1945 = VECTOR('',#1946,1.);
#1946 = DIRECTION('',(0.,0.,-1.));
#1947 = ORIENTED_EDGE('',*,*,#1726,.F.);
#1948 = PLANE('',#1949);
#1949 = AXIS2_PLACEMENT_3D('',#1950,#1951,#1952);
#1950 = CARTESIAN_POINT('',(4.41,-1.27,0.));
#1951 = DIRECTION('',(1.,0.,0.));
#1952 = DIRECTION('',(0.,2.2E-16,1.));
#1953 = ADVANCED_FACE('',(#1954),#1972,.F.);
#1954 = FACE_BOUND('',#1955,.F.);
#1955 = EDGE_LOOP('',(#1956,#1957,#1965,#1971));
#1956 = ORIENTED_EDGE('',*,*,#1942,.T.);
#1957 = ORIENTED_EDGE('',*,*,#1958,.T.);
#1958 = EDGE_CURVE('',#1935,#1959,#1961,.T.);
#1959 = VERTEX_POINT('',#1960);
#1960 = CARTESIAN_POINT('',(5.750000000001,-0.77,0.));
#1961 = LINE('',#1962,#1963);
#1962 = CARTESIAN_POINT('',(3.81,-0.77,0.));
#1963 = VECTOR('',#1964,1.);
#1964 = DIRECTION('',(1.,0.,0.));
#1965 = ORIENTED_EDGE('',*,*,#1966,.T.);
#1966 = EDGE_CURVE('',#1959,#1711,#1967,.T.);
#1967 = LINE('',#1968,#1969);
#1968 = CARTESIAN_POINT('',(5.750000000001,-0.77,0.299999999997));
#1969 = VECTOR('',#1970,1.);
#1970 = DIRECTION('',(0.,0.,1.));
#1971 = ORIENTED_EDGE('',*,*,#1718,.F.);
#1972 = PLANE('',#1973);
#1973 = AXIS2_PLACEMENT_3D('',#1974,#1975,#1976);
#1974 = CARTESIAN_POINT('',(3.81,-0.77,0.));
#1975 = DIRECTION('',(0.,-1.,0.));
#1976 = DIRECTION('',(0.,0.,1.));
#1977 = ADVANCED_FACE('',(#1978),#1996,.F.);
#1978 = FACE_BOUND('',#1979,.F.);
#1979 = EDGE_LOOP('',(#1980,#1988,#1994,#1995));
#1980 = ORIENTED_EDGE('',*,*,#1981,.F.);
#1981 = EDGE_CURVE('',#1982,#1663,#1984,.T.);
#1982 = VERTEX_POINT('',#1983);
#1983 = CARTESIAN_POINT('',(4.41,0.77,0.));
#1984 = LINE('',#1985,#1986);
#1985 = CARTESIAN_POINT('',(4.41,0.77,0.3));
#1986 = VECTOR('',#1987,1.);
#1987 = DIRECTION('',(0.,0.,1.));
#1988 = ORIENTED_EDGE('',*,*,#1989,.T.);
#1989 = EDGE_CURVE('',#1982,#1898,#1990,.T.);
#1990 = LINE('',#1991,#1992);
#1991 = CARTESIAN_POINT('',(4.41,-1.27,0.));
#1992 = VECTOR('',#1993,1.);
#1993 = DIRECTION('',(0.,1.,-2.2E-16));
#1994 = ORIENTED_EDGE('',*,*,#1897,.T.);
#1995 = ORIENTED_EDGE('',*,*,#1662,.F.);
#1996 = PLANE('',#1997);
#1997 = AXIS2_PLACEMENT_3D('',#1998,#1999,#2000);
#1998 = CARTESIAN_POINT('',(4.41,-1.27,0.));
#1999 = DIRECTION('',(1.,0.,0.));
#2000 = DIRECTION('',(0.,2.2E-16,1.));
#2001 = ADVANCED_FACE('',(#2002),#2013,.F.);
#2002 = FACE_BOUND('',#2003,.F.);
#2003 = EDGE_LOOP('',(#2004,#2005,#2006,#2007));
#2004 = ORIENTED_EDGE('',*,*,#1788,.F.);
#2005 = ORIENTED_EDGE('',*,*,#1710,.T.);
#2006 = ORIENTED_EDGE('',*,*,#1966,.F.);
#2007 = ORIENTED_EDGE('',*,*,#2008,.F.);
#2008 = EDGE_CURVE('',#1789,#1959,#2009,.T.);
#2009 = LINE('',#2010,#2011);
#2010 = CARTESIAN_POINT('',(5.750000000001,-1.27,0.));
#2011 = VECTOR('',#2012,1.);
#2012 = DIRECTION('',(0.,1.,-2.2E-16));
#2013 = PLANE('',#2014);
#2014 = AXIS2_PLACEMENT_3D('',#2015,#2016,#2017);
#2015 = CARTESIAN_POINT('',(5.750000000001,-1.27,0.599999999995));
#2016 = DIRECTION('',(-1.,0.,0.));
#2017 = DIRECTION('',(0.,-2.2E-16,-1.));
#2018 = ADVANCED_FACE('',(#2019),#2037,.F.);
#2019 = FACE_BOUND('',#2020,.F.);
#2020 = EDGE_LOOP('',(#2021,#2022,#2023,#2031));
#2021 = ORIENTED_EDGE('',*,*,#1981,.T.);
#2022 = ORIENTED_EDGE('',*,*,#1670,.T.);
#2023 = ORIENTED_EDGE('',*,*,#2024,.T.);
#2024 = EDGE_CURVE('',#1671,#2025,#2027,.T.);
#2025 = VERTEX_POINT('',#2026);
#2026 = CARTESIAN_POINT('',(5.750000000001,0.77,0.));
#2027 = LINE('',#2028,#2029);
#2028 = CARTESIAN_POINT('',(5.750000000001,0.77,0.599999999997));
#2029 = VECTOR('',#2030,1.);
#2030 = DIRECTION('',(0.,0.,-1.));
#2031 = ORIENTED_EDGE('',*,*,#2032,.F.);
#2032 = EDGE_CURVE('',#1982,#2025,#2033,.T.);
#2033 = LINE('',#2034,#2035);
#2034 = CARTESIAN_POINT('',(3.81,0.77,0.));
#2035 = VECTOR('',#2036,1.);
#2036 = DIRECTION('',(1.,0.,0.));
#2037 = PLANE('',#2038);
#2038 = AXIS2_PLACEMENT_3D('',#2039,#2040,#2041);
#2039 = CARTESIAN_POINT('',(3.81,0.77,0.6));
#2040 = DIRECTION('',(0.,1.,0.));
#2041 = DIRECTION('',(0.,0.,-1.));
#2042 = ADVANCED_FACE('',(#2043),#2070,.T.);
#2043 = FACE_BOUND('',#2044,.F.);
#2044 = EDGE_LOOP('',(#2045,#2046,#2047,#2048,#2056,#2064));
#2045 = ORIENTED_EDGE('',*,*,#1702,.F.);
#2046 = ORIENTED_EDGE('',*,*,#1782,.T.);
#2047 = ORIENTED_EDGE('',*,*,#1821,.T.);
#2048 = ORIENTED_EDGE('',*,*,#2049,.T.);
#2049 = EDGE_CURVE('',#1822,#2050,#2052,.T.);
#2050 = VERTEX_POINT('',#2051);
#2051 = CARTESIAN_POINT('',(6.35,-0.67,2.19));
#2052 = LINE('',#2053,#2054);
#2053 = CARTESIAN_POINT('',(6.456666666668,-0.563333333332,
    2.083333333332));
#2054 = VECTOR('',#2055,1.);
#2055 = DIRECTION('',(0.57735026919,0.57735026919,-0.57735026919));
#2056 = ORIENTED_EDGE('',*,*,#2057,.F.);
#2057 = EDGE_CURVE('',#2058,#2050,#2060,.T.);
#2058 = VERTEX_POINT('',#2059);
#2059 = CARTESIAN_POINT('',(6.35,-0.67,0.949999999995));
#2060 = LINE('',#2061,#2062);
#2061 = CARTESIAN_POINT('',(6.35,-0.67,0.599999999995));
#2062 = VECTOR('',#2063,1.);
#2063 = DIRECTION('',(0.,0.,1.));
#2064 = ORIENTED_EDGE('',*,*,#2065,.T.);
#2065 = EDGE_CURVE('',#2058,#1695,#2066,.T.);
#2066 = LINE('',#2067,#2068);
#2067 = CARTESIAN_POINT('',(6.133333333333,-0.886666666667,
    0.733333333329));
#2068 = VECTOR('',#2069,1.);
#2069 = DIRECTION('',(-0.57735026919,-0.57735026919,-0.577350269189));
#2070 = PLANE('',#2071);
#2071 = AXIS2_PLACEMENT_3D('',#2072,#2073,#2074);
#2072 = CARTESIAN_POINT('',(6.05,-0.97,0.599999999995));
#2073 = DIRECTION('',(0.707106781187,-0.707106781187,0.));
#2074 = DIRECTION('',(-0.,-0.,-1.));
#2075 = ADVANCED_FACE('',(#2076),#2087,.F.);
#2076 = FACE_BOUND('',#2077,.F.);
#2077 = EDGE_LOOP('',(#2078,#2079,#2080,#2081));
#2078 = ORIENTED_EDGE('',*,*,#2024,.F.);
#2079 = ORIENTED_EDGE('',*,*,#1678,.T.);
#2080 = ORIENTED_EDGE('',*,*,#1913,.T.);
#2081 = ORIENTED_EDGE('',*,*,#2082,.F.);
#2082 = EDGE_CURVE('',#2025,#1906,#2083,.T.);
#2083 = LINE('',#2084,#2085);
#2084 = CARTESIAN_POINT('',(5.750000000001,-1.27,0.));
#2085 = VECTOR('',#2086,1.);
#2086 = DIRECTION('',(0.,1.,-2.2E-16));
#2087 = PLANE('',#2088);
#2088 = AXIS2_PLACEMENT_3D('',#2089,#2090,#2091);
#2089 = CARTESIAN_POINT('',(5.750000000001,-1.27,0.599999999995));
#2090 = DIRECTION('',(-1.,0.,0.));
#2091 = DIRECTION('',(0.,-2.2E-16,-1.));
#2092 = ADVANCED_FACE('',(#2093),#2111,.F.);
#2093 = FACE_BOUND('',#2094,.F.);
#2094 = EDGE_LOOP('',(#2095,#2096,#2104,#2110));
#2095 = ORIENTED_EDGE('',*,*,#2065,.F.);
#2096 = ORIENTED_EDGE('',*,*,#2097,.T.);
#2097 = EDGE_CURVE('',#2058,#2098,#2100,.T.);
#2098 = VERTEX_POINT('',#2099);
#2099 = CARTESIAN_POINT('',(6.35,0.67,0.949999999995));
#2100 = LINE('',#2101,#2102);
#2101 = CARTESIAN_POINT('',(6.35,-0.67,0.949999999995));
#2102 = VECTOR('',#2103,1.);
#2103 = DIRECTION('',(0.,1.,-2.2E-16));
#2104 = ORIENTED_EDGE('',*,*,#2105,.T.);
#2105 = EDGE_CURVE('',#2098,#1687,#2106,.T.);
#2106 = LINE('',#2107,#2108);
#2107 = CARTESIAN_POINT('',(6.356666666667,0.663333333333,0.956666666662
    ));
#2108 = VECTOR('',#2109,1.);
#2109 = DIRECTION('',(-0.57735026919,0.57735026919,-0.577350269189));
#2110 = ORIENTED_EDGE('',*,*,#1694,.F.);
#2111 = PLANE('',#2112);
#2112 = AXIS2_PLACEMENT_3D('',#2113,#2114,#2115);
#2113 = CARTESIAN_POINT('',(6.175,-0.67,0.774999999996));
#2114 = DIRECTION('',(-0.707106781186,0.,0.707106781187));
#2115 = DIRECTION('',(-1.100000000001E-16,1.,-1.099999999999E-16));
#2116 = ADVANCED_FACE('',(#2117),#2137,.T.);
#2117 = FACE_BOUND('',#2118,.F.);
#2118 = EDGE_LOOP('',(#2119,#2120,#2121,#2129,#2135,#2136));
#2119 = ORIENTED_EDGE('',*,*,#1686,.F.);
#2120 = ORIENTED_EDGE('',*,*,#2105,.F.);
#2121 = ORIENTED_EDGE('',*,*,#2122,.T.);
#2122 = EDGE_CURVE('',#2098,#2123,#2125,.T.);
#2123 = VERTEX_POINT('',#2124);
#2124 = CARTESIAN_POINT('',(6.35,0.67,2.19));
#2125 = LINE('',#2126,#2127);
#2126 = CARTESIAN_POINT('',(6.35,0.67,0.599999999995));
#2127 = VECTOR('',#2128,1.);
#2128 = DIRECTION('',(0.,0.,1.));
#2129 = ORIENTED_EDGE('',*,*,#2130,.F.);
#2130 = EDGE_CURVE('',#1830,#2123,#2131,.T.);
#2131 = LINE('',#2132,#2133);
#2132 = CARTESIAN_POINT('',(6.680000000001,0.339999999999,1.859999999999
    ));
#2133 = VECTOR('',#2134,1.);
#2134 = DIRECTION('',(0.57735026919,-0.57735026919,-0.57735026919));
#2135 = ORIENTED_EDGE('',*,*,#1837,.T.);
#2136 = ORIENTED_EDGE('',*,*,#1919,.F.);
#2137 = PLANE('',#2138);
#2138 = AXIS2_PLACEMENT_3D('',#2139,#2140,#2141);
#2139 = CARTESIAN_POINT('',(6.05,0.97,0.599999999995));
#2140 = DIRECTION('',(0.707106781187,0.707106781187,0.));
#2141 = DIRECTION('',(-0.,-0.,-1.));
#2142 = ADVANCED_FACE('',(#2143),#2159,.F.);
#2143 = FACE_BOUND('',#2144,.F.);
#2144 = EDGE_LOOP('',(#2145,#2146,#2152,#2153));
#2145 = ORIENTED_EDGE('',*,*,#1734,.F.);
#2146 = ORIENTED_EDGE('',*,*,#2147,.T.);
#2147 = EDGE_CURVE('',#1735,#1858,#2148,.T.);
#2148 = LINE('',#2149,#2150);
#2149 = CARTESIAN_POINT('',(4.76,-0.32,0.));
#2150 = VECTOR('',#2151,1.);
#2151 = DIRECTION('',(0.,0.,1.));
#2152 = ORIENTED_EDGE('',*,*,#1855,.F.);
#2153 = ORIENTED_EDGE('',*,*,#2154,.F.);
#2154 = EDGE_CURVE('',#1737,#1856,#2155,.T.);
#2155 = LINE('',#2156,#2157);
#2156 = CARTESIAN_POINT('',(4.76,0.32,0.));
#2157 = VECTOR('',#2158,1.);
#2158 = DIRECTION('',(0.,0.,1.));
#2159 = PLANE('',#2160);
#2160 = AXIS2_PLACEMENT_3D('',#2161,#2162,#2163);
#2161 = CARTESIAN_POINT('',(4.76,-0.32,0.));
#2162 = DIRECTION('',(-1.,0.,0.));
#2163 = DIRECTION('',(0.,1.,0.));
#2164 = ADVANCED_FACE('',(#2165),#2176,.F.);
#2165 = FACE_BOUND('',#2166,.F.);
#2166 = EDGE_LOOP('',(#2167,#2168,#2169,#2170));
#2167 = ORIENTED_EDGE('',*,*,#1760,.F.);
#2168 = ORIENTED_EDGE('',*,*,#2154,.T.);
#2169 = ORIENTED_EDGE('',*,*,#1865,.F.);
#2170 = ORIENTED_EDGE('',*,*,#2171,.F.);
#2171 = EDGE_CURVE('',#1753,#1866,#2172,.T.);
#2172 = LINE('',#2173,#2174);
#2173 = CARTESIAN_POINT('',(5.4,0.32,0.));
#2174 = VECTOR('',#2175,1.);
#2175 = DIRECTION('',(0.,0.,1.));
#2176 = PLANE('',#2177);
#2177 = AXIS2_PLACEMENT_3D('',#2178,#2179,#2180);
#2178 = CARTESIAN_POINT('',(4.76,0.32,0.));
#2179 = DIRECTION('',(0.,1.,0.));
#2180 = DIRECTION('',(1.,0.,0.));
#2181 = ADVANCED_FACE('',(#2182),#2193,.F.);
#2182 = FACE_BOUND('',#2183,.F.);
#2183 = EDGE_LOOP('',(#2184,#2185,#2186,#2187));
#2184 = ORIENTED_EDGE('',*,*,#1752,.F.);
#2185 = ORIENTED_EDGE('',*,*,#2171,.T.);
#2186 = ORIENTED_EDGE('',*,*,#1873,.F.);
#2187 = ORIENTED_EDGE('',*,*,#2188,.F.);
#2188 = EDGE_CURVE('',#1745,#1874,#2189,.T.);
#2189 = LINE('',#2190,#2191);
#2190 = CARTESIAN_POINT('',(5.4,-0.32,0.));
#2191 = VECTOR('',#2192,1.);
#2192 = DIRECTION('',(0.,0.,1.));
#2193 = PLANE('',#2194);
#2194 = AXIS2_PLACEMENT_3D('',#2195,#2196,#2197);
#2195 = CARTESIAN_POINT('',(5.4,0.32,0.));
#2196 = DIRECTION('',(1.,0.,0.));
#2197 = DIRECTION('',(0.,-1.,0.));
#2198 = ADVANCED_FACE('',(#2199),#2205,.F.);
#2199 = FACE_BOUND('',#2200,.F.);
#2200 = EDGE_LOOP('',(#2201,#2202,#2203,#2204));
#2201 = ORIENTED_EDGE('',*,*,#1744,.F.);
#2202 = ORIENTED_EDGE('',*,*,#2188,.T.);
#2203 = ORIENTED_EDGE('',*,*,#1881,.F.);
#2204 = ORIENTED_EDGE('',*,*,#2147,.F.);
#2205 = PLANE('',#2206);
#2206 = AXIS2_PLACEMENT_3D('',#2207,#2208,#2209);
#2207 = CARTESIAN_POINT('',(5.4,-0.32,0.));
#2208 = DIRECTION('',(0.,-1.,0.));
#2209 = DIRECTION('',(-1.,0.,0.));
#2210 = ADVANCED_FACE('',(#2211),#2217,.F.);
#2211 = FACE_BOUND('',#2212,.F.);
#2212 = EDGE_LOOP('',(#2213,#2214,#2215,#2216));
#2213 = ORIENTED_EDGE('',*,*,#1934,.F.);
#2214 = ORIENTED_EDGE('',*,*,#1796,.T.);
#2215 = ORIENTED_EDGE('',*,*,#2008,.T.);
#2216 = ORIENTED_EDGE('',*,*,#1958,.F.);
#2217 = PLANE('',#2218);
#2218 = AXIS2_PLACEMENT_3D('',#2219,#2220,#2221);
#2219 = CARTESIAN_POINT('',(5.08,-4.E-17,0.));
#2220 = DIRECTION('',(0.,0.,1.));
#2221 = DIRECTION('',(1.,0.,0.));
#2222 = ADVANCED_FACE('',(#2223),#2234,.F.);
#2223 = FACE_BOUND('',#2224,.F.);
#2224 = EDGE_LOOP('',(#2225,#2226,#2227,#2228));
#2225 = ORIENTED_EDGE('',*,*,#2049,.F.);
#2226 = ORIENTED_EDGE('',*,*,#1829,.T.);
#2227 = ORIENTED_EDGE('',*,*,#2130,.T.);
#2228 = ORIENTED_EDGE('',*,*,#2229,.F.);
#2229 = EDGE_CURVE('',#2050,#2123,#2230,.T.);
#2230 = LINE('',#2231,#2232);
#2231 = CARTESIAN_POINT('',(6.35,-0.67,2.19));
#2232 = VECTOR('',#2233,1.);
#2233 = DIRECTION('',(0.,1.,0.));
#2234 = PLANE('',#2235);
#2235 = AXIS2_PLACEMENT_3D('',#2236,#2237,#2238);
#2236 = CARTESIAN_POINT('',(6.175,-0.67,2.365));
#2237 = DIRECTION('',(-0.707106781187,0.,-0.707106781187));
#2238 = DIRECTION('',(0.,1.,0.));
#2239 = ADVANCED_FACE('',(#2240),#2246,.F.);
#2240 = FACE_BOUND('',#2241,.F.);
#2241 = EDGE_LOOP('',(#2242,#2243,#2244,#2245));
#2242 = ORIENTED_EDGE('',*,*,#1989,.F.);
#2243 = ORIENTED_EDGE('',*,*,#2032,.T.);
#2244 = ORIENTED_EDGE('',*,*,#2082,.T.);
#2245 = ORIENTED_EDGE('',*,*,#1905,.T.);
#2246 = PLANE('',#2247);
#2247 = AXIS2_PLACEMENT_3D('',#2248,#2249,#2250);
#2248 = CARTESIAN_POINT('',(5.08,-4.E-17,0.));
#2249 = DIRECTION('',(0.,0.,1.));
#2250 = DIRECTION('',(1.,0.,0.));
#2251 = ADVANCED_FACE('',(#2252),#2258,.F.);
#2252 = FACE_BOUND('',#2253,.F.);
#2253 = EDGE_LOOP('',(#2254,#2255,#2256,#2257));
#2254 = ORIENTED_EDGE('',*,*,#2057,.T.);
#2255 = ORIENTED_EDGE('',*,*,#2229,.T.);
#2256 = ORIENTED_EDGE('',*,*,#2122,.F.);
#2257 = ORIENTED_EDGE('',*,*,#2097,.F.);
#2258 = PLANE('',#2259);
#2259 = AXIS2_PLACEMENT_3D('',#2260,#2261,#2262);
#2260 = CARTESIAN_POINT('',(6.35,-1.27,0.));
#2261 = DIRECTION('',(-1.,0.,0.));
#2262 = DIRECTION('',(0.,1.,0.));
#2263 = ( GEOMETRIC_REPRESENTATION_CONTEXT(3) 
GLOBAL_UNCERTAINTY_ASSIGNED_CONTEXT((#2267)) 
GLOBAL_UNIT_ASSIGNED_CONTEXT((#2264,#2265,#2266)) REPRESENTATION_CONTEXT
('Context #1','3D Context with UNIT and UNCERTAINTY') );
#2264 = ( LENGTH_UNIT() NAMED_UNIT(*) SI_UNIT(.MILLI.,.METRE.) );
#2265 = ( NAMED_UNIT(*) PLANE_ANGLE_UNIT() SI_UNIT($,.RADIAN.) );
#2266 = ( NAMED_UNIT(*) SI_UNIT($,.STERADIAN.) SOLID_ANGLE_UNIT() );
#2267 = UNCERTAINTY_MEASURE_WITH_UNIT(LENGTH_MEASURE(1.E-06),#2264,
  'distance_accuracy_value','confusion accuracy');
#2268 = CONTEXT_DEPENDENT_SHAPE_REPRESENTATION(#2269,#2271);
#2269 = ( REPRESENTATION_RELATIONSHIP('','',#36,#10) 
REPRESENTATION_RELATIONSHIP_WITH_TRANSFORMATION(#2270) 
SHAPE_REPRESENTATION_RELATIONSHIP() );
#2270 = ITEM_DEFINED_TRANSFORMATION('','',#11,#15);
#2271 = PRODUCT_DEFINITION_SHAPE('Placement','Placement of an item',
  #2272);
#2272 = NEXT_ASSEMBLY_USAGE_OCCURRENCE('3','Body','',#5,#31,$);
#2273 = PRODUCT_RELATED_PRODUCT_CATEGORY('part',$,(#33));
#2274 = SHAPE_DEFINITION_REPRESENTATION(#2275,#2281);
#2275 = PRODUCT_DEFINITION_SHAPE('','',#2276);
#2276 = PRODUCT_DEFINITION('design','',#2277,#2280);
#2277 = PRODUCT_DEFINITION_FORMATION('','',#2278);
#2278 = PRODUCT('Pin','Pin','',(#2279));
#2279 = PRODUCT_CONTEXT('',#2,'mechanical');
#2280 = PRODUCT_DEFINITION_CONTEXT('part definition',#2,'design');
#2281 = SHAPE_REPRESENTATION('',(#11,#2282,#2624,#2966),#3308);
#2282 = MANIFOLD_SOLID_BREP('',#2283);
#2283 = CLOSED_SHELL('',(#2284,#2324,#2355,#2386,#2417,#2448,#2472,#2496
    ,#2513,#2537,#2559,#2583,#2600,#2612));
#2284 = ADVANCED_FACE('',(#2285),#2319,.T.);
#2285 = FACE_BOUND('',#2286,.T.);
#2286 = EDGE_LOOP('',(#2287,#2297,#2305,#2313));
#2287 = ORIENTED_EDGE('',*,*,#2288,.T.);
#2288 = EDGE_CURVE('',#2289,#2291,#2293,.T.);
#2289 = VERTEX_POINT('',#2290);
#2290 = CARTESIAN_POINT('',(-0.32,0.32,-2.5));
#2291 = VERTEX_POINT('',#2292);
#2292 = CARTESIAN_POINT('',(-0.32,-0.32,-2.5));
#2293 = LINE('',#2294,#2295);
#2294 = CARTESIAN_POINT('',(-0.32,0.12,-2.5));
#2295 = VECTOR('',#2296,1.);
#2296 = DIRECTION('',(0.,-1.,0.));
#2297 = ORIENTED_EDGE('',*,*,#2298,.F.);
#2298 = EDGE_CURVE('',#2299,#2291,#2301,.T.);
#2299 = VERTEX_POINT('',#2300);
#2300 = CARTESIAN_POINT('',(-0.32,-0.32,8.14));
#2301 = LINE('',#2302,#2303);
#2302 = CARTESIAN_POINT('',(-0.32,-0.32,8.64));
#2303 = VECTOR('',#2304,1.);
#2304 = DIRECTION('',(-0.,-0.,-1.));
#2305 = ORIENTED_EDGE('',*,*,#2306,.F.);
#2306 = EDGE_CURVE('',#2307,#2299,#2309,.T.);
#2307 = VERTEX_POINT('',#2308);
#2308 = CARTESIAN_POINT('',(-0.32,0.32,8.14));
#2309 = LINE('',#2310,#2311);
#2310 = CARTESIAN_POINT('',(-0.32,0.32,8.14));
#2311 = VECTOR('',#2312,1.);
#2312 = DIRECTION('',(0.,-1.,0.));
#2313 = ORIENTED_EDGE('',*,*,#2314,.T.);
#2314 = EDGE_CURVE('',#2307,#2289,#2315,.T.);
#2315 = LINE('',#2316,#2317);
#2316 = CARTESIAN_POINT('',(-0.32,0.32,8.64));
#2317 = VECTOR('',#2318,1.);
#2318 = DIRECTION('',(-0.,-0.,-1.));
#2319 = PLANE('',#2320);
#2320 = AXIS2_PLACEMENT_3D('',#2321,#2322,#2323);
#2321 = CARTESIAN_POINT('',(-0.32,0.32,8.64));
#2322 = DIRECTION('',(-1.,0.,0.));
#2323 = DIRECTION('',(0.,-1.,0.));
#2324 = ADVANCED_FACE('',(#2325),#2350,.F.);
#2325 = FACE_BOUND('',#2326,.F.);
#2326 = EDGE_LOOP('',(#2327,#2335,#2336,#2344));
#2327 = ORIENTED_EDGE('',*,*,#2328,.F.);
#2328 = EDGE_CURVE('',#2289,#2329,#2331,.T.);
#2329 = VERTEX_POINT('',#2330);
#2330 = CARTESIAN_POINT('',(-0.12,0.12,-3.));
#2331 = LINE('',#2332,#2333);
#2332 = CARTESIAN_POINT('',(-0.193333333333,0.193333333333,
    -2.816666666667));
#2333 = VECTOR('',#2334,1.);
#2334 = DIRECTION('',(0.348155311911,-0.348155311911,-0.870388279778));
#2335 = ORIENTED_EDGE('',*,*,#2288,.T.);
#2336 = ORIENTED_EDGE('',*,*,#2337,.T.);
#2337 = EDGE_CURVE('',#2291,#2338,#2340,.T.);
#2338 = VERTEX_POINT('',#2339);
#2339 = CARTESIAN_POINT('',(-0.12,-0.12,-3.));
#2340 = LINE('',#2341,#2342);
#2341 = CARTESIAN_POINT('',(-0.205454545455,-0.205454545455,
    -2.786363636364));
#2342 = VECTOR('',#2343,1.);
#2343 = DIRECTION('',(0.348155311911,0.348155311911,-0.870388279778));
#2344 = ORIENTED_EDGE('',*,*,#2345,.F.);
#2345 = EDGE_CURVE('',#2329,#2338,#2346,.T.);
#2346 = LINE('',#2347,#2348);
#2347 = CARTESIAN_POINT('',(-0.12,0.12,-3.));
#2348 = VECTOR('',#2349,1.);
#2349 = DIRECTION('',(0.,-1.,0.));
#2350 = PLANE('',#2351);
#2351 = AXIS2_PLACEMENT_3D('',#2352,#2353,#2354);
#2352 = CARTESIAN_POINT('',(-0.22,0.12,-2.75));
#2353 = DIRECTION('',(0.928476690885,0.,0.371390676354));
#2354 = DIRECTION('',(0.,-1.,0.));
#2355 = ADVANCED_FACE('',(#2356),#2381,.T.);
#2356 = FACE_BOUND('',#2357,.T.);
#2357 = EDGE_LOOP('',(#2358,#2359,#2367,#2375));
#2358 = ORIENTED_EDGE('',*,*,#2314,.F.);
#2359 = ORIENTED_EDGE('',*,*,#2360,.F.);
#2360 = EDGE_CURVE('',#2361,#2307,#2363,.T.);
#2361 = VERTEX_POINT('',#2362);
#2362 = CARTESIAN_POINT('',(0.32,0.32,8.14));
#2363 = LINE('',#2364,#2365);
#2364 = CARTESIAN_POINT('',(0.32,0.32,8.14));
#2365 = VECTOR('',#2366,1.);
#2366 = DIRECTION('',(-1.,0.,0.));
#2367 = ORIENTED_EDGE('',*,*,#2368,.T.);
#2368 = EDGE_CURVE('',#2361,#2369,#2371,.T.);
#2369 = VERTEX_POINT('',#2370);
#2370 = CARTESIAN_POINT('',(0.32,0.32,-2.5));
#2371 = LINE('',#2372,#2373);
#2372 = CARTESIAN_POINT('',(0.32,0.32,8.64));
#2373 = VECTOR('',#2374,1.);
#2374 = DIRECTION('',(-0.,-0.,-1.));
#2375 = ORIENTED_EDGE('',*,*,#2376,.T.);
#2376 = EDGE_CURVE('',#2369,#2289,#2377,.T.);
#2377 = LINE('',#2378,#2379);
#2378 = CARTESIAN_POINT('',(0.12,0.32,-2.5));
#2379 = VECTOR('',#2380,1.);
#2380 = DIRECTION('',(-1.,0.,0.));
#2381 = PLANE('',#2382);
#2382 = AXIS2_PLACEMENT_3D('',#2383,#2384,#2385);
#2383 = CARTESIAN_POINT('',(0.32,0.32,8.64));
#2384 = DIRECTION('',(0.,1.,0.));
#2385 = DIRECTION('',(-1.,0.,0.));
#2386 = ADVANCED_FACE('',(#2387),#2412,.T.);
#2387 = FACE_BOUND('',#2388,.T.);
#2388 = EDGE_LOOP('',(#2389,#2390,#2398,#2406));
#2389 = ORIENTED_EDGE('',*,*,#2298,.T.);
#2390 = ORIENTED_EDGE('',*,*,#2391,.T.);
#2391 = EDGE_CURVE('',#2291,#2392,#2394,.T.);
#2392 = VERTEX_POINT('',#2393);
#2393 = CARTESIAN_POINT('',(0.32,-0.32,-2.5));
#2394 = LINE('',#2395,#2396);
#2395 = CARTESIAN_POINT('',(-0.32,-0.32,-2.5));
#2396 = VECTOR('',#2397,1.);
#2397 = DIRECTION('',(1.,0.,0.));
#2398 = ORIENTED_EDGE('',*,*,#2399,.F.);
#2399 = EDGE_CURVE('',#2400,#2392,#2402,.T.);
#2400 = VERTEX_POINT('',#2401);
#2401 = CARTESIAN_POINT('',(0.32,-0.32,8.14));
#2402 = LINE('',#2403,#2404);
#2403 = CARTESIAN_POINT('',(0.32,-0.32,8.64));
#2404 = VECTOR('',#2405,1.);
#2405 = DIRECTION('',(-0.,-0.,-1.));
#2406 = ORIENTED_EDGE('',*,*,#2407,.F.);
#2407 = EDGE_CURVE('',#2299,#2400,#2408,.T.);
#2408 = LINE('',#2409,#2410);
#2409 = CARTESIAN_POINT('',(-0.32,-0.32,8.14));
#2410 = VECTOR('',#2411,1.);
#2411 = DIRECTION('',(1.,0.,0.));
#2412 = PLANE('',#2413);
#2413 = AXIS2_PLACEMENT_3D('',#2414,#2415,#2416);
#2414 = CARTESIAN_POINT('',(-0.32,-0.32,8.64));
#2415 = DIRECTION('',(0.,-1.,0.));
#2416 = DIRECTION('',(1.,0.,0.));
#2417 = ADVANCED_FACE('',(#2418),#2443,.T.);
#2418 = FACE_BOUND('',#2419,.T.);
#2419 = EDGE_LOOP('',(#2420,#2428,#2429,#2437));
#2420 = ORIENTED_EDGE('',*,*,#2421,.F.);
#2421 = EDGE_CURVE('',#2307,#2422,#2424,.T.);
#2422 = VERTEX_POINT('',#2423);
#2423 = CARTESIAN_POINT('',(-0.12,0.12,8.64));
#2424 = LINE('',#2425,#2426);
#2425 = CARTESIAN_POINT('',(-0.193333333333,0.193333333333,
    8.456666666667));
#2426 = VECTOR('',#2427,1.);
#2427 = DIRECTION('',(0.348155311911,-0.348155311911,0.870388279778));
#2428 = ORIENTED_EDGE('',*,*,#2306,.T.);
#2429 = ORIENTED_EDGE('',*,*,#2430,.T.);
#2430 = EDGE_CURVE('',#2299,#2431,#2433,.T.);
#2431 = VERTEX_POINT('',#2432);
#2432 = CARTESIAN_POINT('',(-0.12,-0.12,8.64));
#2433 = LINE('',#2434,#2435);
#2434 = CARTESIAN_POINT('',(-0.193333333333,-0.193333333333,
    8.456666666667));
#2435 = VECTOR('',#2436,1.);
#2436 = DIRECTION('',(0.348155311911,0.348155311911,0.870388279778));
#2437 = ORIENTED_EDGE('',*,*,#2438,.F.);
#2438 = EDGE_CURVE('',#2422,#2431,#2439,.T.);
#2439 = LINE('',#2440,#2441);
#2440 = CARTESIAN_POINT('',(-0.12,0.32,8.64));
#2441 = VECTOR('',#2442,1.);
#2442 = DIRECTION('',(0.,-1.,0.));
#2443 = PLANE('',#2444);
#2444 = AXIS2_PLACEMENT_3D('',#2445,#2446,#2447);
#2445 = CARTESIAN_POINT('',(-0.22,0.32,8.39));
#2446 = DIRECTION('',(-0.928476690885,0.,0.371390676354));
#2447 = DIRECTION('',(0.,-1.,0.));
#2448 = ADVANCED_FACE('',(#2449),#2467,.F.);
#2449 = FACE_BOUND('',#2450,.T.);
#2450 = EDGE_LOOP('',(#2451,#2459,#2460,#2461));
#2451 = ORIENTED_EDGE('',*,*,#2452,.T.);
#2452 = EDGE_CURVE('',#2453,#2329,#2455,.T.);
#2453 = VERTEX_POINT('',#2454);
#2454 = CARTESIAN_POINT('',(0.12,0.12,-3.));
#2455 = LINE('',#2456,#2457);
#2456 = CARTESIAN_POINT('',(0.12,0.12,-3.));
#2457 = VECTOR('',#2458,1.);
#2458 = DIRECTION('',(-1.,0.,0.));
#2459 = ORIENTED_EDGE('',*,*,#2328,.F.);
#2460 = ORIENTED_EDGE('',*,*,#2376,.F.);
#2461 = ORIENTED_EDGE('',*,*,#2462,.F.);
#2462 = EDGE_CURVE('',#2453,#2369,#2463,.T.);
#2463 = LINE('',#2464,#2465);
#2464 = CARTESIAN_POINT('',(0.181212121212,0.181212121212,-2.84696969697
    ));
#2465 = VECTOR('',#2466,1.);
#2466 = DIRECTION('',(0.348155311911,0.348155311911,0.870388279778));
#2467 = PLANE('',#2468);
#2468 = AXIS2_PLACEMENT_3D('',#2469,#2470,#2471);
#2469 = CARTESIAN_POINT('',(0.12,0.22,-2.75));
#2470 = DIRECTION('',(0.,-0.928476690885,0.371390676354));
#2471 = DIRECTION('',(1.,0.,0.));
#2472 = ADVANCED_FACE('',(#2473),#2491,.F.);
#2473 = FACE_BOUND('',#2474,.F.);
#2474 = EDGE_LOOP('',(#2475,#2476,#2477,#2485));
#2475 = ORIENTED_EDGE('',*,*,#2452,.T.);
#2476 = ORIENTED_EDGE('',*,*,#2345,.T.);
#2477 = ORIENTED_EDGE('',*,*,#2478,.T.);
#2478 = EDGE_CURVE('',#2338,#2479,#2481,.T.);
#2479 = VERTEX_POINT('',#2480);
#2480 = CARTESIAN_POINT('',(0.12,-0.12,-3.));
#2481 = LINE('',#2482,#2483);
#2482 = CARTESIAN_POINT('',(-0.32,-0.12,-3.));
#2483 = VECTOR('',#2484,1.);
#2484 = DIRECTION('',(1.,0.,0.));
#2485 = ORIENTED_EDGE('',*,*,#2486,.T.);
#2486 = EDGE_CURVE('',#2479,#2453,#2487,.T.);
#2487 = LINE('',#2488,#2489);
#2488 = CARTESIAN_POINT('',(0.12,-0.32,-3.));
#2489 = VECTOR('',#2490,1.);
#2490 = DIRECTION('',(0.,1.,0.));
#2491 = PLANE('',#2492);
#2492 = AXIS2_PLACEMENT_3D('',#2493,#2494,#2495);
#2493 = CARTESIAN_POINT('',(-1.E-17,-1.E-17,-3.));
#2494 = DIRECTION('',(0.,0.,1.));
#2495 = DIRECTION('',(1.,0.,0.));
#2496 = ADVANCED_FACE('',(#2497),#2508,.F.);
#2497 = FACE_BOUND('',#2498,.T.);
#2498 = EDGE_LOOP('',(#2499,#2500,#2506,#2507));
#2499 = ORIENTED_EDGE('',*,*,#2478,.T.);
#2500 = ORIENTED_EDGE('',*,*,#2501,.T.);
#2501 = EDGE_CURVE('',#2479,#2392,#2502,.T.);
#2502 = LINE('',#2503,#2504);
#2503 = CARTESIAN_POINT('',(0.193333333333,-0.193333333333,
    -2.816666666667));
#2504 = VECTOR('',#2505,1.);
#2505 = DIRECTION('',(0.348155311911,-0.348155311911,0.870388279778));
#2506 = ORIENTED_EDGE('',*,*,#2391,.F.);
#2507 = ORIENTED_EDGE('',*,*,#2337,.T.);
#2508 = PLANE('',#2509);
#2509 = AXIS2_PLACEMENT_3D('',#2510,#2511,#2512);
#2510 = CARTESIAN_POINT('',(-0.32,-0.22,-2.75));
#2511 = DIRECTION('',(0.,0.928476690885,0.371390676354));
#2512 = DIRECTION('',(-1.,-0.,-0.));
#2513 = ADVANCED_FACE('',(#2514),#2532,.T.);
#2514 = FACE_BOUND('',#2515,.T.);
#2515 = EDGE_LOOP('',(#2516,#2524,#2525,#2526));
#2516 = ORIENTED_EDGE('',*,*,#2517,.F.);
#2517 = EDGE_CURVE('',#2361,#2518,#2520,.T.);
#2518 = VERTEX_POINT('',#2519);
#2519 = CARTESIAN_POINT('',(0.12,0.12,8.64));
#2520 = LINE('',#2521,#2522);
#2521 = CARTESIAN_POINT('',(0.193333333333,0.193333333333,8.456666666667
    ));
#2522 = VECTOR('',#2523,1.);
#2523 = DIRECTION('',(-0.348155311911,-0.348155311911,0.870388279778));
#2524 = ORIENTED_EDGE('',*,*,#2360,.T.);
#2525 = ORIENTED_EDGE('',*,*,#2421,.T.);
#2526 = ORIENTED_EDGE('',*,*,#2527,.F.);
#2527 = EDGE_CURVE('',#2518,#2422,#2528,.T.);
#2528 = LINE('',#2529,#2530);
#2529 = CARTESIAN_POINT('',(0.32,0.12,8.64));
#2530 = VECTOR('',#2531,1.);
#2531 = DIRECTION('',(-1.,0.,0.));
#2532 = PLANE('',#2533);
#2533 = AXIS2_PLACEMENT_3D('',#2534,#2535,#2536);
#2534 = CARTESIAN_POINT('',(0.32,0.22,8.39));
#2535 = DIRECTION('',(0.,0.928476690885,0.371390676354));
#2536 = DIRECTION('',(-1.,0.,0.));
#2537 = ADVANCED_FACE('',(#2538),#2554,.T.);
#2538 = FACE_BOUND('',#2539,.T.);
#2539 = EDGE_LOOP('',(#2540,#2541,#2547,#2548));
#2540 = ORIENTED_EDGE('',*,*,#2399,.T.);
#2541 = ORIENTED_EDGE('',*,*,#2542,.T.);
#2542 = EDGE_CURVE('',#2392,#2369,#2543,.T.);
#2543 = LINE('',#2544,#2545);
#2544 = CARTESIAN_POINT('',(0.32,-0.32,-2.5));
#2545 = VECTOR('',#2546,1.);
#2546 = DIRECTION('',(0.,1.,0.));
#2547 = ORIENTED_EDGE('',*,*,#2368,.F.);
#2548 = ORIENTED_EDGE('',*,*,#2549,.F.);
#2549 = EDGE_CURVE('',#2400,#2361,#2550,.T.);
#2550 = LINE('',#2551,#2552);
#2551 = CARTESIAN_POINT('',(0.32,-0.32,8.14));
#2552 = VECTOR('',#2553,1.);
#2553 = DIRECTION('',(0.,1.,0.));
#2554 = PLANE('',#2555);
#2555 = AXIS2_PLACEMENT_3D('',#2556,#2557,#2558);
#2556 = CARTESIAN_POINT('',(0.32,-0.32,8.64));
#2557 = DIRECTION('',(1.,0.,0.));
#2558 = DIRECTION('',(0.,1.,0.));
#2559 = ADVANCED_FACE('',(#2560),#2578,.T.);
#2560 = FACE_BOUND('',#2561,.T.);
#2561 = EDGE_LOOP('',(#2562,#2563,#2564,#2572));
#2562 = ORIENTED_EDGE('',*,*,#2430,.F.);
#2563 = ORIENTED_EDGE('',*,*,#2407,.T.);
#2564 = ORIENTED_EDGE('',*,*,#2565,.T.);
#2565 = EDGE_CURVE('',#2400,#2566,#2568,.T.);
#2566 = VERTEX_POINT('',#2567);
#2567 = CARTESIAN_POINT('',(0.12,-0.12,8.64));
#2568 = LINE('',#2569,#2570);
#2569 = CARTESIAN_POINT('',(0.193333333333,-0.193333333333,
    8.456666666667));
#2570 = VECTOR('',#2571,1.);
#2571 = DIRECTION('',(-0.348155311911,0.348155311911,0.870388279778));
#2572 = ORIENTED_EDGE('',*,*,#2573,.F.);
#2573 = EDGE_CURVE('',#2431,#2566,#2574,.T.);
#2574 = LINE('',#2575,#2576);
#2575 = CARTESIAN_POINT('',(-0.32,-0.12,8.64));
#2576 = VECTOR('',#2577,1.);
#2577 = DIRECTION('',(1.,0.,0.));
#2578 = PLANE('',#2579);
#2579 = AXIS2_PLACEMENT_3D('',#2580,#2581,#2582);
#2580 = CARTESIAN_POINT('',(-0.32,-0.22,8.39));
#2581 = DIRECTION('',(0.,-0.928476690885,0.371390676354));
#2582 = DIRECTION('',(1.,0.,0.));
#2583 = ADVANCED_FACE('',(#2584),#2595,.T.);
#2584 = FACE_BOUND('',#2585,.T.);
#2585 = EDGE_LOOP('',(#2586,#2587,#2593,#2594));
#2586 = ORIENTED_EDGE('',*,*,#2573,.T.);
#2587 = ORIENTED_EDGE('',*,*,#2588,.T.);
#2588 = EDGE_CURVE('',#2566,#2518,#2589,.T.);
#2589 = LINE('',#2590,#2591);
#2590 = CARTESIAN_POINT('',(0.12,-0.32,8.64));
#2591 = VECTOR('',#2592,1.);
#2592 = DIRECTION('',(0.,1.,0.));
#2593 = ORIENTED_EDGE('',*,*,#2527,.T.);
#2594 = ORIENTED_EDGE('',*,*,#2438,.T.);
#2595 = PLANE('',#2596);
#2596 = AXIS2_PLACEMENT_3D('',#2597,#2598,#2599);
#2597 = CARTESIAN_POINT('',(-1.E-17,-1.E-17,8.64));
#2598 = DIRECTION('',(0.,0.,1.));
#2599 = DIRECTION('',(1.,0.,0.));
#2600 = ADVANCED_FACE('',(#2601),#2607,.F.);
#2601 = FACE_BOUND('',#2602,.T.);
#2602 = EDGE_LOOP('',(#2603,#2604,#2605,#2606));
#2603 = ORIENTED_EDGE('',*,*,#2486,.T.);
#2604 = ORIENTED_EDGE('',*,*,#2462,.T.);
#2605 = ORIENTED_EDGE('',*,*,#2542,.F.);
#2606 = ORIENTED_EDGE('',*,*,#2501,.F.);
#2607 = PLANE('',#2608);
#2608 = AXIS2_PLACEMENT_3D('',#2609,#2610,#2611);
#2609 = CARTESIAN_POINT('',(0.22,-0.32,-2.75));
#2610 = DIRECTION('',(-0.928476690885,0.,0.371390676354));
#2611 = DIRECTION('',(-0.,-1.,-0.));
#2612 = ADVANCED_FACE('',(#2613),#2619,.T.);
#2613 = FACE_BOUND('',#2614,.T.);
#2614 = EDGE_LOOP('',(#2615,#2616,#2617,#2618));
#2615 = ORIENTED_EDGE('',*,*,#2565,.F.);
#2616 = ORIENTED_EDGE('',*,*,#2549,.T.);
#2617 = ORIENTED_EDGE('',*,*,#2517,.T.);
#2618 = ORIENTED_EDGE('',*,*,#2588,.F.);
#2619 = PLANE('',#2620);
#2620 = AXIS2_PLACEMENT_3D('',#2621,#2622,#2623);
#2621 = CARTESIAN_POINT('',(0.22,-0.32,8.39));
#2622 = DIRECTION('',(0.928476690885,0.,0.371390676354));
#2623 = DIRECTION('',(0.,1.,0.));
#2624 = MANIFOLD_SOLID_BREP('',#2625);
#2625 = CLOSED_SHELL('',(#2626,#2666,#2697,#2728,#2759,#2790,#2814,#2838
    ,#2855,#2879,#2901,#2925,#2942,#2954));
#2626 = ADVANCED_FACE('',(#2627),#2661,.T.);
#2627 = FACE_BOUND('',#2628,.T.);
#2628 = EDGE_LOOP('',(#2629,#2639,#2647,#2655));
#2629 = ORIENTED_EDGE('',*,*,#2630,.T.);
#2630 = EDGE_CURVE('',#2631,#2633,#2635,.T.);
#2631 = VERTEX_POINT('',#2632);
#2632 = CARTESIAN_POINT('',(2.22,0.32,-2.5));
#2633 = VERTEX_POINT('',#2634);
#2634 = CARTESIAN_POINT('',(2.22,-0.32,-2.5));
#2635 = LINE('',#2636,#2637);
#2636 = CARTESIAN_POINT('',(2.22,0.12,-2.5));
#2637 = VECTOR('',#2638,1.);
#2638 = DIRECTION('',(0.,-1.,0.));
#2639 = ORIENTED_EDGE('',*,*,#2640,.F.);
#2640 = EDGE_CURVE('',#2641,#2633,#2643,.T.);
#2641 = VERTEX_POINT('',#2642);
#2642 = CARTESIAN_POINT('',(2.22,-0.32,8.14));
#2643 = LINE('',#2644,#2645);
#2644 = CARTESIAN_POINT('',(2.22,-0.32,8.64));
#2645 = VECTOR('',#2646,1.);
#2646 = DIRECTION('',(-0.,-0.,-1.));
#2647 = ORIENTED_EDGE('',*,*,#2648,.F.);
#2648 = EDGE_CURVE('',#2649,#2641,#2651,.T.);
#2649 = VERTEX_POINT('',#2650);
#2650 = CARTESIAN_POINT('',(2.22,0.32,8.14));
#2651 = LINE('',#2652,#2653);
#2652 = CARTESIAN_POINT('',(2.22,0.32,8.14));
#2653 = VECTOR('',#2654,1.);
#2654 = DIRECTION('',(0.,-1.,0.));
#2655 = ORIENTED_EDGE('',*,*,#2656,.T.);
#2656 = EDGE_CURVE('',#2649,#2631,#2657,.T.);
#2657 = LINE('',#2658,#2659);
#2658 = CARTESIAN_POINT('',(2.22,0.32,8.64));
#2659 = VECTOR('',#2660,1.);
#2660 = DIRECTION('',(-0.,-0.,-1.));
#2661 = PLANE('',#2662);
#2662 = AXIS2_PLACEMENT_3D('',#2663,#2664,#2665);
#2663 = CARTESIAN_POINT('',(2.22,0.32,8.64));
#2664 = DIRECTION('',(-1.,0.,0.));
#2665 = DIRECTION('',(0.,-1.,0.));
#2666 = ADVANCED_FACE('',(#2667),#2692,.F.);
#2667 = FACE_BOUND('',#2668,.F.);
#2668 = EDGE_LOOP('',(#2669,#2677,#2678,#2686));
#2669 = ORIENTED_EDGE('',*,*,#2670,.F.);
#2670 = EDGE_CURVE('',#2631,#2671,#2673,.T.);
#2671 = VERTEX_POINT('',#2672);
#2672 = CARTESIAN_POINT('',(2.42,0.12,-3.));
#2673 = LINE('',#2674,#2675);
#2674 = CARTESIAN_POINT('',(2.346666666667,0.193333333333,
    -2.816666666667));
#2675 = VECTOR('',#2676,1.);
#2676 = DIRECTION('',(0.348155311911,-0.348155311911,-0.870388279778));
#2677 = ORIENTED_EDGE('',*,*,#2630,.T.);
#2678 = ORIENTED_EDGE('',*,*,#2679,.T.);
#2679 = EDGE_CURVE('',#2633,#2680,#2682,.T.);
#2680 = VERTEX_POINT('',#2681);
#2681 = CARTESIAN_POINT('',(2.42,-0.12,-3.));
#2682 = LINE('',#2683,#2684);
#2683 = CARTESIAN_POINT('',(2.334545454545,-0.205454545455,
    -2.786363636364));
#2684 = VECTOR('',#2685,1.);
#2685 = DIRECTION('',(0.348155311911,0.348155311911,-0.870388279778));
#2686 = ORIENTED_EDGE('',*,*,#2687,.F.);
#2687 = EDGE_CURVE('',#2671,#2680,#2688,.T.);
#2688 = LINE('',#2689,#2690);
#2689 = CARTESIAN_POINT('',(2.42,0.12,-3.));
#2690 = VECTOR('',#2691,1.);
#2691 = DIRECTION('',(0.,-1.,0.));
#2692 = PLANE('',#2693);
#2693 = AXIS2_PLACEMENT_3D('',#2694,#2695,#2696);
#2694 = CARTESIAN_POINT('',(2.32,0.12,-2.75));
#2695 = DIRECTION('',(0.928476690885,0.,0.371390676354));
#2696 = DIRECTION('',(0.,-1.,0.));
#2697 = ADVANCED_FACE('',(#2698),#2723,.T.);
#2698 = FACE_BOUND('',#2699,.T.);
#2699 = EDGE_LOOP('',(#2700,#2701,#2709,#2717));
#2700 = ORIENTED_EDGE('',*,*,#2656,.F.);
#2701 = ORIENTED_EDGE('',*,*,#2702,.F.);
#2702 = EDGE_CURVE('',#2703,#2649,#2705,.T.);
#2703 = VERTEX_POINT('',#2704);
#2704 = CARTESIAN_POINT('',(2.86,0.32,8.14));
#2705 = LINE('',#2706,#2707);
#2706 = CARTESIAN_POINT('',(2.86,0.32,8.14));
#2707 = VECTOR('',#2708,1.);
#2708 = DIRECTION('',(-1.,0.,0.));
#2709 = ORIENTED_EDGE('',*,*,#2710,.T.);
#2710 = EDGE_CURVE('',#2703,#2711,#2713,.T.);
#2711 = VERTEX_POINT('',#2712);
#2712 = CARTESIAN_POINT('',(2.86,0.32,-2.5));
#2713 = LINE('',#2714,#2715);
#2714 = CARTESIAN_POINT('',(2.86,0.32,8.64));
#2715 = VECTOR('',#2716,1.);
#2716 = DIRECTION('',(-0.,-0.,-1.));
#2717 = ORIENTED_EDGE('',*,*,#2718,.T.);
#2718 = EDGE_CURVE('',#2711,#2631,#2719,.T.);
#2719 = LINE('',#2720,#2721);
#2720 = CARTESIAN_POINT('',(2.66,0.32,-2.5));
#2721 = VECTOR('',#2722,1.);
#2722 = DIRECTION('',(-1.,0.,0.));
#2723 = PLANE('',#2724);
#2724 = AXIS2_PLACEMENT_3D('',#2725,#2726,#2727);
#2725 = CARTESIAN_POINT('',(2.86,0.32,8.64));
#2726 = DIRECTION('',(0.,1.,0.));
#2727 = DIRECTION('',(-1.,0.,0.));
#2728 = ADVANCED_FACE('',(#2729),#2754,.T.);
#2729 = FACE_BOUND('',#2730,.T.);
#2730 = EDGE_LOOP('',(#2731,#2732,#2740,#2748));
#2731 = ORIENTED_EDGE('',*,*,#2640,.T.);
#2732 = ORIENTED_EDGE('',*,*,#2733,.T.);
#2733 = EDGE_CURVE('',#2633,#2734,#2736,.T.);
#2734 = VERTEX_POINT('',#2735);
#2735 = CARTESIAN_POINT('',(2.86,-0.32,-2.5));
#2736 = LINE('',#2737,#2738);
#2737 = CARTESIAN_POINT('',(2.22,-0.32,-2.5));
#2738 = VECTOR('',#2739,1.);
#2739 = DIRECTION('',(1.,0.,0.));
#2740 = ORIENTED_EDGE('',*,*,#2741,.F.);
#2741 = EDGE_CURVE('',#2742,#2734,#2744,.T.);
#2742 = VERTEX_POINT('',#2743);
#2743 = CARTESIAN_POINT('',(2.86,-0.32,8.14));
#2744 = LINE('',#2745,#2746);
#2745 = CARTESIAN_POINT('',(2.86,-0.32,8.64));
#2746 = VECTOR('',#2747,1.);
#2747 = DIRECTION('',(-0.,-0.,-1.));
#2748 = ORIENTED_EDGE('',*,*,#2749,.F.);
#2749 = EDGE_CURVE('',#2641,#2742,#2750,.T.);
#2750 = LINE('',#2751,#2752);
#2751 = CARTESIAN_POINT('',(2.22,-0.32,8.14));
#2752 = VECTOR('',#2753,1.);
#2753 = DIRECTION('',(1.,0.,0.));
#2754 = PLANE('',#2755);
#2755 = AXIS2_PLACEMENT_3D('',#2756,#2757,#2758);
#2756 = CARTESIAN_POINT('',(2.22,-0.32,8.64));
#2757 = DIRECTION('',(0.,-1.,0.));
#2758 = DIRECTION('',(1.,0.,0.));
#2759 = ADVANCED_FACE('',(#2760),#2785,.T.);
#2760 = FACE_BOUND('',#2761,.T.);
#2761 = EDGE_LOOP('',(#2762,#2770,#2771,#2779));
#2762 = ORIENTED_EDGE('',*,*,#2763,.F.);
#2763 = EDGE_CURVE('',#2649,#2764,#2766,.T.);
#2764 = VERTEX_POINT('',#2765);
#2765 = CARTESIAN_POINT('',(2.42,0.12,8.64));
#2766 = LINE('',#2767,#2768);
#2767 = CARTESIAN_POINT('',(2.346666666667,0.193333333333,8.456666666667
    ));
#2768 = VECTOR('',#2769,1.);
#2769 = DIRECTION('',(0.348155311911,-0.348155311911,0.870388279778));
#2770 = ORIENTED_EDGE('',*,*,#2648,.T.);
#2771 = ORIENTED_EDGE('',*,*,#2772,.T.);
#2772 = EDGE_CURVE('',#2641,#2773,#2775,.T.);
#2773 = VERTEX_POINT('',#2774);
#2774 = CARTESIAN_POINT('',(2.42,-0.12,8.64));
#2775 = LINE('',#2776,#2777);
#2776 = CARTESIAN_POINT('',(2.346666666667,-0.193333333333,
    8.456666666667));
#2777 = VECTOR('',#2778,1.);
#2778 = DIRECTION('',(0.348155311911,0.348155311911,0.870388279778));
#2779 = ORIENTED_EDGE('',*,*,#2780,.F.);
#2780 = EDGE_CURVE('',#2764,#2773,#2781,.T.);
#2781 = LINE('',#2782,#2783);
#2782 = CARTESIAN_POINT('',(2.42,0.32,8.64));
#2783 = VECTOR('',#2784,1.);
#2784 = DIRECTION('',(0.,-1.,0.));
#2785 = PLANE('',#2786);
#2786 = AXIS2_PLACEMENT_3D('',#2787,#2788,#2789);
#2787 = CARTESIAN_POINT('',(2.32,0.32,8.39));
#2788 = DIRECTION('',(-0.928476690885,0.,0.371390676354));
#2789 = DIRECTION('',(0.,-1.,0.));
#2790 = ADVANCED_FACE('',(#2791),#2809,.F.);
#2791 = FACE_BOUND('',#2792,.T.);
#2792 = EDGE_LOOP('',(#2793,#2801,#2802,#2803));
#2793 = ORIENTED_EDGE('',*,*,#2794,.T.);
#2794 = EDGE_CURVE('',#2795,#2671,#2797,.T.);
#2795 = VERTEX_POINT('',#2796);
#2796 = CARTESIAN_POINT('',(2.66,0.12,-3.));
#2797 = LINE('',#2798,#2799);
#2798 = CARTESIAN_POINT('',(2.66,0.12,-3.));
#2799 = VECTOR('',#2800,1.);
#2800 = DIRECTION('',(-1.,0.,0.));
#2801 = ORIENTED_EDGE('',*,*,#2670,.F.);
#2802 = ORIENTED_EDGE('',*,*,#2718,.F.);
#2803 = ORIENTED_EDGE('',*,*,#2804,.F.);
#2804 = EDGE_CURVE('',#2795,#2711,#2805,.T.);
#2805 = LINE('',#2806,#2807);
#2806 = CARTESIAN_POINT('',(2.721212121212,0.181212121212,-2.84696969697
    ));
#2807 = VECTOR('',#2808,1.);
#2808 = DIRECTION('',(0.348155311911,0.348155311911,0.870388279778));
#2809 = PLANE('',#2810);
#2810 = AXIS2_PLACEMENT_3D('',#2811,#2812,#2813);
#2811 = CARTESIAN_POINT('',(2.66,0.22,-2.75));
#2812 = DIRECTION('',(0.,-0.928476690885,0.371390676354));
#2813 = DIRECTION('',(1.,0.,0.));
#2814 = ADVANCED_FACE('',(#2815),#2833,.F.);
#2815 = FACE_BOUND('',#2816,.F.);
#2816 = EDGE_LOOP('',(#2817,#2818,#2819,#2827));
#2817 = ORIENTED_EDGE('',*,*,#2794,.T.);
#2818 = ORIENTED_EDGE('',*,*,#2687,.T.);
#2819 = ORIENTED_EDGE('',*,*,#2820,.T.);
#2820 = EDGE_CURVE('',#2680,#2821,#2823,.T.);
#2821 = VERTEX_POINT('',#2822);
#2822 = CARTESIAN_POINT('',(2.66,-0.12,-3.));
#2823 = LINE('',#2824,#2825);
#2824 = CARTESIAN_POINT('',(2.22,-0.12,-3.));
#2825 = VECTOR('',#2826,1.);
#2826 = DIRECTION('',(1.,0.,0.));
#2827 = ORIENTED_EDGE('',*,*,#2828,.T.);
#2828 = EDGE_CURVE('',#2821,#2795,#2829,.T.);
#2829 = LINE('',#2830,#2831);
#2830 = CARTESIAN_POINT('',(2.66,-0.32,-3.));
#2831 = VECTOR('',#2832,1.);
#2832 = DIRECTION('',(0.,1.,0.));
#2833 = PLANE('',#2834);
#2834 = AXIS2_PLACEMENT_3D('',#2835,#2836,#2837);
#2835 = CARTESIAN_POINT('',(2.54,-1.E-17,-3.));
#2836 = DIRECTION('',(0.,0.,1.));
#2837 = DIRECTION('',(1.,0.,0.));
#2838 = ADVANCED_FACE('',(#2839),#2850,.F.);
#2839 = FACE_BOUND('',#2840,.T.);
#2840 = EDGE_LOOP('',(#2841,#2842,#2848,#2849));
#2841 = ORIENTED_EDGE('',*,*,#2820,.T.);
#2842 = ORIENTED_EDGE('',*,*,#2843,.T.);
#2843 = EDGE_CURVE('',#2821,#2734,#2844,.T.);
#2844 = LINE('',#2845,#2846);
#2845 = CARTESIAN_POINT('',(2.733333333333,-0.193333333333,
    -2.816666666667));
#2846 = VECTOR('',#2847,1.);
#2847 = DIRECTION('',(0.348155311911,-0.348155311911,0.870388279778));
#2848 = ORIENTED_EDGE('',*,*,#2733,.F.);
#2849 = ORIENTED_EDGE('',*,*,#2679,.T.);
#2850 = PLANE('',#2851);
#2851 = AXIS2_PLACEMENT_3D('',#2852,#2853,#2854);
#2852 = CARTESIAN_POINT('',(2.22,-0.22,-2.75));
#2853 = DIRECTION('',(0.,0.928476690885,0.371390676354));
#2854 = DIRECTION('',(-1.,-0.,-0.));
#2855 = ADVANCED_FACE('',(#2856),#2874,.T.);
#2856 = FACE_BOUND('',#2857,.T.);
#2857 = EDGE_LOOP('',(#2858,#2866,#2867,#2868));
#2858 = ORIENTED_EDGE('',*,*,#2859,.F.);
#2859 = EDGE_CURVE('',#2703,#2860,#2862,.T.);
#2860 = VERTEX_POINT('',#2861);
#2861 = CARTESIAN_POINT('',(2.66,0.12,8.64));
#2862 = LINE('',#2863,#2864);
#2863 = CARTESIAN_POINT('',(2.733333333333,0.193333333333,8.456666666667
    ));
#2864 = VECTOR('',#2865,1.);
#2865 = DIRECTION('',(-0.348155311911,-0.348155311911,0.870388279778));
#2866 = ORIENTED_EDGE('',*,*,#2702,.T.);
#2867 = ORIENTED_EDGE('',*,*,#2763,.T.);
#2868 = ORIENTED_EDGE('',*,*,#2869,.F.);
#2869 = EDGE_CURVE('',#2860,#2764,#2870,.T.);
#2870 = LINE('',#2871,#2872);
#2871 = CARTESIAN_POINT('',(2.86,0.12,8.64));
#2872 = VECTOR('',#2873,1.);
#2873 = DIRECTION('',(-1.,0.,0.));
#2874 = PLANE('',#2875);
#2875 = AXIS2_PLACEMENT_3D('',#2876,#2877,#2878);
#2876 = CARTESIAN_POINT('',(2.86,0.22,8.39));
#2877 = DIRECTION('',(0.,0.928476690885,0.371390676354));
#2878 = DIRECTION('',(-1.,0.,0.));
#2879 = ADVANCED_FACE('',(#2880),#2896,.T.);
#2880 = FACE_BOUND('',#2881,.T.);
#2881 = EDGE_LOOP('',(#2882,#2883,#2889,#2890));
#2882 = ORIENTED_EDGE('',*,*,#2741,.T.);
#2883 = ORIENTED_EDGE('',*,*,#2884,.T.);
#2884 = EDGE_CURVE('',#2734,#2711,#2885,.T.);
#2885 = LINE('',#2886,#2887);
#2886 = CARTESIAN_POINT('',(2.86,-0.32,-2.5));
#2887 = VECTOR('',#2888,1.);
#2888 = DIRECTION('',(0.,1.,0.));
#2889 = ORIENTED_EDGE('',*,*,#2710,.F.);
#2890 = ORIENTED_EDGE('',*,*,#2891,.F.);
#2891 = EDGE_CURVE('',#2742,#2703,#2892,.T.);
#2892 = LINE('',#2893,#2894);
#2893 = CARTESIAN_POINT('',(2.86,-0.32,8.14));
#2894 = VECTOR('',#2895,1.);
#2895 = DIRECTION('',(0.,1.,0.));
#2896 = PLANE('',#2897);
#2897 = AXIS2_PLACEMENT_3D('',#2898,#2899,#2900);
#2898 = CARTESIAN_POINT('',(2.86,-0.32,8.64));
#2899 = DIRECTION('',(1.,0.,0.));
#2900 = DIRECTION('',(0.,1.,0.));
#2901 = ADVANCED_FACE('',(#2902),#2920,.T.);
#2902 = FACE_BOUND('',#2903,.T.);
#2903 = EDGE_LOOP('',(#2904,#2905,#2906,#2914));
#2904 = ORIENTED_EDGE('',*,*,#2772,.F.);
#2905 = ORIENTED_EDGE('',*,*,#2749,.T.);
#2906 = ORIENTED_EDGE('',*,*,#2907,.T.);
#2907 = EDGE_CURVE('',#2742,#2908,#2910,.T.);
#2908 = VERTEX_POINT('',#2909);
#2909 = CARTESIAN_POINT('',(2.66,-0.12,8.64));
#2910 = LINE('',#2911,#2912);
#2911 = CARTESIAN_POINT('',(2.733333333333,-0.193333333333,
    8.456666666667));
#2912 = VECTOR('',#2913,1.);
#2913 = DIRECTION('',(-0.348155311911,0.348155311911,0.870388279778));
#2914 = ORIENTED_EDGE('',*,*,#2915,.F.);
#2915 = EDGE_CURVE('',#2773,#2908,#2916,.T.);
#2916 = LINE('',#2917,#2918);
#2917 = CARTESIAN_POINT('',(2.22,-0.12,8.64));
#2918 = VECTOR('',#2919,1.);
#2919 = DIRECTION('',(1.,0.,0.));
#2920 = PLANE('',#2921);
#2921 = AXIS2_PLACEMENT_3D('',#2922,#2923,#2924);
#2922 = CARTESIAN_POINT('',(2.22,-0.22,8.39));
#2923 = DIRECTION('',(0.,-0.928476690885,0.371390676354));
#2924 = DIRECTION('',(1.,0.,0.));
#2925 = ADVANCED_FACE('',(#2926),#2937,.T.);
#2926 = FACE_BOUND('',#2927,.T.);
#2927 = EDGE_LOOP('',(#2928,#2929,#2935,#2936));
#2928 = ORIENTED_EDGE('',*,*,#2915,.T.);
#2929 = ORIENTED_EDGE('',*,*,#2930,.T.);
#2930 = EDGE_CURVE('',#2908,#2860,#2931,.T.);
#2931 = LINE('',#2932,#2933);
#2932 = CARTESIAN_POINT('',(2.66,-0.32,8.64));
#2933 = VECTOR('',#2934,1.);
#2934 = DIRECTION('',(0.,1.,0.));
#2935 = ORIENTED_EDGE('',*,*,#2869,.T.);
#2936 = ORIENTED_EDGE('',*,*,#2780,.T.);
#2937 = PLANE('',#2938);
#2938 = AXIS2_PLACEMENT_3D('',#2939,#2940,#2941);
#2939 = CARTESIAN_POINT('',(2.54,-1.E-17,8.64));
#2940 = DIRECTION('',(0.,0.,1.));
#2941 = DIRECTION('',(1.,0.,0.));
#2942 = ADVANCED_FACE('',(#2943),#2949,.F.);
#2943 = FACE_BOUND('',#2944,.T.);
#2944 = EDGE_LOOP('',(#2945,#2946,#2947,#2948));
#2945 = ORIENTED_EDGE('',*,*,#2828,.T.);
#2946 = ORIENTED_EDGE('',*,*,#2804,.T.);
#2947 = ORIENTED_EDGE('',*,*,#2884,.F.);
#2948 = ORIENTED_EDGE('',*,*,#2843,.F.);
#2949 = PLANE('',#2950);
#2950 = AXIS2_PLACEMENT_3D('',#2951,#2952,#2953);
#2951 = CARTESIAN_POINT('',(2.76,-0.32,-2.75));
#2952 = DIRECTION('',(-0.928476690885,0.,0.371390676354));
#2953 = DIRECTION('',(-0.,-1.,-0.));
#2954 = ADVANCED_FACE('',(#2955),#2961,.T.);
#2955 = FACE_BOUND('',#2956,.T.);
#2956 = EDGE_LOOP('',(#2957,#2958,#2959,#2960));
#2957 = ORIENTED_EDGE('',*,*,#2907,.F.);
#2958 = ORIENTED_EDGE('',*,*,#2891,.T.);
#2959 = ORIENTED_EDGE('',*,*,#2859,.T.);
#2960 = ORIENTED_EDGE('',*,*,#2930,.F.);
#2961 = PLANE('',#2962);
#2962 = AXIS2_PLACEMENT_3D('',#2963,#2964,#2965);
#2963 = CARTESIAN_POINT('',(2.76,-0.32,8.39));
#2964 = DIRECTION('',(0.928476690885,0.,0.371390676354));
#2965 = DIRECTION('',(0.,1.,0.));
#2966 = MANIFOLD_SOLID_BREP('',#2967);
#2967 = CLOSED_SHELL('',(#2968,#3008,#3039,#3070,#3101,#3132,#3156,#3180
    ,#3197,#3221,#3243,#3267,#3284,#3296));
#2968 = ADVANCED_FACE('',(#2969),#3003,.T.);
#2969 = FACE_BOUND('',#2970,.T.);
#2970 = EDGE_LOOP('',(#2971,#2981,#2989,#2997));
#2971 = ORIENTED_EDGE('',*,*,#2972,.T.);
#2972 = EDGE_CURVE('',#2973,#2975,#2977,.T.);
#2973 = VERTEX_POINT('',#2974);
#2974 = CARTESIAN_POINT('',(4.76,0.32,-2.5));
#2975 = VERTEX_POINT('',#2976);
#2976 = CARTESIAN_POINT('',(4.76,-0.32,-2.5));
#2977 = LINE('',#2978,#2979);
#2978 = CARTESIAN_POINT('',(4.76,0.12,-2.5));
#2979 = VECTOR('',#2980,1.);
#2980 = DIRECTION('',(0.,-1.,0.));
#2981 = ORIENTED_EDGE('',*,*,#2982,.F.);
#2982 = EDGE_CURVE('',#2983,#2975,#2985,.T.);
#2983 = VERTEX_POINT('',#2984);
#2984 = CARTESIAN_POINT('',(4.76,-0.32,8.14));
#2985 = LINE('',#2986,#2987);
#2986 = CARTESIAN_POINT('',(4.76,-0.32,8.64));
#2987 = VECTOR('',#2988,1.);
#2988 = DIRECTION('',(-0.,-0.,-1.));
#2989 = ORIENTED_EDGE('',*,*,#2990,.F.);
#2990 = EDGE_CURVE('',#2991,#2983,#2993,.T.);
#2991 = VERTEX_POINT('',#2992);
#2992 = CARTESIAN_POINT('',(4.76,0.32,8.14));
#2993 = LINE('',#2994,#2995);
#2994 = CARTESIAN_POINT('',(4.76,0.32,8.14));
#2995 = VECTOR('',#2996,1.);
#2996 = DIRECTION('',(0.,-1.,0.));
#2997 = ORIENTED_EDGE('',*,*,#2998,.T.);
#2998 = EDGE_CURVE('',#2991,#2973,#2999,.T.);
#2999 = LINE('',#3000,#3001);
#3000 = CARTESIAN_POINT('',(4.76,0.32,8.64));
#3001 = VECTOR('',#3002,1.);
#3002 = DIRECTION('',(-0.,-0.,-1.));
#3003 = PLANE('',#3004);
#3004 = AXIS2_PLACEMENT_3D('',#3005,#3006,#3007);
#3005 = CARTESIAN_POINT('',(4.76,0.32,8.64));
#3006 = DIRECTION('',(-1.,0.,0.));
#3007 = DIRECTION('',(0.,-1.,0.));
#3008 = ADVANCED_FACE('',(#3009),#3034,.F.);
#3009 = FACE_BOUND('',#3010,.F.);
#3010 = EDGE_LOOP('',(#3011,#3019,#3020,#3028));
#3011 = ORIENTED_EDGE('',*,*,#3012,.F.);
#3012 = EDGE_CURVE('',#2973,#3013,#3015,.T.);
#3013 = VERTEX_POINT('',#3014);
#3014 = CARTESIAN_POINT('',(4.96,0.12,-3.));
#3015 = LINE('',#3016,#3017);
#3016 = CARTESIAN_POINT('',(4.886666666667,0.193333333333,
    -2.816666666667));
#3017 = VECTOR('',#3018,1.);
#3018 = DIRECTION('',(0.348155311911,-0.348155311911,-0.870388279778));
#3019 = ORIENTED_EDGE('',*,*,#2972,.T.);
#3020 = ORIENTED_EDGE('',*,*,#3021,.T.);
#3021 = EDGE_CURVE('',#2975,#3022,#3024,.T.);
#3022 = VERTEX_POINT('',#3023);
#3023 = CARTESIAN_POINT('',(4.96,-0.12,-3.));
#3024 = LINE('',#3025,#3026);
#3025 = CARTESIAN_POINT('',(4.874545454545,-0.205454545455,
    -2.786363636364));
#3026 = VECTOR('',#3027,1.);
#3027 = DIRECTION('',(0.348155311911,0.348155311911,-0.870388279778));
#3028 = ORIENTED_EDGE('',*,*,#3029,.F.);
#3029 = EDGE_CURVE('',#3013,#3022,#3030,.T.);
#3030 = LINE('',#3031,#3032);
#3031 = CARTESIAN_POINT('',(4.96,0.12,-3.));
#3032 = VECTOR('',#3033,1.);
#3033 = DIRECTION('',(0.,-1.,0.));
#3034 = PLANE('',#3035);
#3035 = AXIS2_PLACEMENT_3D('',#3036,#3037,#3038);
#3036 = CARTESIAN_POINT('',(4.86,0.12,-2.75));
#3037 = DIRECTION('',(0.928476690885,0.,0.371390676354));
#3038 = DIRECTION('',(0.,-1.,0.));
#3039 = ADVANCED_FACE('',(#3040),#3065,.T.);
#3040 = FACE_BOUND('',#3041,.T.);
#3041 = EDGE_LOOP('',(#3042,#3043,#3051,#3059));
#3042 = ORIENTED_EDGE('',*,*,#2998,.F.);
#3043 = ORIENTED_EDGE('',*,*,#3044,.F.);
#3044 = EDGE_CURVE('',#3045,#2991,#3047,.T.);
#3045 = VERTEX_POINT('',#3046);
#3046 = CARTESIAN_POINT('',(5.4,0.32,8.14));
#3047 = LINE('',#3048,#3049);
#3048 = CARTESIAN_POINT('',(5.4,0.32,8.14));
#3049 = VECTOR('',#3050,1.);
#3050 = DIRECTION('',(-1.,0.,0.));
#3051 = ORIENTED_EDGE('',*,*,#3052,.T.);
#3052 = EDGE_CURVE('',#3045,#3053,#3055,.T.);
#3053 = VERTEX_POINT('',#3054);
#3054 = CARTESIAN_POINT('',(5.4,0.32,-2.5));
#3055 = LINE('',#3056,#3057);
#3056 = CARTESIAN_POINT('',(5.4,0.32,8.64));
#3057 = VECTOR('',#3058,1.);
#3058 = DIRECTION('',(-0.,-0.,-1.));
#3059 = ORIENTED_EDGE('',*,*,#3060,.T.);
#3060 = EDGE_CURVE('',#3053,#2973,#3061,.T.);
#3061 = LINE('',#3062,#3063);
#3062 = CARTESIAN_POINT('',(5.2,0.32,-2.5));
#3063 = VECTOR('',#3064,1.);
#3064 = DIRECTION('',(-1.,0.,0.));
#3065 = PLANE('',#3066);
#3066 = AXIS2_PLACEMENT_3D('',#3067,#3068,#3069);
#3067 = CARTESIAN_POINT('',(5.4,0.32,8.64));
#3068 = DIRECTION('',(0.,1.,0.));
#3069 = DIRECTION('',(-1.,0.,0.));
#3070 = ADVANCED_FACE('',(#3071),#3096,.T.);
#3071 = FACE_BOUND('',#3072,.T.);
#3072 = EDGE_LOOP('',(#3073,#3074,#3082,#3090));
#3073 = ORIENTED_EDGE('',*,*,#2982,.T.);
#3074 = ORIENTED_EDGE('',*,*,#3075,.T.);
#3075 = EDGE_CURVE('',#2975,#3076,#3078,.T.);
#3076 = VERTEX_POINT('',#3077);
#3077 = CARTESIAN_POINT('',(5.4,-0.32,-2.5));
#3078 = LINE('',#3079,#3080);
#3079 = CARTESIAN_POINT('',(4.76,-0.32,-2.5));
#3080 = VECTOR('',#3081,1.);
#3081 = DIRECTION('',(1.,0.,0.));
#3082 = ORIENTED_EDGE('',*,*,#3083,.F.);
#3083 = EDGE_CURVE('',#3084,#3076,#3086,.T.);
#3084 = VERTEX_POINT('',#3085);
#3085 = CARTESIAN_POINT('',(5.4,-0.32,8.14));
#3086 = LINE('',#3087,#3088);
#3087 = CARTESIAN_POINT('',(5.4,-0.32,8.64));
#3088 = VECTOR('',#3089,1.);
#3089 = DIRECTION('',(-0.,-0.,-1.));
#3090 = ORIENTED_EDGE('',*,*,#3091,.F.);
#3091 = EDGE_CURVE('',#2983,#3084,#3092,.T.);
#3092 = LINE('',#3093,#3094);
#3093 = CARTESIAN_POINT('',(4.76,-0.32,8.14));
#3094 = VECTOR('',#3095,1.);
#3095 = DIRECTION('',(1.,0.,0.));
#3096 = PLANE('',#3097);
#3097 = AXIS2_PLACEMENT_3D('',#3098,#3099,#3100);
#3098 = CARTESIAN_POINT('',(4.76,-0.32,8.64));
#3099 = DIRECTION('',(0.,-1.,0.));
#3100 = DIRECTION('',(1.,0.,0.));
#3101 = ADVANCED_FACE('',(#3102),#3127,.T.);
#3102 = FACE_BOUND('',#3103,.T.);
#3103 = EDGE_LOOP('',(#3104,#3112,#3113,#3121));
#3104 = ORIENTED_EDGE('',*,*,#3105,.F.);
#3105 = EDGE_CURVE('',#2991,#3106,#3108,.T.);
#3106 = VERTEX_POINT('',#3107);
#3107 = CARTESIAN_POINT('',(4.96,0.12,8.64));
#3108 = LINE('',#3109,#3110);
#3109 = CARTESIAN_POINT('',(4.886666666667,0.193333333333,8.456666666667
    ));
#3110 = VECTOR('',#3111,1.);
#3111 = DIRECTION('',(0.348155311911,-0.348155311911,0.870388279778));
#3112 = ORIENTED_EDGE('',*,*,#2990,.T.);
#3113 = ORIENTED_EDGE('',*,*,#3114,.T.);
#3114 = EDGE_CURVE('',#2983,#3115,#3117,.T.);
#3115 = VERTEX_POINT('',#3116);
#3116 = CARTESIAN_POINT('',(4.96,-0.12,8.64));
#3117 = LINE('',#3118,#3119);
#3118 = CARTESIAN_POINT('',(4.886666666667,-0.193333333333,
    8.456666666667));
#3119 = VECTOR('',#3120,1.);
#3120 = DIRECTION('',(0.348155311911,0.348155311911,0.870388279778));
#3121 = ORIENTED_EDGE('',*,*,#3122,.F.);
#3122 = EDGE_CURVE('',#3106,#3115,#3123,.T.);
#3123 = LINE('',#3124,#3125);
#3124 = CARTESIAN_POINT('',(4.96,0.32,8.64));
#3125 = VECTOR('',#3126,1.);
#3126 = DIRECTION('',(0.,-1.,0.));
#3127 = PLANE('',#3128);
#3128 = AXIS2_PLACEMENT_3D('',#3129,#3130,#3131);
#3129 = CARTESIAN_POINT('',(4.86,0.32,8.39));
#3130 = DIRECTION('',(-0.928476690885,0.,0.371390676354));
#3131 = DIRECTION('',(0.,-1.,0.));
#3132 = ADVANCED_FACE('',(#3133),#3151,.F.);
#3133 = FACE_BOUND('',#3134,.T.);
#3134 = EDGE_LOOP('',(#3135,#3143,#3144,#3145));
#3135 = ORIENTED_EDGE('',*,*,#3136,.T.);
#3136 = EDGE_CURVE('',#3137,#3013,#3139,.T.);
#3137 = VERTEX_POINT('',#3138);
#3138 = CARTESIAN_POINT('',(5.2,0.12,-3.));
#3139 = LINE('',#3140,#3141);
#3140 = CARTESIAN_POINT('',(5.2,0.12,-3.));
#3141 = VECTOR('',#3142,1.);
#3142 = DIRECTION('',(-1.,0.,0.));
#3143 = ORIENTED_EDGE('',*,*,#3012,.F.);
#3144 = ORIENTED_EDGE('',*,*,#3060,.F.);
#3145 = ORIENTED_EDGE('',*,*,#3146,.F.);
#3146 = EDGE_CURVE('',#3137,#3053,#3147,.T.);
#3147 = LINE('',#3148,#3149);
#3148 = CARTESIAN_POINT('',(5.261212121212,0.181212121212,-2.84696969697
    ));
#3149 = VECTOR('',#3150,1.);
#3150 = DIRECTION('',(0.348155311911,0.348155311911,0.870388279778));
#3151 = PLANE('',#3152);
#3152 = AXIS2_PLACEMENT_3D('',#3153,#3154,#3155);
#3153 = CARTESIAN_POINT('',(5.2,0.22,-2.75));
#3154 = DIRECTION('',(0.,-0.928476690885,0.371390676354));
#3155 = DIRECTION('',(1.,0.,0.));
#3156 = ADVANCED_FACE('',(#3157),#3175,.F.);
#3157 = FACE_BOUND('',#3158,.F.);
#3158 = EDGE_LOOP('',(#3159,#3160,#3161,#3169));
#3159 = ORIENTED_EDGE('',*,*,#3136,.T.);
#3160 = ORIENTED_EDGE('',*,*,#3029,.T.);
#3161 = ORIENTED_EDGE('',*,*,#3162,.T.);
#3162 = EDGE_CURVE('',#3022,#3163,#3165,.T.);
#3163 = VERTEX_POINT('',#3164);
#3164 = CARTESIAN_POINT('',(5.2,-0.12,-3.));
#3165 = LINE('',#3166,#3167);
#3166 = CARTESIAN_POINT('',(4.76,-0.12,-3.));
#3167 = VECTOR('',#3168,1.);
#3168 = DIRECTION('',(1.,0.,0.));
#3169 = ORIENTED_EDGE('',*,*,#3170,.T.);
#3170 = EDGE_CURVE('',#3163,#3137,#3171,.T.);
#3171 = LINE('',#3172,#3173);
#3172 = CARTESIAN_POINT('',(5.2,-0.32,-3.));
#3173 = VECTOR('',#3174,1.);
#3174 = DIRECTION('',(0.,1.,0.));
#3175 = PLANE('',#3176);
#3176 = AXIS2_PLACEMENT_3D('',#3177,#3178,#3179);
#3177 = CARTESIAN_POINT('',(5.08,-1.E-17,-3.));
#3178 = DIRECTION('',(0.,0.,1.));
#3179 = DIRECTION('',(1.,0.,0.));
#3180 = ADVANCED_FACE('',(#3181),#3192,.F.);
#3181 = FACE_BOUND('',#3182,.T.);
#3182 = EDGE_LOOP('',(#3183,#3184,#3190,#3191));
#3183 = ORIENTED_EDGE('',*,*,#3162,.T.);
#3184 = ORIENTED_EDGE('',*,*,#3185,.T.);
#3185 = EDGE_CURVE('',#3163,#3076,#3186,.T.);
#3186 = LINE('',#3187,#3188);
#3187 = CARTESIAN_POINT('',(5.273333333333,-0.193333333333,
    -2.816666666667));
#3188 = VECTOR('',#3189,1.);
#3189 = DIRECTION('',(0.348155311911,-0.348155311911,0.870388279778));
#3190 = ORIENTED_EDGE('',*,*,#3075,.F.);
#3191 = ORIENTED_EDGE('',*,*,#3021,.T.);
#3192 = PLANE('',#3193);
#3193 = AXIS2_PLACEMENT_3D('',#3194,#3195,#3196);
#3194 = CARTESIAN_POINT('',(4.76,-0.22,-2.75));
#3195 = DIRECTION('',(0.,0.928476690885,0.371390676354));
#3196 = DIRECTION('',(-1.,-0.,-0.));
#3197 = ADVANCED_FACE('',(#3198),#3216,.T.);
#3198 = FACE_BOUND('',#3199,.T.);
#3199 = EDGE_LOOP('',(#3200,#3208,#3209,#3210));
#3200 = ORIENTED_EDGE('',*,*,#3201,.F.);
#3201 = EDGE_CURVE('',#3045,#3202,#3204,.T.);
#3202 = VERTEX_POINT('',#3203);
#3203 = CARTESIAN_POINT('',(5.2,0.12,8.64));
#3204 = LINE('',#3205,#3206);
#3205 = CARTESIAN_POINT('',(5.273333333333,0.193333333333,8.456666666667
    ));
#3206 = VECTOR('',#3207,1.);
#3207 = DIRECTION('',(-0.348155311911,-0.348155311911,0.870388279778));
#3208 = ORIENTED_EDGE('',*,*,#3044,.T.);
#3209 = ORIENTED_EDGE('',*,*,#3105,.T.);
#3210 = ORIENTED_EDGE('',*,*,#3211,.F.);
#3211 = EDGE_CURVE('',#3202,#3106,#3212,.T.);
#3212 = LINE('',#3213,#3214);
#3213 = CARTESIAN_POINT('',(5.4,0.12,8.64));
#3214 = VECTOR('',#3215,1.);
#3215 = DIRECTION('',(-1.,0.,0.));
#3216 = PLANE('',#3217);
#3217 = AXIS2_PLACEMENT_3D('',#3218,#3219,#3220);
#3218 = CARTESIAN_POINT('',(5.4,0.22,8.39));
#3219 = DIRECTION('',(0.,0.928476690885,0.371390676354));
#3220 = DIRECTION('',(-1.,0.,0.));
#3221 = ADVANCED_FACE('',(#3222),#3238,.T.);
#3222 = FACE_BOUND('',#3223,.T.);
#3223 = EDGE_LOOP('',(#3224,#3225,#3231,#3232));
#3224 = ORIENTED_EDGE('',*,*,#3083,.T.);
#3225 = ORIENTED_EDGE('',*,*,#3226,.T.);
#3226 = EDGE_CURVE('',#3076,#3053,#3227,.T.);
#3227 = LINE('',#3228,#3229);
#3228 = CARTESIAN_POINT('',(5.4,-0.32,-2.5));
#3229 = VECTOR('',#3230,1.);
#3230 = DIRECTION('',(0.,1.,0.));
#3231 = ORIENTED_EDGE('',*,*,#3052,.F.);
#3232 = ORIENTED_EDGE('',*,*,#3233,.F.);
#3233 = EDGE_CURVE('',#3084,#3045,#3234,.T.);
#3234 = LINE('',#3235,#3236);
#3235 = CARTESIAN_POINT('',(5.4,-0.32,8.14));
#3236 = VECTOR('',#3237,1.);
#3237 = DIRECTION('',(0.,1.,0.));
#3238 = PLANE('',#3239);
#3239 = AXIS2_PLACEMENT_3D('',#3240,#3241,#3242);
#3240 = CARTESIAN_POINT('',(5.4,-0.32,8.64));
#3241 = DIRECTION('',(1.,0.,0.));
#3242 = DIRECTION('',(0.,1.,0.));
#3243 = ADVANCED_FACE('',(#3244),#3262,.T.);
#3244 = FACE_BOUND('',#3245,.T.);
#3245 = EDGE_LOOP('',(#3246,#3247,#3248,#3256));
#3246 = ORIENTED_EDGE('',*,*,#3114,.F.);
#3247 = ORIENTED_EDGE('',*,*,#3091,.T.);
#3248 = ORIENTED_EDGE('',*,*,#3249,.T.);
#3249 = EDGE_CURVE('',#3084,#3250,#3252,.T.);
#3250 = VERTEX_POINT('',#3251);
#3251 = CARTESIAN_POINT('',(5.2,-0.12,8.64));
#3252 = LINE('',#3253,#3254);
#3253 = CARTESIAN_POINT('',(5.273333333333,-0.193333333333,
    8.456666666667));
#3254 = VECTOR('',#3255,1.);
#3255 = DIRECTION('',(-0.348155311911,0.348155311911,0.870388279778));
#3256 = ORIENTED_EDGE('',*,*,#3257,.F.);
#3257 = EDGE_CURVE('',#3115,#3250,#3258,.T.);
#3258 = LINE('',#3259,#3260);
#3259 = CARTESIAN_POINT('',(4.76,-0.12,8.64));
#3260 = VECTOR('',#3261,1.);
#3261 = DIRECTION('',(1.,0.,0.));
#3262 = PLANE('',#3263);
#3263 = AXIS2_PLACEMENT_3D('',#3264,#3265,#3266);
#3264 = CARTESIAN_POINT('',(4.76,-0.22,8.39));
#3265 = DIRECTION('',(0.,-0.928476690885,0.371390676354));
#3266 = DIRECTION('',(1.,0.,0.));
#3267 = ADVANCED_FACE('',(#3268),#3279,.T.);
#3268 = FACE_BOUND('',#3269,.T.);
#3269 = EDGE_LOOP('',(#3270,#3271,#3277,#3278));
#3270 = ORIENTED_EDGE('',*,*,#3257,.T.);
#3271 = ORIENTED_EDGE('',*,*,#3272,.T.);
#3272 = EDGE_CURVE('',#3250,#3202,#3273,.T.);
#3273 = LINE('',#3274,#3275);
#3274 = CARTESIAN_POINT('',(5.2,-0.32,8.64));
#3275 = VECTOR('',#3276,1.);
#3276 = DIRECTION('',(0.,1.,0.));
#3277 = ORIENTED_EDGE('',*,*,#3211,.T.);
#3278 = ORIENTED_EDGE('',*,*,#3122,.T.);
#3279 = PLANE('',#3280);
#3280 = AXIS2_PLACEMENT_3D('',#3281,#3282,#3283);
#3281 = CARTESIAN_POINT('',(5.08,-1.E-17,8.64));
#3282 = DIRECTION('',(0.,0.,1.));
#3283 = DIRECTION('',(1.,0.,0.));
#3284 = ADVANCED_FACE('',(#3285),#3291,.F.);
#3285 = FACE_BOUND('',#3286,.T.);
#3286 = EDGE_LOOP('',(#3287,#3288,#3289,#3290));
#3287 = ORIENTED_EDGE('',*,*,#3170,.T.);
#3288 = ORIENTED_EDGE('',*,*,#3146,.T.);
#3289 = ORIENTED_EDGE('',*,*,#3226,.F.);
#3290 = ORIENTED_EDGE('',*,*,#3185,.F.);
#3291 = PLANE('',#3292);
#3292 = AXIS2_PLACEMENT_3D('',#3293,#3294,#3295);
#3293 = CARTESIAN_POINT('',(5.3,-0.32,-2.75));
#3294 = DIRECTION('',(-0.928476690885,0.,0.371390676354));
#3295 = DIRECTION('',(-0.,-1.,-0.));
#3296 = ADVANCED_FACE('',(#3297),#3303,.T.);
#3297 = FACE_BOUND('',#3298,.T.);
#3298 = EDGE_LOOP('',(#3299,#3300,#3301,#3302));
#3299 = ORIENTED_EDGE('',*,*,#3249,.F.);
#3300 = ORIENTED_EDGE('',*,*,#3233,.T.);
#3301 = ORIENTED_EDGE('',*,*,#3201,.T.);
#3302 = ORIENTED_EDGE('',*,*,#3272,.F.);
#3303 = PLANE('',#3304);
#3304 = AXIS2_PLACEMENT_3D('',#3305,#3306,#3307);
#3305 = CARTESIAN_POINT('',(5.3,-0.32,8.39));
#3306 = DIRECTION('',(0.928476690885,0.,0.371390676354));
#3307 = DIRECTION('',(0.,1.,0.));
#3308 = ( GEOMETRIC_REPRESENTATION_CONTEXT(3) 
GLOBAL_UNCERTAINTY_ASSIGNED_CONTEXT((#3312)) 
GLOBAL_UNIT_ASSIGNED_CONTEXT((#3309,#3310,#3311)) REPRESENTATION_CONTEXT
('Context #1','3D Context with UNIT and UNCERTAINTY') );
#3309 = ( LENGTH_UNIT() NAMED_UNIT(*) SI_UNIT(.MILLI.,.METRE.) );
#3310 = ( NAMED_UNIT(*) PLANE_ANGLE_UNIT() SI_UNIT($,.RADIAN.) );
#3311 = ( NAMED_UNIT(*) SI_UNIT($,.STERADIAN.) SOLID_ANGLE_UNIT() );
#3312 = UNCERTAINTY_MEASURE_WITH_UNIT(LENGTH_MEASURE(1.E-07),#3309,
  'distance_accuracy_value','confusion accuracy');
#3313 = CONTEXT_DEPENDENT_SHAPE_REPRESENTATION(#3314,#3316);
#3314 = ( REPRESENTATION_RELATIONSHIP('','',#2281,#10) 
REPRESENTATION_RELATIONSHIP_WITH_TRANSFORMATION(#3315) 
SHAPE_REPRESENTATION_RELATIONSHIP() );
#3315 = ITEM_DEFINED_TRANSFORMATION('','',#11,#19);
#3316 = PRODUCT_DEFINITION_SHAPE('Placement','Placement of an item',
  #3317);
#3317 = NEXT_ASSEMBLY_USAGE_OCCURRENCE('4','Pin','',#5,#2276,$);
#3318 = PRODUCT_RELATED_PRODUCT_CATEGORY('part',$,(#2278));
#3319 = MECHANICAL_DESIGN_GEOMETRIC_PRESENTATION_REPRESENTATION('',(
    #3320),#2263);
#3320 = STYLED_ITEM('color',(#3321),#37);
#3321 = PRESENTATION_STYLE_ASSIGNMENT((#3322,#3328));
#3322 = SURFACE_STYLE_USAGE(.BOTH.,#3323);
#3323 = SURFACE_SIDE_STYLE('',(#3324));
#3324 = SURFACE_STYLE_FILL_AREA(#3325);
#3325 = FILL_AREA_STYLE('',(#3326));
#3326 = FILL_AREA_STYLE_COLOUR('',#3327);
#3327 = COLOUR_RGB('',0.215686275495,0.282352953742,0.333333345507);
#3328 = CURVE_STYLE('',#3329,POSITIVE_LENGTH_MEASURE(0.1),#3330);
#3329 = DRAUGHTING_PRE_DEFINED_CURVE_FONT('continuous');
#3330 = COLOUR_RGB('',9.803921802644E-02,9.803921802644E-02,
  9.803921802644E-02);
#3331 = MECHANICAL_DESIGN_GEOMETRIC_PRESENTATION_REPRESENTATION('',(
    #3332,#3342,#3351),#3308);
#3332 = STYLED_ITEM('color',(#3333),#2282);
#3333 = PRESENTATION_STYLE_ASSIGNMENT((#3334,#3340));
#3334 = SURFACE_STYLE_USAGE(.BOTH.,#3335);
#3335 = SURFACE_SIDE_STYLE('',(#3336));
#3336 = SURFACE_STYLE_FILL_AREA(#3337);
#3337 = FILL_AREA_STYLE('',(#3338));
#3338 = FILL_AREA_STYLE_COLOUR('',#3339);
#3339 = COLOUR_RGB('',0.780392170416,0.568627474046,0.113725493293);
#3340 = CURVE_STYLE('',#3341,POSITIVE_LENGTH_MEASURE(0.1),#3330);
#3341 = DRAUGHTING_PRE_DEFINED_CURVE_FONT('continuous');
#3342 = STYLED_ITEM('color',(#3343),#2624);
#3343 = PRESENTATION_STYLE_ASSIGNMENT((#3344,#3349));
#3344 = SURFACE_STYLE_USAGE(.BOTH.,#3345);
#3345 = SURFACE_SIDE_STYLE('',(#3346));
#3346 = SURFACE_STYLE_FILL_AREA(#3347);
#3347 = FILL_AREA_STYLE('',(#3348));
#3348 = FILL_AREA_STYLE_COLOUR('',#3339);
#3349 = CURVE_STYLE('',#3350,POSITIVE_LENGTH_MEASURE(0.1),#3330);
#3350 = DRAUGHTING_PRE_DEFINED_CURVE_FONT('continuous');
#3351 = STYLED_ITEM('color',(#3352),#2966);
#3352 = PRESENTATION_STYLE_ASSIGNMENT((#3353,#3358));
#3353 = SURFACE_STYLE_USAGE(.BOTH.,#3354);
#3354 = SURFACE_SIDE_STYLE('',(#3355));
#3355 = SURFACE_STYLE_FILL_AREA(#3356);
#3356 = FILL_AREA_STYLE('',(#3357));
#3357 = FILL_AREA_STYLE_COLOUR('',#3339);
#3358 = CURVE_STYLE('',#3359,POSITIVE_LENGTH_MEASURE(0.1),#3330);
#3359 = DRAUGHTING_PRE_DEFINED_CURVE_FONT('continuous');
ENDSEC;
END-ISO-10303-21;
